filepath,n_forms,n_inputs,n_buttons,n_links,n_http_links,n_mailto_links,n_scripts,n_iframes,n_input_password,n_input_email,n_input_tel,text_len,kw_total,kw_login,kw_log_in,kw_entrar,kw_acessar,kw_senha,kw_password,kw_pix,kw_boleto,kw_cpf,kw_cartão,kw_atualizar,kw_update,kw_confirm,kw_confirmar,kw_verify,kw_verificar,kw_segurança,kw_security,kw_urgente,kw_urgency,kw_click,kw_clique,kw_conta,kw_account,kw_bank,kw_banco
datasets/CleanSet1/html/123av.com_clean.html,5,16,9,84,23,0,6,0,7,1,0,1701,34,3,0,0,0,0,18,0,0,0,0,0,1,6,0,0,0,0,0,0,0,1,0,1,4,0,0
datasets/CleanSet1/html/163.com_clean.html,0,0,0,684,619,1,22,2,0,0,0,9144,1,0,0,0,0,0,0,1,0,0,0,0,0,0,0,0,0,0,0,0,0,0,0,0,0,0,0
datasets/CleanSet1/html/166.com_clean.html,0,0,0,5,5,0,0,0,0,0,0,100,0,0,0,0,0,0,0,0,0,0,0,0,0,0,0,0,0,0,0,0,0,0,0,0,0,0,0
datasets/CleanSet1/html/1c.ru_clean.html,0,0,3,149,83,0,6,0,0,0,0,5595,0,0,0,0,0,0,0,0,0,0,0,0,0,0,0,0,0,0,0,0,0,0,0,0,0,0,0
datasets/CleanSet1/html/1drv.com_clean.html,1,1,15,113,111,0,6,0,0,0,0,12389,5,0,0,0,0,0,0,0,0,0,0,0,0,0,0,0,0,0,2,0,0,1,0,1,1,0,0
datasets/CleanSet1/html/2gis.com_clean.html,1,1,18,29,11,0,17,0,0,0,0,1561,1,1,0,0,0,0,0,0,0,0,0,0,0,0,0,0,0,0,0,0,0,0,0,0,0,0,0
datasets/CleanSet1/html/360.cn_clean.html,1,3,1,485,389,0,27,0,0,0,0,9223,0,0,0,0,0,0,0,0,0,0,0,0,0,0,0,0,0,0,0,0,0,0,0,0,0,0,0
datasets/CleanSet1/html/360safe.com_clean.html,1,3,1,441,351,0,24,0,0,0,0,7963,0,0,0,0,0,0,0,0,0,0,0,0,0,0,0,0,0,0,0,0,0,0,0,0,0,0,0
datasets/CleanSet1/html/360yield.com_clean.html,0,0,0,0,0,0,7,0,0,0,0,22,0,0,0,0,0,0,0,0,0,0,0,0,0,0,0,0,0,0,0,0,0,0,0,0,0,0,0
datasets/CleanSet1/html/3bmeteo.com_clean.html,1,2,3,278,9,0,21,0,0,0,0,5691,1,0,0,0,0,0,0,0,0,0,0,0,0,0,0,0,0,0,0,0,0,0,0,1,0,0,0
datasets/CleanSet1/html/3lift.com_clean.html,0,0,0,0,0,0,1,0,0,0,0,0,0,0,0,0,0,0,0,0,0,0,0,0,0,0,0,0,0,0,0,0,0,0,0,0,0,0,0
datasets/CleanSet1/html/66lottery20.com_clean.html,0,0,0,1,1,0,5,0,0,0,0,78,0,0,0,0,0,0,0,0,0,0,0,0,0,0,0,0,0,0,0,0,0,0,0,0,0,0,0
datasets/CleanSet1/html/9animetv.to_clean.html,4,9,5,106,3,0,9,0,3,0,0,9099,17,2,0,0,0,0,3,0,0,0,0,0,5,0,0,0,0,0,1,0,0,0,0,1,4,1,0
datasets/CleanSet1/html/a-mo.net_clean.html,0,0,0,0,0,0,1,0,0,0,0,14,0,0,0,0,0,0,0,0,0,0,0,0,0,0,0,0,0,0,0,0,0,0,0,0,0,0,0
datasets/CleanSet1/html/aajtak.in_clean.html,0,7,0,433,424,0,90,4,0,0,0,16826,1,0,0,0,0,0,0,0,0,0,0,0,0,0,0,0,0,0,0,0,0,0,0,1,0,0,0
datasets/CleanSet1/html/abc.es_clean.html,0,1,24,378,245,0,23,0,0,0,0,13652,3,0,0,0,0,0,0,0,0,0,0,0,0,1,0,0,0,0,0,0,0,0,0,2,0,0,0
datasets/CleanSet1/html/abc.net.au_clean.html,0,0,5,121,102,0,21,1,0,0,0,7662,4,0,0,0,0,0,0,0,0,0,0,0,0,0,0,0,0,0,0,0,0,0,0,2,2,0,0
datasets/CleanSet1/html/abola.pt_clean.html,2,2,38,621,588,0,17,1,0,0,0,18234,6,0,0,6,0,0,0,0,0,0,0,0,0,0,0,0,0,0,0,0,0,0,0,0,0,0,0
datasets/CleanSet1/html/about.com_clean.html,0,0,1,30,3,0,7,0,0,0,0,927,2,0,0,0,0,0,0,0,0,0,0,0,0,0,0,0,0,0,0,0,0,0,0,2,0,0,0
datasets/CleanSet1/html/aboutads.info_clean.html,0,0,1,31,5,0,31,0,0,0,0,1520,2,0,0,0,0,0,0,0,0,0,0,0,0,0,0,0,0,0,0,0,0,1,0,0,1,0,0
datasets/CleanSet1/html/absher.sa_clean.html,0,0,0,4,1,0,1,0,0,0,0,866,3,3,0,0,0,0,0,0,0,0,0,0,0,0,0,0,0,0,0,0,0,0,0,0,0,0,0
datasets/CleanSet1/html/academia.edu_clean.html,1,1,6,301,151,0,62,1,0,0,0,8452,3,1,2,0,0,0,0,0,0,0,0,0,0,0,0,0,0,0,0,0,0,0,0,0,0,0,0
datasets/CleanSet1/html/accuweather.com_clean.html,1,1,0,53,0,0,29,0,0,0,0,1183,0,0,0,0,0,0,0,0,0,0,0,0,0,0,0,0,0,0,0,0,0,0,0,0,0,0,0
datasets/CleanSet1/html/acesso.gov.br_clean.html,0,0,0,0,0,0,6,0,0,0,0,59,0,0,0,0,0,0,0,0,0,0,0,0,0,0,0,0,0,0,0,0,0,0,0,0,0,0,0
datasets/CleanSet1/html/acm.org_clean.html,2,3,0,358,101,0,25,3,0,0,0,17686,17,0,1,0,0,0,0,0,0,0,0,0,3,0,0,0,0,0,0,0,0,1,0,11,1,0,0
datasets/CleanSet1/html/acs.org_clean.html,1,1,4,159,32,2,11,0,0,0,0,5888,5,0,0,0,0,0,0,0,0,0,0,0,3,0,0,0,0,0,1,0,0,0,0,1,0,0,0
datasets/CleanSet1/html/actu.fr_clean.html,1,1,10,199,147,0,14,0,0,0,0,10861,2,0,0,0,0,0,0,0,0,0,0,0,0,0,0,0,0,0,0,0,0,0,0,2,0,0,0
datasets/CleanSet1/html/adblockplus.org_clean.html,2,4,8,73,28,0,33,0,0,0,0,4521,2,0,1,0,0,0,0,0,0,0,0,0,0,0,0,0,0,0,0,0,0,1,0,0,0,0,0
datasets/CleanSet1/html/addtoany.com_clean.html,0,0,0,71,25,0,6,0,0,0,0,2841,4,0,0,0,0,0,0,0,0,0,0,0,0,0,0,0,0,0,0,0,0,1,0,1,2,0,0
datasets/CleanSet1/html/adjust.com_clean.html,0,0,0,121,12,0,4,0,0,0,0,5671,6,0,2,0,0,0,0,0,0,0,0,0,0,0,0,0,0,0,3,0,0,0,0,1,0,0,0
datasets/CleanSet1/html/admanmedia.com_clean.html,0,0,1,35,17,0,15,0,0,0,0,177,0,0,0,0,0,0,0,0,0,0,0,0,0,0,0,0,0,0,0,0,0,0,0,0,0,0,0
datasets/CleanSet1/html/admin.ch_clean.html,2,2,17,142,44,0,10,1,0,0,0,5307,0,0,0,0,0,0,0,0,0,0,0,0,0,0,0,0,0,0,0,0,0,0,0,0,0,0,0
datasets/CleanSet1/html/adobe.io_clean.html,0,0,4,56,33,0,28,0,0,0,0,1942,0,0,0,0,0,0,0,0,0,0,0,0,0,0,0,0,0,0,0,0,0,0,0,0,0,0,0
datasets/CleanSet1/html/adriver.ru_clean.html,1,2,3,30,2,1,26,0,0,0,0,953,0,0,0,0,0,0,0,0,0,0,0,0,0,0,0,0,0,0,0,0,0,0,0,0,0,0,0
datasets/CleanSet1/html/adroll.com_clean.html,0,0,0,145,31,0,11,1,0,0,0,4343,3,0,1,0,0,0,0,0,0,0,0,0,0,0,0,0,0,0,0,0,0,0,0,0,2,0,0
datasets/CleanSet1/html/adsafeprotected.com_clean.html,0,0,0,0,0,0,0,0,0,0,0,33,0,0,0,0,0,0,0,0,0,0,0,0,0,0,0,0,0,0,0,0,0,0,0,0,0,0,0
datasets/CleanSet1/html/adsrvr.org_clean.html,0,0,0,14,13,0,3,0,0,0,0,3337,4,0,0,0,0,0,0,0,0,0,0,0,0,0,0,0,0,0,0,0,0,4,0,0,0,0,0
datasets/CleanSet1/html/adtrafficquality.google_clean.html,0,0,2,27,11,0,9,1,0,0,0,3442,4,0,0,0,0,0,0,0,0,0,0,0,0,0,0,0,0,0,0,0,0,3,0,0,1,0,0
datasets/CleanSet1/html/afternic.com_clean.html,0,0,10,39,37,0,25,0,0,0,0,2202,4,0,0,0,0,0,0,0,0,0,0,0,0,0,0,0,0,0,0,0,0,1,0,0,3,0,0
datasets/CleanSet1/html/aftonbladet.se_clean.html,0,0,2,39,3,1,17,1,0,0,0,2095,0,0,0,0,0,0,0,0,0,0,0,0,0,0,0,0,0,0,0,0,0,0,0,0,0,0,0
datasets/CleanSet1/html/agoda.com_clean.html,0,2,0,0,0,0,28,0,0,0,0,0,0,0,0,0,0,0,0,0,0,0,0,0,0,0,0,0,0,0,0,0,0,0,0,0,0,0,0
datasets/CleanSet1/html/agora.io_clean.html,0,0,2,195,54,0,29,4,0,0,0,12028,6,1,0,0,0,0,0,0,0,0,0,0,0,0,0,0,0,0,0,0,0,0,0,5,0,0,0
datasets/CleanSet1/html/airbnb.com_clean.html,1,1,2,13,0,0,53,0,0,0,0,707,1,0,0,1,0,0,0,0,0,0,0,0,0,0,0,0,0,0,0,0,0,0,0,0,0,0,0
datasets/CleanSet1/html/alibaba.com_clean.html,0,1,1,20,20,0,37,0,0,0,0,2541,1,0,0,0,0,0,0,0,0,0,0,0,0,0,0,0,0,0,0,0,0,0,0,0,0,0,1
datasets/CleanSet1/html/alidns.com_clean.html,0,0,0,26,12,0,12,0,0,0,0,972,0,0,0,0,0,0,0,0,0,0,0,0,0,0,0,0,0,0,0,0,0,0,0,0,0,0,0
datasets/CleanSet1/html/aliexpress.com_clean.html,0,1,0,76,50,0,19,0,0,0,0,1871,2,1,0,0,0,0,0,0,0,0,0,0,0,0,0,0,0,0,0,0,0,0,0,1,0,0,0
datasets/CleanSet1/html/alipaydns.com_clean.html,0,0,0,1,1,0,0,0,0,0,0,37,0,0,0,0,0,0,0,0,0,0,0,0,0,0,0,0,0,0,0,0,0,0,0,0,0,0,0
datasets/CleanSet1/html/aliyun.com_clean.html,0,0,1,89,69,0,15,0,0,0,0,1436,8,0,1,0,0,0,0,0,0,0,0,0,0,0,0,0,0,0,2,0,0,0,0,3,2,0,0
datasets/CleanSet1/html/allyonostore.com_clean.html,0,0,71,96,1,0,9,1,0,0,0,5802,4,0,0,0,0,0,0,0,0,0,0,0,0,0,0,0,0,0,0,0,0,1,0,3,0,0,0
datasets/CleanSet1/html/alphonso.tv_clean.html,0,0,0,25,18,1,37,0,0,0,0,1328,1,0,0,0,0,0,0,0,0,0,0,0,0,0,0,0,0,0,0,0,0,0,0,1,0,0,0
datasets/CleanSet1/html/alura.com.br_clean.html,2,2,35,296,80,0,44,1,0,0,0,21534,25,0,0,3,0,0,0,2,1,0,3,0,1,0,0,0,0,3,2,0,0,0,0,4,0,1,5
datasets/CleanSet1/html/amagi.tv_clean.html,0,0,0,0,0,0,0,0,0,0,0,0,0,0,0,0,0,0,0,0,0,0,0,0,0,0,0,0,0,0,0,0,0,0,0,0,0,0,0
datasets/CleanSet1/html/amazon.ca_clean.html,2,10,5,266,24,0,114,0,0,0,0,11500,3,0,0,0,0,0,0,0,0,0,0,0,1,0,0,0,0,0,1,0,0,0,0,0,1,0,0
datasets/CleanSet1/html/amazon.co.jp_clean.html,2,8,4,122,18,0,82,0,0,0,0,3866,2,0,0,0,0,0,0,0,0,0,0,0,0,0,0,0,0,0,0,0,0,1,0,0,1,0,0
datasets/CleanSet1/html/amazon.co.uk_clean.html,1,3,1,2,2,0,3,0,0,0,0,162,1,0,0,0,0,0,0,0,0,0,0,0,0,0,0,0,0,0,0,0,0,1,0,0,0,0,0
datasets/CleanSet1/html/amazon.com.au_clean.html,2,11,5,160,16,0,85,0,0,0,0,10647,3,0,0,0,0,0,0,0,0,0,0,0,0,0,0,0,0,0,1,0,0,0,0,0,2,0,0
datasets/CleanSet1/html/amazon.com.br_clean.html,2,13,3,269,15,0,134,2,0,0,0,14452,13,2,0,0,2,0,0,1,1,0,1,1,0,0,0,0,0,1,0,0,0,1,0,3,0,0,0
datasets/CleanSet1/html/amazon.com.mx_clean.html,2,4,0,20,0,0,38,0,0,0,0,584,0,0,0,0,0,0,0,0,0,0,0,0,0,0,0,0,0,0,0,0,0,0,0,0,0,0,0
datasets/CleanSet1/html/amazon.com.tr_clean.html,2,9,4,94,13,0,70,0,0,0,0,3065,1,0,0,0,0,0,0,0,0,0,0,0,0,0,0,0,0,0,0,0,0,0,0,0,0,1,0
datasets/CleanSet1/html/amazon.com_clean.html,1,3,1,2,2,0,3,0,0,0,0,153,1,0,0,0,0,0,0,0,0,0,0,0,0,0,0,0,0,0,0,0,0,1,0,0,0,0,0
datasets/CleanSet1/html/amazon.de_clean.html,1,3,1,2,2,0,3,0,0,0,0,182,0,0,0,0,0,0,0,0,0,0,0,0,0,0,0,0,0,0,0,0,0,0,0,0,0,0,0
datasets/CleanSet1/html/amazon.eg_clean.html,2,8,5,96,20,0,66,0,0,0,0,2804,3,0,0,0,0,0,0,0,0,0,0,0,1,0,0,0,0,0,0,0,0,0,0,0,2,0,0
datasets/CleanSet1/html/amazon.es_clean.html,1,3,1,2,2,0,3,0,0,0,0,168,0,0,0,0,0,0,0,0,0,0,0,0,0,0,0,0,0,0,0,0,0,0,0,0,0,0,0
datasets/CleanSet1/html/amazon.fr_clean.html,1,3,1,2,2,0,3,0,0,0,0,198,1,0,0,0,0,0,0,0,0,0,0,0,0,0,0,0,0,0,0,0,0,0,1,0,0,0,0
datasets/CleanSet1/html/amazon.in_clean.html,1,3,1,2,2,0,3,0,0,0,0,159,1,0,0,0,0,0,0,0,0,0,0,0,0,0,0,0,0,0,0,0,0,1,0,0,0,0,0
datasets/CleanSet1/html/amazon.it_clean.html,1,3,2,2,2,0,3,0,0,0,0,239,0,0,0,0,0,0,0,0,0,0,0,0,0,0,0,0,0,0,0,0,0,0,0,0,0,0,0
datasets/CleanSet1/html/amazonalexa.com_clean.html,2,12,21,167,64,0,76,0,0,0,0,13671,11,0,0,0,0,0,0,0,0,0,0,0,1,0,0,0,0,0,5,0,0,1,0,0,4,0,0
datasets/CleanSet1/html/amazonaws.com_clean.html,2,4,84,85,54,0,27,0,0,0,0,9721,17,1,0,0,0,0,0,0,0,0,0,0,0,0,0,0,0,7,1,0,0,0,0,5,0,0,3
datasets/CleanSet1/html/amazontrust.com_clean.html,0,0,0,5,2,0,4,0,0,0,0,384,3,0,0,0,0,0,0,0,0,0,0,0,0,0,0,0,0,0,0,0,0,0,0,3,0,0,0
datasets/CleanSet1/html/amazonvideo.com_clean.html,69,137,76,45,0,0,53,0,0,0,0,2386,5,3,0,0,0,0,0,0,0,0,0,0,0,0,0,0,0,0,0,0,0,0,0,2,0,0,0
datasets/CleanSet1/html/amd.com_clean.html,0,0,38,350,238,0,12,0,0,0,0,11910,5,0,0,0,0,0,0,0,0,0,0,0,0,0,0,0,0,0,0,0,0,0,0,5,0,0,0
datasets/CleanSet1/html/ameba.jp_clean.html,1,1,17,140,133,0,8,1,0,0,0,2873,0,0,0,0,0,0,0,0,0,0,0,0,0,0,0,0,0,0,0,0,0,0,0,0,0,0,0
datasets/CleanSet1/html/ameblo.jp_clean.html,0,0,3,147,145,0,18,1,0,0,0,3786,0,0,0,0,0,0,0,0,0,0,0,0,0,0,0,0,0,0,0,0,0,0,0,0,0,0,0
datasets/CleanSet1/html/americanexpress.com_clean.html,0,13,0,68,66,0,14,0,0,0,0,2016,11,0,1,0,0,0,0,0,0,0,0,0,0,0,0,0,0,0,1,0,0,0,0,2,4,3,0
datasets/CleanSet1/html/amplitude.com_clean.html,0,0,19,184,37,0,42,1,0,0,0,12171,6,1,0,1,0,0,0,0,0,0,0,0,0,0,0,0,0,2,0,0,0,0,2,0,0,0,0
datasets/CleanSet1/html/ampproject.org_clean.html,0,0,20,82,32,0,30,0,0,0,0,3594,0,0,0,0,0,0,0,0,0,0,0,0,0,0,0,0,0,0,0,0,0,0,0,0,0,0,0
datasets/CleanSet1/html/amzn.to_clean.html,2,4,0,24,0,0,39,0,0,0,0,607,1,0,0,0,0,0,0,0,0,0,0,0,0,0,0,0,0,0,0,0,0,0,0,0,1,0,0
datasets/CleanSet1/html/an1.com_clean.html,1,3,12,316,119,0,9,0,0,0,0,3356,2,0,1,0,0,0,0,0,0,0,0,0,1,0,0,0,0,0,0,0,0,0,0,0,0,0,0
datasets/CleanSet1/html/ancestry.com_clean.html,0,0,6,58,50,0,56,0,0,0,0,9174,2,0,2,0,0,0,0,0,0,0,0,0,0,0,0,0,0,0,0,0,0,0,0,0,0,0,0
datasets/CleanSet1/html/android.com_clean.html,4,88,60,83,19,0,13,1,0,0,0,9093,9,0,0,0,0,0,0,0,0,0,0,0,0,5,0,0,0,0,0,0,0,0,0,4,0,0,0
datasets/CleanSet1/html/aniview.com_clean.html,1,19,2,167,138,1,90,0,0,1,0,6767,7,2,0,0,0,0,0,0,0,0,0,0,0,0,0,0,0,0,0,0,0,0,0,5,0,0,0
datasets/CleanSet1/html/aniwatchtv.to_clean.html,1,1,0,30,0,0,8,0,0,0,0,7632,4,0,0,0,0,0,0,0,0,0,0,0,2,0,0,0,0,0,0,0,0,1,0,1,0,0,0
datasets/CleanSet1/html/antarvasna3.com_clean.html,4,11,7,200,174,0,37,2,0,1,0,8595,0,0,0,0,0,0,0,0,0,0,0,0,0,0,0,0,0,0,0,0,0,0,0,0,0,0,0
datasets/CleanSet1/html/anydesk.com_clean.html,1,5,5,156,37,0,19,1,0,1,0,6477,10,0,0,0,0,0,0,0,0,0,0,0,0,0,0,0,0,5,0,0,0,0,1,4,0,0,0
datasets/CleanSet1/html/aol.com_clean.html,4,9,35,476,464,0,72,0,0,1,0,25860,13,0,0,0,0,0,0,0,0,0,0,0,0,3,0,0,0,0,4,0,0,1,0,0,1,4,0
datasets/CleanSet1/html/apa.org_clean.html,0,0,0,0,0,0,1,0,0,0,0,0,0,0,0,0,0,0,0,0,0,0,0,0,0,0,0,0,0,0,0,0,0,0,0,0,0,0,0
datasets/CleanSet1/html/apache.org_clean.html,0,0,1,172,84,0,24,0,0,0,0,5000,2,0,0,0,0,0,0,0,0,0,0,0,0,0,0,0,0,0,0,0,0,0,0,2,0,0,0
datasets/CleanSet1/html/apnews.com_clean.html,4,4,101,1345,1230,0,59,1,0,0,0,57017,25,0,0,0,0,0,0,0,0,0,0,0,0,0,0,0,0,0,4,0,0,0,0,7,6,8,0
datasets/CleanSet1/html/apornvideo.com_clean.html,1,1,2,53,49,0,3,0,0,0,0,2378,0,0,0,0,0,0,0,0,0,0,0,0,0,0,0,0,0,0,0,0,0,0,0,0,0,0,0
datasets/CleanSet1/html/appcenter.ms_clean.html,0,0,0,14,7,0,3,0,0,0,0,1534,0,0,0,0,0,0,0,0,0,0,0,0,0,0,0,0,0,0,0,0,0,0,0,0,0,0,0
datasets/CleanSet1/html/apple.com_clean.html,1,5,18,120,15,0,15,0,0,0,0,4614,9,0,0,0,0,0,0,0,0,0,0,0,0,0,0,0,0,0,0,0,0,0,0,1,5,3,0
datasets/CleanSet1/html/apple.news_clean.html,0,0,0,2,2,0,2,0,0,0,0,95,0,0,0,0,0,0,0,0,0,0,0,0,0,0,0,0,0,0,0,0,0,0,0,0,0,0,0
datasets/CleanSet1/html/applovin.com_clean.html,0,0,0,17,12,0,22,0,0,0,0,233,0,0,0,0,0,0,0,0,0,0,0,0,0,0,0,0,0,0,0,0,0,0,0,0,0,0,0
datasets/CleanSet1/html/appsflyer.com_clean.html,0,0,2,158,152,0,26,2,0,0,0,8130,6,1,0,0,0,0,0,0,0,0,0,0,0,0,0,0,0,0,1,0,0,2,0,2,0,0,0
datasets/CleanSet1/html/appspot.com_clean.html,1,8,4,1,1,0,22,0,1,1,0,285,3,2,0,0,0,0,0,0,0,0,0,0,0,0,0,0,0,0,0,0,0,0,0,1,0,0,0
datasets/CleanSet1/html/arabx.cam_clean.html,1,1,1,128,122,0,8,0,0,0,0,4627,0,0,0,0,0,0,0,0,0,0,0,0,0,0,0,0,0,0,0,0,0,0,0,0,0,0,0
datasets/CleanSet1/html/arbada.com_clean.html,1,1,1,133,122,0,6,0,0,0,0,4573,0,0,0,0,0,0,0,0,0,0,0,0,0,0,0,0,0,0,0,0,0,0,0,0,0,0,0
datasets/CleanSet1/html/arcgis.com_clean.html,0,0,0,5,4,0,6,0,0,0,0,13,0,0,0,0,0,0,0,0,0,0,0,0,0,0,0,0,0,0,0,0,0,0,0,0,0,0,0
datasets/CleanSet1/html/archive.org_clean.html,0,0,0,0,0,0,3,0,0,0,0,145,0,0,0,0,0,0,0,0,0,0,0,0,0,0,0,0,0,0,0,0,0,0,0,0,0,0,0
datasets/CleanSet1/html/archiveofourown.org_clean.html,2,7,0,76,9,0,17,0,1,0,0,3274,10,0,1,0,0,0,2,0,0,0,0,0,4,0,0,0,0,0,0,0,0,0,0,1,2,0,0
datasets/CleanSet1/html/argos.co.uk_clean.html,2,7,12,1043,90,0,23,1,0,0,0,23826,10,0,0,0,0,0,0,0,0,0,0,0,0,0,0,0,0,0,3,0,0,0,0,2,4,1,0
datasets/CleanSet1/html/armgs.team_clean.html,0,0,1,40,9,0,44,1,0,0,0,2878,0,0,0,0,0,0,0,0,0,0,0,0,0,0,0,0,0,0,0,0,0,0,0,0,0,0,0
datasets/CleanSet1/html/arstechnica.com_clean.html,5,15,25,200,187,1,26,1,0,0,0,9197,11,0,0,0,0,0,0,0,0,0,0,0,4,0,0,0,0,0,3,0,0,2,0,2,0,0,0
datasets/CleanSet1/html/arxiv.org_clean.html,3,8,9,261,54,0,5,0,0,0,0,7124,9,2,0,0,0,0,0,0,0,0,0,0,0,0,0,0,0,0,1,0,0,3,0,3,0,0,0
datasets/CleanSet1/html/asu.edu_clean.html,1,9,4,64,59,0,10,1,0,0,0,5081,3,0,0,0,0,0,0,0,0,0,0,0,0,0,0,0,0,0,2,0,0,0,0,1,0,0,0
datasets/CleanSet1/html/asuracomic.net_clean.html,0,1,13,584,5,0,58,0,0,0,0,13875,6,3,0,0,0,0,0,0,0,0,0,0,3,0,0,0,0,0,0,0,0,0,0,0,0,0,0
datasets/CleanSet1/html/asus.com_clean.html,0,1,2,104,104,0,30,1,0,0,0,2057,3,0,0,0,0,0,0,0,0,0,0,0,0,0,0,0,0,0,0,0,0,0,0,0,2,1,0
datasets/CleanSet1/html/atlassian.com_clean.html,0,0,52,333,12,0,8,0,0,0,0,17255,13,0,0,0,0,0,0,0,0,0,0,0,3,0,0,0,0,0,8,0,0,0,0,1,1,0,0
datasets/CleanSet1/html/atlassian.net_clean.html,1,1,28,180,35,0,23,0,0,0,0,8252,9,0,0,0,0,0,0,0,0,0,0,0,1,0,0,0,0,0,6,0,0,0,0,1,1,0,0
datasets/CleanSet1/html/att.com_clean.html,1,2,21,29,1,0,32,0,0,0,0,1783,1,0,0,0,0,0,0,0,0,0,0,0,0,0,0,0,0,0,0,0,0,0,0,0,1,0,0
datasets/CleanSet1/html/att.net_clean.html,2,10,143,514,475,0,74,0,0,0,0,9974,3,0,0,0,0,0,0,0,0,0,0,0,1,0,0,0,0,0,1,0,0,0,0,0,0,1,0
datasets/CleanSet1/html/attn.tv_clean.html,0,0,6,231,28,0,21,1,0,0,0,14934,8,0,0,0,0,0,0,0,0,0,0,0,6,0,0,0,0,0,2,0,0,0,0,0,0,0,0
datasets/CleanSet1/html/aucey.com_clean.html,0,0,0,9,6,0,3,0,0,0,0,1654,4,0,0,0,0,0,0,0,0,0,0,0,0,0,0,1,0,0,0,0,0,0,0,3,0,0,0
datasets/CleanSet1/html/autodesk.com_clean.html,0,3,38,256,147,0,48,0,0,0,0,8131,8,0,0,0,0,0,0,0,0,0,0,0,1,0,0,0,0,0,0,0,0,0,0,4,3,0,0
datasets/CleanSet1/html/avast.com_clean.html,0,0,29,245,104,0,34,0,0,0,0,14003,48,0,0,0,0,0,0,0,0,0,0,0,0,0,0,0,0,29,10,0,0,1,3,5,0,0,0
datasets/CleanSet1/html/avira.com_clean.html,0,0,8,201,53,0,27,1,0,0,0,30825,68,0,0,1,0,4,6,0,0,0,0,1,8,0,0,0,1,24,13,0,0,0,4,6,0,0,0
datasets/CleanSet1/html/avito.ru_clean.html,0,1,3,127,17,0,44,1,0,0,0,2879,0,0,0,0,0,0,0,0,0,0,0,0,0,0,0,0,0,0,0,0,0,0,0,0,0,0,0
datasets/CleanSet1/html/az24.vn_clean.html,3,9,4,186,87,0,17,0,0,0,0,10476,0,0,0,0,0,0,0,0,0,0,0,0,0,0,0,0,0,0,0,0,0,0,0,0,0,0,0
datasets/CleanSet1/html/azure.com_clean.html,2,2,93,357,331,0,69,0,0,0,0,17699,23,0,0,0,0,0,0,0,0,0,0,0,0,0,0,0,0,0,11,0,0,0,0,10,2,0,0
datasets/CleanSet1/html/azure.net_clean.html,1,1,86,327,310,0,62,0,0,0,0,19008,42,0,0,1,0,0,0,0,0,0,0,0,0,0,0,0,0,18,1,0,0,0,0,5,0,0,17
datasets/CleanSet1/html/b-cdn.net_clean.html,0,0,0,193,30,2,13,0,0,0,0,9581,35,2,0,0,0,0,0,0,0,0,0,0,1,0,0,0,0,0,18,0,0,5,0,9,0,0,0
datasets/CleanSet1/html/baidu.com_clean.html,1,15,1,61,49,0,32,0,0,0,0,253870,275,4,0,0,0,0,0,1,0,0,0,0,12,0,0,0,0,0,0,0,0,1,0,257,0,0,0
datasets/CleanSet1/html/bakecaincontrii.com_clean.html,0,0,23,58,36,0,6,0,0,0,0,2845,1,0,0,0,0,0,0,0,0,0,0,0,0,0,0,0,0,0,0,0,0,0,0,1,0,0,0
datasets/CleanSet1/html/bakusai.com_clean.html,0,1,2,26,3,0,11,0,0,0,0,644,0,0,0,0,0,0,0,0,0,0,0,0,0,0,0,0,0,0,0,0,0,0,0,0,0,0,0
datasets/CleanSet1/html/bankofamerica.com_clean.html,4,3,9,50,18,0,8,0,0,1,0,3986,27,0,0,0,0,0,0,0,0,0,0,0,0,0,0,0,0,0,9,0,0,0,0,1,4,13,0
datasets/CleanSet1/html/banxia.la_clean.html,1,1,1,150,114,0,11,0,0,0,0,5093,0,0,0,0,0,0,0,0,0,0,0,0,0,0,0,0,0,0,0,0,0,0,0,0,0,0,0
datasets/CleanSet1/html/barnesandnoble.com_clean.html,0,11,0,630,75,0,48,1,0,0,0,12760,0,0,0,0,0,0,0,0,0,0,0,0,0,0,0,0,0,0,0,0,0,0,0,0,0,0,0
datasets/CleanSet1/html/bato.to_clean.html,1,1,7,302,58,1,15,1,0,0,0,7842,2,0,0,0,0,0,0,0,0,0,0,0,1,0,0,0,0,0,0,0,0,0,0,1,0,0,0
datasets/CleanSet1/html/battwo.com_clean.html,1,1,7,302,58,0,16,1,0,0,0,7840,2,0,0,0,0,0,0,0,0,0,0,0,1,0,0,0,0,0,0,0,0,0,0,1,0,0,0
datasets/CleanSet1/html/bb2r.com_clean.html,0,0,0,8,1,0,1,0,0,0,0,2147,2,0,0,0,0,0,0,0,0,0,0,0,0,1,0,0,0,0,0,0,0,0,0,1,0,0,0
datasets/CleanSet1/html/bbc.co.uk_clean.html,0,0,25,197,57,0,56,0,0,0,0,11513,8,0,0,0,0,0,0,0,0,0,0,0,1,1,0,0,0,0,0,0,0,0,0,1,3,2,0
datasets/CleanSet1/html/bbc.com_clean.html,0,1,33,235,42,0,24,0,0,0,0,13629,6,0,0,0,0,0,0,0,0,0,0,0,0,1,0,1,0,0,0,0,0,1,0,1,2,0,0
datasets/CleanSet1/html/beboo.ru_clean.html,1,7,1,26,9,0,7,0,0,1,0,3733,0,0,0,0,0,0,0,0,0,0,0,0,0,0,0,0,0,0,0,0,0,0,0,0,0,0,0
datasets/CleanSet1/html/beeline.ru_clean.html,1,2,8,54,15,0,39,0,0,0,0,1701,0,0,0,0,0,0,0,0,0,0,0,0,0,0,0,0,0,0,0,0,0,0,0,0,0,0,0
datasets/CleanSet1/html/beget.com_clean.html,0,0,0,0,0,0,1,0,0,0,0,0,0,0,0,0,0,0,0,0,0,0,0,0,0,0,0,0,0,0,0,0,0,0,0,0,0,0,0
datasets/CleanSet1/html/beget.ru_clean.html,0,0,0,0,0,0,1,0,0,0,0,0,0,0,0,0,0,0,0,0,0,0,0,0,0,0,0,0,0,0,0,0,0,0,0,0,0,0,0
datasets/CleanSet1/html/berkeley.edu_clean.html,2,2,4,116,107,0,21,0,0,0,0,6124,1,0,0,0,0,0,0,0,0,0,0,0,0,0,0,0,0,0,0,0,0,0,0,1,0,0,0
datasets/CleanSet1/html/betika.com_clean.html,0,0,0,0,0,0,12,1,0,0,0,68,0,0,0,0,0,0,0,0,0,0,0,0,0,0,0,0,0,0,0,0,0,0,0,0,0,0,0
datasets/CleanSet1/html/betpawa.ug_clean.html,0,0,0,0,0,0,10,0,0,0,0,168,0,0,0,0,0,0,0,0,0,0,0,0,0,0,0,0,0,0,0,0,0,0,0,0,0,0,0
datasets/CleanSet1/html/betway.co.za_clean.html,0,0,0,0,0,0,6,0,0,0,0,6,0,0,0,0,0,0,0,0,0,0,0,0,0,0,0,0,0,0,0,0,0,0,0,0,0,0,0
datasets/CleanSet1/html/betweendigital.com_clean.html,0,0,0,0,0,0,5,1,0,0,0,0,0,0,0,0,0,0,0,0,0,0,0,0,0,0,0,0,0,0,0,0,0,0,0,0,0,0,0
datasets/CleanSet1/html/bfmtv.com_clean.html,0,0,7,408,128,0,58,0,0,0,0,28204,9,0,0,0,0,0,0,0,0,0,0,0,0,5,0,0,0,0,0,0,0,0,0,3,0,1,0
datasets/CleanSet1/html/bhojpurisex.site_clean.html,4,11,5,175,159,0,18,0,1,0,0,5481,10,3,0,0,0,0,5,0,0,0,0,0,0,0,0,0,0,0,0,0,0,0,0,0,2,0,0
datasets/CleanSet1/html/biblegateway.com_clean.html,3,16,3,83,17,2,19,0,0,0,0,13041,9,0,2,0,0,0,0,0,0,0,0,0,2,0,0,0,0,0,0,0,0,0,0,1,4,0,0
datasets/CleanSet1/html/bidmachine.io_clean.html,0,0,0,20,7,0,6,0,0,0,0,2715,1,0,1,0,0,0,0,0,0,0,0,0,0,0,0,0,0,0,0,0,0,0,0,0,0,0,0
datasets/CleanSet1/html/bikewale.com_clean.html,0,5,72,229,13,0,65,2,0,0,0,11287,4,1,1,0,0,0,0,0,0,0,0,0,2,0,0,0,0,0,0,0,0,0,0,0,0,0,0
datasets/CleanSet1/html/bild.de_clean.html,1,1,32,741,448,0,21,0,0,0,0,23562,6,1,0,0,0,0,0,0,0,0,0,0,0,0,0,0,0,0,0,0,0,0,0,0,0,5,0
datasets/CleanSet1/html/bilibili.com_clean.html,1,1,2,98,21,0,20,0,0,0,0,806,0,0,0,0,0,0,0,0,0,0,0,0,0,0,0,0,0,0,0,0,0,0,0,0,0,0,0
datasets/CleanSet1/html/bilibili.tv_clean.html,0,0,0,1,0,0,10,0,0,0,0,73,0,0,0,0,0,0,0,0,0,0,0,0,0,0,0,0,0,0,0,0,0,0,0,0,0,0,0
datasets/CleanSet1/html/bing.com_clean.html,1,1,0,36,3,0,18,0,0,0,0,356,1,0,0,1,0,0,0,0,0,0,0,0,0,0,0,0,0,0,0,0,0,0,0,0,0,0,0
datasets/CleanSet1/html/biomedcentral.com_clean.html,1,2,2,42,21,0,9,0,0,0,0,2408,2,0,0,0,0,0,0,0,0,0,0,0,0,0,0,0,0,0,0,0,0,0,0,1,1,0,0
datasets/CleanSet1/html/bit.ly_clean.html,4,19,5,196,185,0,23,0,0,0,0,10249,18,0,2,0,0,0,0,0,0,0,0,0,1,1,0,0,0,0,2,0,0,8,0,2,1,1,0
datasets/CleanSet1/html/bitdefender.net_clean.html,0,3,4,251,102,0,23,2,0,0,0,8983,49,0,0,3,0,0,1,0,0,0,0,0,0,0,0,0,0,21,20,0,0,0,0,4,0,0,0
datasets/CleanSet1/html/bitrix24.ru_clean.html,1,4,0,224,63,0,61,0,0,0,0,52279,0,0,0,0,0,0,0,0,0,0,0,0,0,0,0,0,0,0,0,0,0,0,0,0,0,0,0
datasets/CleanSet1/html/blic.rs_clean.html,2,2,2,478,439,2,28,5,0,0,0,15484,1,0,0,0,0,0,0,0,0,0,0,0,0,0,0,0,0,0,0,0,0,0,0,0,0,1,0
datasets/CleanSet1/html/blogger.com_clean.html,0,0,0,16,0,0,2,0,0,0,0,3233,3,2,0,0,0,0,0,0,0,0,0,0,0,0,0,0,0,0,0,0,0,0,1,0,0,0,0
datasets/CleanSet1/html/blogspot.com_clean.html,0,0,0,16,0,0,2,0,0,0,0,3233,3,2,0,0,0,0,0,0,0,0,0,0,0,0,0,0,0,0,0,0,0,0,1,0,0,0,0
datasets/CleanSet1/html/bloomberg.com_clean.html,0,2,18,367,164,0,82,2,0,0,0,14422,16,4,0,0,0,0,0,0,0,0,0,0,4,0,0,0,0,0,0,0,0,1,0,3,1,3,0
datasets/CleanSet1/html/boardgamearena.com_clean.html,0,0,0,30,25,0,12,1,0,0,0,21903,3,0,0,0,0,0,0,2,0,0,0,0,0,0,0,0,0,0,0,0,0,0,0,1,0,0,0
datasets/CleanSet1/html/booking.com_clean.html,1,3,17,224,220,0,150,1,0,0,0,6694,14,6,0,0,1,0,0,0,0,0,0,0,0,0,0,0,0,1,0,0,0,0,0,6,0,0,0
datasets/CleanSet1/html/bootstrapcdn.com_clean.html,0,24,7,47,40,0,4,1,0,0,0,1137,24,0,0,0,0,0,0,0,0,0,0,0,0,0,0,0,0,0,0,0,0,24,0,0,0,0,0
datasets/CleanSet1/html/botinok.porn_clean.html,0,0,0,244,2,0,5,0,0,0,0,2923,1,0,0,0,0,0,0,0,0,0,0,0,0,0,0,0,0,0,0,0,0,0,0,1,0,0,0
datasets/CleanSet1/html/box.com_clean.html,0,0,13,195,57,0,33,1,0,0,0,8690,18,0,2,0,0,0,0,0,0,0,0,0,0,0,0,0,0,0,12,0,0,0,0,4,0,0,0
datasets/CleanSet1/html/boyfriendtv.com_clean.html,1,5,13,795,34,0,24,3,0,0,0,18683,9,2,0,0,0,0,0,0,0,0,0,0,0,1,0,1,0,0,0,0,0,3,0,2,0,0,0
datasets/CleanSet1/html/bpexch.net_clean.html,1,5,1,2,1,0,10,0,1,0,0,18,2,2,0,0,0,0,0,0,0,0,0,0,0,0,0,0,0,0,0,0,0,0,0,0,0,0,0
datasets/CleanSet1/html/branch.io_clean.html,1,0,2,120,94,0,24,1,0,0,0,6395,4,0,0,0,0,0,0,0,0,0,0,0,0,0,0,0,0,0,2,0,0,0,0,2,0,0,0
datasets/CleanSet1/html/brave.com_clean.html,1,12,10,141,52,4,19,0,0,0,0,10461,8,0,1,0,0,0,0,0,0,0,0,0,1,0,0,0,0,0,3,0,0,2,0,1,0,0,0
datasets/CleanSet1/html/braze.com_clean.html,0,0,34,148,21,0,62,1,0,0,0,7687,9,1,1,0,0,0,0,0,0,0,0,0,2,0,0,0,0,0,0,0,0,1,0,3,1,0,0
datasets/CleanSet1/html/britannica.com_clean.html,4,7,21,260,145,0,34,2,0,1,0,11226,8,2,0,0,0,0,0,0,0,0,0,0,0,0,0,0,0,0,0,0,0,4,0,1,1,0,0
datasets/CleanSet1/html/bsky.app_clean.html,0,0,0,2,2,0,2,0,0,0,0,250,0,0,0,0,0,0,0,0,0,0,0,0,0,0,0,0,0,0,0,0,0,0,0,0,0,0,0
datasets/CleanSet1/html/business.site_clean.html,0,0,28,146,133,0,12,0,0,0,0,13409,38,5,0,0,0,0,0,0,0,0,0,1,0,0,0,0,1,0,0,0,0,0,0,31,0,0,0
datasets/CleanSet1/html/businessinsider.com_clean.html,1,1,15,222,94,0,31,3,0,0,0,8734,4,0,1,0,0,0,0,0,0,0,0,0,0,0,0,0,0,0,0,0,0,0,0,1,2,0,0
datasets/CleanSet1/html/buzzfeed.com_clean.html,0,0,55,123,120,0,29,1,0,0,0,3312,1,0,0,0,0,0,0,0,0,0,0,0,0,0,0,0,0,0,0,0,0,0,0,1,0,0,0
datasets/CleanSet1/html/ca.gov_clean.html,2,2,6,56,20,0,6,0,0,0,0,2432,2,0,0,0,0,0,0,0,0,0,0,0,1,0,0,0,0,0,0,0,0,0,0,1,0,0,0
datasets/CleanSet1/html/cafef.vn_clean.html,0,8,0,109,3,0,36,2,0,0,0,6180,2,0,0,0,0,0,0,0,0,0,0,0,0,0,0,0,0,0,0,0,0,0,0,0,0,2,0
datasets/CleanSet1/html/caixa.gov.br_clean.html,1,29,22,284,64,0,55,1,0,0,0,7719,27,0,0,0,1,0,0,2,1,2,5,0,0,0,0,0,0,3,0,0,0,0,0,12,0,0,1
datasets/CleanSet1/html/calculator.net_clean.html,1,3,0,56,0,0,2,0,0,0,0,2249,1,0,0,0,0,0,1,0,0,0,0,0,0,0,0,0,0,0,0,0,0,0,0,0,0,0,0
datasets/CleanSet1/html/calendly.com_clean.html,0,0,0,0,0,0,31,0,0,0,0,54,0,0,0,0,0,0,0,0,0,0,0,0,0,0,0,0,0,0,0,0,0,0,0,0,0,0,0
datasets/CleanSet1/html/cam4.com_clean.html,0,2,115,524,24,0,16,1,0,0,0,10485,3,1,0,0,0,0,0,0,0,0,0,0,0,0,0,0,0,0,0,0,0,0,0,2,0,0,0
datasets/CleanSet1/html/canada.ca_clean.html,0,0,0,4,0,0,6,0,0,0,0,165,0,0,0,0,0,0,0,0,0,0,0,0,0,0,0,0,0,0,0,0,0,0,0,0,0,0,0
datasets/CleanSet1/html/capcut.com_clean.html,0,0,1,156,7,0,41,1,0,0,0,5613,4,0,0,0,0,0,0,0,0,0,0,0,0,0,0,0,0,0,0,0,0,4,0,0,0,0,0
datasets/CleanSet1/html/cardgames.io_clean.html,0,8,7,148,12,3,21,0,0,0,0,7710,13,2,0,0,0,0,1,0,0,0,0,0,0,0,0,0,0,0,1,0,0,1,0,8,0,0,0
datasets/CleanSet1/html/carsensor.net_clean.html,3,75,76,529,112,0,60,2,0,0,0,20723,0,0,0,0,0,0,0,0,0,0,0,0,0,0,0,0,0,0,0,0,0,0,0,0,0,0,0
datasets/CleanSet1/html/carwale.com_clean.html,0,3,9,188,11,0,73,1,0,0,0,9548,2,0,0,0,0,0,0,0,0,0,0,0,2,0,0,0,0,0,0,0,0,0,0,0,0,0,0
datasets/CleanSet1/html/casalemedia.com_clean.html,1,1,5,125,125,0,16,1,0,0,0,4943,7,3,0,0,0,0,0,0,0,0,0,0,0,0,0,0,0,0,0,0,0,0,0,3,1,0,0
datasets/CleanSet1/html/cbsnews.com_clean.html,0,0,11,294,155,0,15,5,0,0,0,33735,11,0,0,0,0,0,0,0,0,0,0,0,3,4,0,0,0,0,4,0,0,0,0,0,0,0,0
datasets/CleanSet1/html/cdc.gov_clean.html,3,3,12,259,148,0,12,0,0,0,0,5595,7,0,0,0,0,0,0,0,0,0,0,0,0,0,0,0,0,0,1,0,0,0,0,6,0,0,0
datasets/CleanSet1/html/cdiscount.com_clean.html,0,0,0,1,0,0,2,0,0,0,0,301,0,0,0,0,0,0,0,0,0,0,0,0,0,0,0,0,0,0,0,0,0,0,0,0,0,0,0
datasets/CleanSet1/html/cdnvideo.ru_clean.html,2,8,3,533,25,4,36,0,0,0,0,13136,0,0,0,0,0,0,0,0,0,0,0,0,0,0,0,0,0,0,0,0,0,0,0,0,0,0,0
datasets/CleanSet1/html/change.org_clean.html,0,0,6,93,31,0,34,0,0,0,0,4223,3,0,0,1,0,0,0,0,0,0,0,0,0,0,0,0,0,0,0,1,0,0,0,1,0,0,0
datasets/CleanSet1/html/character.ai_clean.html,0,0,0,0,0,0,14,0,0,0,0,71,0,0,0,0,0,0,0,0,0,0,0,0,0,0,0,0,0,0,0,0,0,0,0,0,0,0,0
datasets/CleanSet1/html/chaturbate.com_clean.html,12,48,0,158,14,0,50,0,0,0,0,5554,6,0,1,0,0,0,0,1,0,0,0,0,0,0,0,0,0,0,1,0,0,1,0,1,1,0,0
datasets/CleanSet1/html/checkpoint.com_clean.html,1,1,1,260,165,0,36,1,0,0,0,7891,59,0,1,0,0,0,0,0,0,0,0,0,0,0,0,0,0,0,51,0,0,0,0,6,1,0,0
datasets/CleanSet1/html/chess.com_clean.html,0,1,3,39,38,0,25,0,0,0,0,996,2,0,2,0,0,0,0,0,0,0,0,0,0,0,0,0,0,0,0,0,0,0,0,0,0,0,0
datasets/CleanSet1/html/chinamobile.com_clean.html,0,0,0,0,0,0,2,0,0,0,0,0,0,0,0,0,0,0,0,0,0,0,0,0,0,0,0,0,0,0,0,0,0,0,0,0,0,0,0
datasets/CleanSet1/html/cisco.com_clean.html,0,0,33,69,36,0,21,0,0,0,0,3598,10,0,2,0,0,0,0,0,0,0,0,0,1,0,0,0,0,0,6,0,0,0,0,1,0,0,0
datasets/CleanSet1/html/clarity.ms_clean.html,0,0,0,0,0,0,0,0,0,0,0,2,0,0,0,0,0,0,0,0,0,0,0,0,0,0,0,0,0,0,0,0,0,0,0,0,0,0,0
datasets/CleanSet1/html/classlink.com_clean.html,2,4,0,142,15,0,26,0,0,1,0,8687,38,2,0,0,0,0,2,0,0,0,0,0,0,0,0,1,0,0,20,0,0,4,0,2,6,1,0
datasets/CleanSet1/html/clevelandclinic.org_clean.html,0,0,1,143,29,0,16,1,0,0,0,5053,2,0,0,0,0,0,0,0,0,0,0,0,2,0,0,0,0,0,0,0,0,0,0,0,0,0,0
datasets/CleanSet1/html/clever.com_clean.html,0,0,9,192,167,0,18,1,0,0,0,4911,15,0,4,0,0,0,0,0,0,0,0,0,2,0,0,0,0,0,7,0,0,0,0,1,1,0,0
datasets/CleanSet1/html/cloud.com_clean.html,0,0,0,19,9,1,10,0,0,0,0,845,2,0,0,0,0,0,0,1,0,0,0,0,0,0,0,0,0,0,0,0,0,0,0,1,0,0,0
datasets/CleanSet1/html/cloud.microsoft_clean.html,0,0,31,174,171,0,18,0,0,0,0,12574,22,2,0,3,1,0,0,0,0,0,0,0,0,0,0,0,0,5,0,0,0,2,0,6,2,0,1
datasets/CleanSet1/html/cloudflare-dns.com_clean.html,0,0,6,42,16,1,2,0,0,0,0,6216,24,0,0,0,0,0,1,0,0,0,0,0,0,0,0,0,0,0,1,0,0,21,0,0,1,0,0
datasets/CleanSet1/html/cloudflare.com_clean.html,0,0,19,283,53,0,31,0,0,0,0,13255,35,0,1,0,0,0,0,0,0,0,0,0,0,0,0,0,0,0,22,0,0,0,0,6,5,1,0
datasets/CleanSet1/html/cloudflareinsights.com_clean.html,0,0,0,1,1,0,0,0,0,0,0,41,0,0,0,0,0,0,0,0,0,0,0,0,0,0,0,0,0,0,0,0,0,0,0,0,0,0,0
datasets/CleanSet1/html/cloudinary.com_clean.html,0,0,1,155,50,0,32,1,0,0,0,5868,5,1,0,0,0,0,0,0,0,0,0,0,0,0,0,0,0,0,0,0,0,1,0,3,0,0,0
datasets/CleanSet1/html/cloudns.net_clean.html,1,1,12,260,4,0,16,0,0,0,0,20282,12,0,1,0,0,0,0,0,0,0,0,0,0,0,0,0,0,0,1,0,0,2,0,5,2,1,0
datasets/CleanSet1/html/cmoa.jp_clean.html,2,9,0,725,90,0,22,1,0,0,0,9464,0,0,0,0,0,0,0,0,0,0,0,0,0,0,0,0,0,0,0,0,0,0,0,0,0,0,0
datasets/CleanSet1/html/cmu.edu_clean.html,0,0,19,130,83,0,15,1,0,0,0,7252,2,0,0,0,0,0,0,0,0,0,0,0,0,0,0,0,0,0,2,0,0,0,0,0,0,0,0
datasets/CleanSet1/html/cnbc.com_clean.html,1,1,29,402,255,0,6,0,0,0,0,11987,8,0,0,0,0,0,0,0,0,0,0,0,0,0,0,0,0,0,2,0,0,0,0,2,1,3,0
datasets/CleanSet1/html/cnet.com_clean.html,1,2,4,739,29,1,68,0,0,1,0,28075,36,0,0,0,0,0,2,8,0,0,0,0,0,1,0,0,0,0,20,0,0,0,0,2,2,1,0
datasets/CleanSet1/html/cnn.com_clean.html,3,19,22,479,310,0,12,0,0,0,0,12360,13,0,0,0,0,0,0,0,0,0,0,0,1,0,0,0,0,0,0,0,0,0,0,0,12,0,0
datasets/CleanSet1/html/cnnbrasil.com.br_clean.html,2,17,13,432,428,0,45,0,0,1,0,14121,8,0,0,0,2,0,0,0,0,0,0,0,0,2,1,0,0,1,0,0,0,0,0,1,0,0,1
datasets/CleanSet1/html/com.se_clean.html,0,1,4,1,1,0,3,0,0,0,0,504,0,0,0,0,0,0,0,0,0,0,0,0,0,0,0,0,0,0,0,0,0,0,0,0,0,0,0
datasets/CleanSet1/html/conectate.com.do_clean.html,1,1,3,134,122,0,42,0,0,0,0,3224,1,0,0,0,0,0,0,0,0,0,0,0,0,0,0,0,0,0,0,0,0,0,0,1,0,0,0
datasets/CleanSet1/html/connatix.com_clean.html,2,20,2,142,130,0,38,1,0,0,0,9706,7,2,0,0,0,0,0,0,0,0,0,0,1,0,0,0,0,0,2,0,0,0,0,2,0,0,0
datasets/CleanSet1/html/consultant.ru_clean.html,1,2,0,88,10,2,7,0,0,0,0,3700,2,0,0,0,0,0,0,0,0,0,0,0,0,0,0,0,0,0,0,0,0,0,0,2,0,0,0
datasets/CleanSet1/html/contextweb.com_clean.html,0,0,0,0,0,0,0,0,0,0,0,0,0,0,0,0,0,0,0,0,0,0,0,0,0,0,0,0,0,0,0,0,0,0,0,0,0,0,0
datasets/CleanSet1/html/conviva.com_clean.html,1,1,9,194,160,0,25,1,0,0,0,18267,5,0,0,0,0,0,0,0,0,0,0,0,1,0,0,0,0,0,0,0,0,0,0,4,0,0,0
datasets/CleanSet1/html/cookiedatabase.org_clean.html,2,12,11,45,29,0,28,0,0,0,0,6719,4,0,0,0,0,0,0,1,0,0,0,0,0,0,0,0,0,0,1,0,0,0,0,2,0,0,0
datasets/CleanSet1/html/cookielaw.org_clean.html,2,2,38,144,8,0,14,0,0,0,0,7708,12,1,0,0,0,0,0,1,0,0,0,0,2,0,0,0,0,0,0,0,0,0,0,8,0,0,0
datasets/CleanSet1/html/cookpad.com_clean.html,2,4,4,73,6,0,16,0,0,0,0,1949,3,3,0,0,0,0,0,0,0,0,0,0,0,0,0,0,0,0,0,0,0,0,0,0,0,0,0
datasets/CleanSet1/html/cornell.edu_clean.html,1,1,16,153,93,0,23,1,0,0,0,4733,1,0,0,0,0,0,0,0,0,0,0,0,0,0,0,0,0,0,0,0,0,0,0,1,0,0,0
datasets/CleanSet1/html/corriere.it_clean.html,3,5,5,1205,1137,0,36,2,0,0,0,53433,22,2,0,0,0,0,0,0,0,0,0,0,0,0,0,0,1,0,0,0,0,1,0,16,1,0,1
datasets/CleanSet1/html/costco.com_clean.html,5,6,109,177,143,0,725,0,0,0,0,4695,0,0,0,0,0,0,0,0,0,0,0,0,0,0,0,0,0,0,0,0,0,0,0,0,0,0,0
datasets/CleanSet1/html/coursera.org_clean.html,1,2,20,83,36,0,11,0,0,0,0,4842,3,0,0,1,0,0,0,0,0,0,0,0,0,0,0,0,0,0,0,0,0,0,0,2,0,0,0
datasets/CleanSet1/html/cpanel.net_clean.html,0,0,6,95,93,0,16,0,0,0,0,4452,4,2,0,0,0,0,0,0,0,0,0,0,0,0,0,0,0,0,1,0,0,0,0,1,0,0,0
datasets/CleanSet1/html/crashlytics.com_clean.html,1,2,10,166,77,0,4,0,0,0,0,6488,9,1,0,1,4,0,0,0,0,0,0,0,0,0,0,0,0,2,0,0,0,0,0,1,0,0,0
datasets/CleanSet1/html/crazygames.com_clean.html,1,1,26,156,156,0,18,0,0,0,0,3755,10,0,0,0,0,0,0,0,0,0,0,0,5,0,0,0,0,0,0,0,0,3,0,2,0,0,0
datasets/CleanSet1/html/creativecommons.org_clean.html,1,3,3,69,50,1,7,1,0,1,0,4735,2,0,0,0,0,0,0,0,0,0,0,0,0,0,0,0,0,0,0,0,0,0,0,2,0,0,0
datasets/CleanSet1/html/cricbuzz.com_clean.html,0,0,2,207,11,0,15,1,0,0,0,11052,2,0,0,0,0,0,0,0,0,0,0,0,0,0,0,0,0,0,0,0,0,0,0,1,1,0,0
datasets/CleanSet1/html/criteo.com_clean.html,2,3,12,228,146,0,33,1,0,0,0,17254,15,0,0,0,0,0,0,0,0,0,0,0,1,0,0,0,0,0,3,0,0,0,0,9,2,0,0
datasets/CleanSet1/html/crpt.ru_clean.html,1,1,5,51,0,0,6,0,0,0,0,3719,0,0,0,0,0,0,0,0,0,0,0,0,0,0,0,0,0,0,0,0,0,0,0,0,0,0,0
datasets/CleanSet1/html/cursor.sh_clean.html,4,2,104,132,28,0,166,0,0,0,0,19286,14,0,0,0,0,0,0,0,0,0,0,0,4,0,0,0,0,0,2,0,0,0,0,8,0,0,0
datasets/CleanSet1/html/dafont.com_clean.html,3,22,0,77,8,0,20,1,0,0,0,1752,4,0,0,1,0,0,0,0,0,0,0,0,0,0,0,0,0,0,0,0,0,0,1,2,0,0,0
datasets/CleanSet1/html/dagbladet.no_clean.html,1,1,2,230,214,7,42,0,0,0,0,9195,0,0,0,0,0,0,0,0,0,0,0,0,0,0,0,0,0,0,0,0,0,0,0,0,0,0,0
datasets/CleanSet1/html/dailymail.co.uk_clean.html,1,3,29,1324,255,2,61,1,0,0,0,117595,30,1,0,0,0,0,1,1,0,0,0,0,5,15,0,0,0,0,1,0,0,0,0,3,2,1,0
datasets/CleanSet1/html/dailymotion.com_clean.html,0,0,0,0,0,0,16,0,0,0,0,11,0,0,0,0,0,0,0,0,0,0,0,0,0,0,0,0,0,0,0,0,0,0,0,0,0,0,0
datasets/CleanSet1/html/dantri.com.vn_clean.html,0,1,16,748,739,3,15,1,0,0,0,21041,1,0,0,0,0,0,0,0,0,0,0,0,0,0,0,0,0,0,0,0,0,0,0,0,0,1,0
datasets/CleanSet1/html/datadoghq.com_clean.html,1,0,12,460,451,0,20,2,0,0,0,11440,45,2,0,0,0,0,0,0,0,0,0,0,0,0,0,0,0,0,37,0,0,0,0,6,0,0,0
datasets/CleanSet1/html/datadome.co_clean.html,1,1,2,183,176,0,33,1,0,0,0,7628,38,3,0,0,0,0,0,0,0,0,0,0,2,0,0,0,0,0,11,0,0,3,0,1,18,0,0
datasets/CleanSet1/html/datto.com_clean.html,0,0,2,125,97,0,23,0,0,0,0,16229,25,1,0,0,0,0,0,0,0,0,0,0,5,0,0,1,0,0,11,0,1,1,0,5,0,0,0
datasets/CleanSet1/html/daum.net_clean.html,0,0,0,1,1,0,10,0,0,0,0,213,0,0,0,0,0,0,0,0,0,0,0,0,0,0,0,0,0,0,0,0,0,0,0,0,0,0,0
datasets/CleanSet1/html/dbankcloud.cn_clean.html,0,0,0,2,2,0,0,0,0,0,0,167,0,0,0,0,0,0,0,0,0,0,0,0,0,0,0,0,0,0,0,0,0,0,0,0,0,0,0
datasets/CleanSet1/html/dbankcloud.com_clean.html,0,0,0,2,2,0,0,0,0,0,0,161,0,0,0,0,0,0,0,0,0,0,0,0,0,0,0,0,0,0,0,0,0,0,0,0,0,0,0
datasets/CleanSet1/html/dcinside.com_clean.html,2,8,43,1831,1798,0,36,2,1,0,0,32491,0,0,0,0,0,0,0,0,0,0,0,0,0,0,0,0,0,0,0,0,0,0,0,0,0,0,0
datasets/CleanSet1/html/ddns.net_clean.html,0,8,2,12,9,0,13,2,0,0,0,5927,5,1,0,0,0,0,0,0,0,0,0,0,3,0,0,0,0,0,0,0,0,0,0,0,1,0,0
datasets/CleanSet1/html/debian.org_clean.html,1,9,0,37,7,0,0,0,0,0,0,1952,1,0,0,0,0,0,0,0,0,0,0,0,0,0,0,0,0,0,0,0,0,0,0,1,0,0,0
datasets/CleanSet1/html/deepintent.com_clean.html,0,0,0,64,8,0,17,1,0,0,0,6967,5,0,1,0,0,0,0,0,0,0,0,0,1,0,0,0,0,0,0,0,0,0,0,3,0,0,0
datasets/CleanSet1/html/deepl.com_clean.html,0,0,18,232,123,0,24,0,0,0,0,6996,7,0,0,2,0,0,0,0,0,0,0,0,0,0,0,0,0,0,0,0,0,0,0,5,0,0,0
datasets/CleanSet1/html/deezer.com_clean.html,0,0,2,72,61,0,6,1,0,0,0,4613,7,2,0,0,0,0,0,0,0,0,1,1,0,0,0,0,0,0,0,0,0,0,1,2,0,0,0
datasets/CleanSet1/html/dell.com_clean.html,0,4,96,338,60,0,21,0,0,0,0,11097,23,6,0,0,0,0,0,0,0,0,0,0,0,0,0,0,0,5,0,0,0,0,0,12,0,0,0
datasets/CleanSet1/html/deloitte.com_clean.html,0,1,9,282,23,0,23,0,0,0,0,9972,8,0,0,0,0,1,0,0,0,0,0,0,0,0,0,0,0,1,1,0,0,0,0,4,0,1,0
datasets/CleanSet1/html/deltaork.com_clean.html,0,0,0,75,1,0,9,0,0,0,0,3435,1,0,0,0,0,0,0,0,0,0,0,0,0,0,0,0,0,0,0,0,0,0,0,1,0,0,0
datasets/CleanSet1/html/desitales2.com_clean.html,1,1,3,183,177,0,23,1,0,0,0,6086,4,0,0,0,0,0,0,0,0,0,0,0,2,0,0,0,0,0,0,0,0,0,0,2,0,0,0
datasets/CleanSet1/html/desitelugusex.com_clean.html,1,1,2,56,52,0,2,0,0,0,0,2712,0,0,0,0,0,0,0,0,0,0,0,0,0,0,0,0,0,0,0,0,0,0,0,0,0,0,0
datasets/CleanSet1/html/deviantart.com_clean.html,1,1,76,231,231,0,11,0,0,0,0,15667,8,0,2,0,0,0,0,1,0,0,0,0,3,0,0,0,0,0,0,0,0,0,0,1,0,1,0
datasets/CleanSet1/html/digicert.com_clean.html,1,1,3,282,175,2,43,1,0,0,0,10430,18,0,0,0,0,0,0,0,0,0,0,0,0,0,0,0,0,0,11,0,0,0,0,6,1,0,0
datasets/CleanSet1/html/digikala.com_clean.html,0,0,0,0,0,0,32,0,0,0,0,0,0,0,0,0,0,0,0,0,0,0,0,0,0,0,0,0,0,0,0,0,0,0,0,0,0,0,0
datasets/CleanSet1/html/digitalocean.com_clean.html,0,0,10,315,65,0,10,0,0,0,0,10681,17,0,2,0,0,0,0,0,0,0,0,0,0,0,0,0,0,0,2,0,0,7,0,5,1,0,0
datasets/CleanSet1/html/diretta.it_clean.html,0,0,0,387,24,0,54,1,0,0,0,5646,1,0,0,0,0,0,0,0,0,0,0,0,0,0,0,0,0,0,0,0,0,0,0,1,0,0,0
datasets/CleanSet1/html/discord.com_clean.html,0,0,0,123,51,0,29,0,0,0,0,3640,3,0,3,0,0,0,0,0,0,0,0,0,0,0,0,0,0,0,0,0,0,0,0,0,0,0,0
datasets/CleanSet1/html/discord.gg_clean.html,0,0,0,123,51,0,29,0,0,0,0,3640,3,0,3,0,0,0,0,0,0,0,0,0,0,0,0,0,0,0,0,0,0,0,0,0,0,0,0
datasets/CleanSet1/html/discordapp.com_clean.html,0,0,0,123,51,0,29,0,0,0,0,3644,3,0,3,0,0,0,0,0,0,0,0,0,0,0,0,0,0,0,0,0,0,0,0,0,0,0,0
datasets/CleanSet1/html/disneyplus.com_clean.html,0,0,33,97,23,0,16,0,0,0,0,19856,9,0,1,0,0,0,0,4,0,0,0,0,0,0,0,0,0,0,0,0,0,2,0,0,2,0,0
datasets/CleanSet1/html/disqus.com_clean.html,0,0,0,0,0,0,4,1,0,0,0,100,0,0,0,0,0,0,0,0,0,0,0,0,0,0,0,0,0,0,0,0,0,0,0,0,0,0,0
datasets/CleanSet1/html/divar.ir_clean.html,0,1,4,19,6,0,39,1,0,0,0,838,0,0,0,0,0,0,0,0,0,0,0,0,0,0,0,0,0,0,0,0,0,0,0,0,0,0,0
datasets/CleanSet1/html/dlsite.com_clean.html,14,112,29,570,219,0,16,1,0,0,0,34222,6,3,1,0,0,0,0,0,0,0,0,0,0,0,0,0,0,0,0,0,0,0,0,0,2,0,0
datasets/CleanSet1/html/dns.google_clean.html,1,1,1,3,2,0,1,0,0,0,0,190,0,0,0,0,0,0,0,0,0,0,0,0,0,0,0,0,0,0,0,0,0,0,0,0,0,0,0
datasets/CleanSet1/html/dnsmadeeasy.com_clean.html,3,2,3,171,116,1,38,1,0,0,0,9855,27,3,0,0,0,0,0,0,0,0,0,0,1,0,0,0,0,0,18,0,0,0,0,5,0,0,0
datasets/CleanSet1/html/docker.com_clean.html,1,1,4,133,26,0,25,1,0,0,0,10183,54,0,0,0,0,0,0,0,0,0,0,0,0,0,0,3,0,0,13,0,0,0,0,38,0,0,0
datasets/CleanSet1/html/docker.io_clean.html,1,1,4,134,27,0,28,1,0,0,0,10238,54,0,0,0,0,0,0,0,0,0,0,0,0,0,0,3,0,0,13,0,0,0,0,38,0,0,0
datasets/CleanSet1/html/docomo.ne.jp_clean.html,1,4,42,321,149,0,49,2,0,0,0,3376,0,0,0,0,0,0,0,0,0,0,0,0,0,0,0,0,0,0,0,0,0,0,0,0,0,0,0
datasets/CleanSet1/html/dogdrip.net_clean.html,1,9,10,353,161,0,33,0,1,0,0,4957,2,0,0,0,0,0,0,0,0,0,0,0,0,0,0,0,0,0,0,0,0,1,0,1,0,0,0
datasets/CleanSet1/html/doi.org_clean.html,1,3,0,30,9,3,6,0,0,0,0,4075,1,0,0,0,0,0,0,0,0,0,0,0,0,0,0,0,0,0,0,0,0,1,0,0,0,0,0
datasets/CleanSet1/html/donga.com_clean.html,1,1,15,424,423,0,32,0,0,0,0,6948,0,0,0,0,0,0,0,0,0,0,0,0,0,0,0,0,0,0,0,0,0,0,0,0,0,0,0
datasets/CleanSet1/html/dotomi.com_clean.html,1,8,11,104,15,1,53,4,0,0,0,7613,5,0,0,0,0,0,0,0,0,0,0,0,1,0,0,0,0,0,0,0,0,1,0,3,0,0,0
datasets/CleanSet1/html/doubleclick.net_clean.html,0,0,16,71,30,0,10,1,0,0,0,6868,3,0,0,0,3,0,0,0,0,0,0,0,0,0,0,0,0,0,0,0,0,0,0,0,0,0,0
datasets/CleanSet1/html/doubleverify.com_clean.html,7,73,17,156,116,4,40,1,0,7,0,18327,14,0,0,0,0,0,0,0,0,0,0,0,0,0,0,10,0,0,0,0,0,0,0,3,1,0,0
datasets/CleanSet1/html/doubtnut.com_clean.html,0,0,37,195,36,1,36,3,0,0,0,13525,7,0,0,0,0,0,0,0,0,0,0,0,0,0,0,0,0,0,0,0,0,5,0,2,0,0,0
datasets/CleanSet1/html/dpboss.boston_clean.html,0,0,10,383,52,3,6,0,0,0,0,66353,59,0,0,0,0,0,0,0,0,0,0,0,57,1,0,0,0,0,0,0,0,0,0,1,0,0,0
datasets/CleanSet1/html/dreamhost.com_clean.html,1,1,20,82,19,0,32,1,0,0,0,6985,8,2,0,0,0,0,0,0,0,0,0,0,0,0,0,0,0,0,3,0,0,1,0,1,1,0,0
datasets/CleanSet1/html/dribbble.com_clean.html,1,8,8,378,6,0,69,0,0,0,0,5035,1,0,1,0,0,0,0,0,0,0,0,0,0,0,0,0,0,0,0,0,0,0,0,0,0,0,0
datasets/CleanSet1/html/drom.ru_clean.html,2,10,5,388,385,0,18,1,0,0,0,10188,0,0,0,0,0,0,0,0,0,0,0,0,0,0,0,0,0,0,0,0,0,0,0,0,0,0,0
datasets/CleanSet1/html/dropbox.com_clean.html,0,0,10,126,29,0,24,0,0,0,0,4546,6,0,0,2,0,0,0,0,0,0,0,0,0,0,0,0,0,4,0,0,0,0,0,0,0,0,0
datasets/CleanSet1/html/dropcatch.com_clean.html,0,0,0,0,0,0,3,0,0,0,0,13,0,0,0,0,0,0,0,0,0,0,0,0,0,0,0,0,0,0,0,0,0,0,0,0,0,0,0
datasets/CleanSet1/html/duckdns.org_clean.html,1,19,0,19,4,0,6,0,0,0,0,248,1,1,0,0,0,0,0,0,0,0,0,0,0,0,0,0,0,0,0,0,0,0,0,0,0,0,0
datasets/CleanSet1/html/duckduckgo.com_clean.html,0,0,0,0,0,0,28,0,0,0,0,50,0,0,0,0,0,0,0,0,0,0,0,0,0,0,0,0,0,0,0,0,0,0,0,0,0,0,0
datasets/CleanSet1/html/duolingo.com_clean.html,0,0,0,0,0,0,16,1,0,0,0,8,0,0,0,0,0,0,0,0,0,0,0,0,0,0,0,0,0,0,0,0,0,0,0,0,0,0,0
datasets/CleanSet1/html/dw.com_clean.html,0,0,0,0,0,0,4,0,0,0,0,46,0,0,0,0,0,0,0,0,0,0,0,0,0,0,0,0,0,0,0,0,0,0,0,0,0,0,0
datasets/CleanSet1/html/dynatrace.com_clean.html,0,0,10,44,16,0,38,1,0,0,0,4557,3,0,0,0,0,0,0,0,0,0,0,0,0,0,0,0,0,0,2,0,0,0,0,0,0,1,0
datasets/CleanSet1/html/dyndns.org_clean.html,2,7,0,56,14,0,12,0,1,0,0,5910,17,1,0,0,0,0,3,0,0,0,0,0,4,0,0,0,0,0,0,0,0,0,0,1,8,0,0
datasets/CleanSet1/html/dzen.ru_clean.html,0,0,0,0,0,0,1,0,0,0,0,0,0,0,0,0,0,0,0,0,0,0,0,0,0,0,0,0,0,0,0,0,0,0,0,0,0,0,0
datasets/CleanSet1/html/e621.net_clean.html,2,4,3,33,4,0,8,0,0,0,0,41985,34,0,1,0,0,0,5,0,0,0,0,0,3,0,0,0,0,0,6,0,0,2,0,7,10,0,0
datasets/CleanSet1/html/ea.com_clean.html,0,0,0,126,90,0,15,0,0,0,0,4759,1,0,0,0,0,0,0,0,0,0,0,0,0,0,0,0,0,1,0,0,0,0,0,0,0,0,0
datasets/CleanSet1/html/ebay.co.uk_clean.html,1,6,56,271,270,0,27,0,0,0,0,5889,1,0,0,0,0,0,0,0,0,0,0,0,0,0,0,0,0,0,0,0,0,0,0,1,0,0,0
datasets/CleanSet1/html/ebay.com_clean.html,1,6,44,248,246,0,30,1,0,0,0,6843,3,1,0,0,0,0,0,0,0,0,0,0,0,0,0,0,0,1,0,0,0,0,0,1,0,0,0
datasets/CleanSet1/html/ebay.de_clean.html,1,6,38,242,241,0,27,0,0,0,0,5575,0,0,0,0,0,0,0,0,0,0,0,0,0,0,0,0,0,0,0,0,0,0,0,0,0,0,0
datasets/CleanSet1/html/ecnavi.jp_clean.html,1,1,9,188,94,0,27,1,0,0,0,3921,0,0,0,0,0,0,0,0,0,0,0,0,0,0,0,0,0,0,0,0,0,0,0,0,0,0,0
datasets/CleanSet1/html/edna.ru_clean.html,2,36,2,118,93,0,16,1,0,2,1,9990,0,0,0,0,0,0,0,0,0,0,0,0,0,0,0,0,0,0,0,0,0,0,0,0,0,0,0
datasets/CleanSet1/html/eff.org_clean.html,2,6,2,216,66,0,8,0,0,0,0,9227,21,0,0,0,0,0,0,0,0,0,0,0,6,1,0,0,0,0,8,0,0,0,0,4,1,1,0
datasets/CleanSet1/html/ekstrabladet.dk_clean.html,1,10,5,401,147,5,58,0,0,0,0,9062,1,0,1,0,0,0,0,0,0,0,0,0,0,0,0,0,0,0,0,0,0,0,0,0,0,0,0
datasets/CleanSet1/html/elasticbeanstalk.com_clean.html,2,4,84,85,54,0,27,0,0,0,0,9721,17,1,0,0,0,0,0,0,0,0,0,0,0,0,0,0,0,7,1,0,0,0,0,5,0,0,3
datasets/CleanSet1/html/elconfidencial.com_clean.html,1,1,2,437,280,0,28,1,0,0,0,21881,4,0,0,2,0,0,0,0,0,0,0,0,0,0,0,0,0,0,0,0,0,0,0,1,0,0,1
datasets/CleanSet1/html/elegantthemes.com_clean.html,2,6,0,167,14,0,22,0,1,0,0,11811,17,0,0,0,0,0,2,0,0,0,0,0,4,0,0,0,0,0,3,0,0,0,0,3,5,0,0
datasets/CleanSet1/html/elmundo.es_clean.html,0,0,3,452,444,1,64,0,0,0,0,17502,6,0,0,2,0,0,0,1,0,0,0,0,0,0,0,0,0,0,0,0,0,0,0,2,0,0,1
datasets/CleanSet1/html/elpais.com_clean.html,1,1,14,463,461,0,19,0,0,0,0,26609,9,0,0,0,0,0,0,0,0,0,0,0,0,3,0,0,0,0,1,1,0,0,0,1,0,0,3
datasets/CleanSet1/html/elsevier.com_clean.html,0,0,24,67,21,0,21,0,0,0,0,3898,0,0,0,0,0,0,0,0,0,0,0,0,0,0,0,0,0,0,0,0,0,0,0,0,0,0,0
datasets/CleanSet1/html/eltiempo.es_clean.html,0,0,1,66,20,1,35,0,0,0,0,3049,0,0,0,0,0,0,0,0,0,0,0,0,0,0,0,0,0,0,0,0,0,0,0,0,0,0,0
datasets/CleanSet1/html/emag.ro_clean.html,2,4,5,107,23,0,17,1,0,1,0,2693,4,0,0,0,0,0,0,0,0,0,0,0,0,2,0,0,0,0,0,0,0,1,0,1,0,0,0
datasets/CleanSet1/html/epa.gov_clean.html,1,6,12,89,13,0,35,1,0,0,0,3401,7,0,0,0,0,0,0,0,0,0,0,0,2,0,0,0,0,0,2,0,0,1,0,2,0,0,0
datasets/CleanSet1/html/epfindia.gov.in_clean.html,0,0,0,506,78,0,24,0,0,0,0,46483,77,1,0,0,0,0,1,0,0,1,0,0,3,0,0,0,0,0,15,0,0,2,0,2,44,8,0
datasets/CleanSet1/html/eporner.com_clean.html,1,3,0,410,17,0,18,0,0,0,0,13164,5,0,0,0,0,0,0,0,0,0,0,0,1,0,0,0,0,0,0,0,0,1,0,2,1,0,0
datasets/CleanSet1/html/erome.com_clean.html,0,0,0,10,10,0,9,0,0,0,0,343,5,4,0,0,0,0,0,0,0,0,0,0,0,0,0,0,0,0,0,0,0,0,0,1,0,0,0
datasets/CleanSet1/html/ertelecom.ru_clean.html,0,0,0,0,0,0,3,0,0,0,0,0,0,0,0,0,0,0,0,0,0,0,0,0,0,0,0,0,0,0,0,0,0,0,0,0,0,0,0
datasets/CleanSet1/html/escortbabylon.net_clean.html,1,1,1,6,1,0,11,0,0,0,0,1148,0,0,0,0,0,0,0,0,0,0,0,0,0,0,0,0,0,0,0,0,0,0,0,0,0,0,0
datasets/CleanSet1/html/eset.com_clean.html,0,0,0,290,46,0,25,2,0,0,0,29896,121,3,0,0,0,14,0,0,0,0,0,0,0,0,0,0,0,69,8,0,0,0,12,14,0,0,1
datasets/CleanSet1/html/espn.com.ve_clean.html,0,2,10,166,75,0,28,0,0,0,0,5510,2,0,0,2,0,0,0,0,0,0,0,0,0,0,0,0,0,0,0,0,0,0,0,0,0,0,0
datasets/CleanSet1/html/espn.com_clean.html,0,2,10,183,94,0,30,0,0,0,0,6907,6,0,2,0,0,0,0,0,0,0,0,0,1,0,0,0,0,0,0,0,0,0,0,0,3,0,0
datasets/CleanSet1/html/eu.com_clean.html,0,2,2,36,20,0,11,1,0,0,0,3969,4,0,0,0,0,0,0,0,0,0,0,0,0,0,0,0,0,0,0,0,0,0,0,4,0,0,0
datasets/CleanSet1/html/europa.eu_clean.html,0,0,0,28,26,0,10,0,0,0,0,392,0,0,0,0,0,0,0,0,0,0,0,0,0,0,0,0,0,0,0,0,0,0,0,0,0,0,0
datasets/CleanSet1/html/eventbrite.com_clean.html,1,3,15,176,115,0,15,0,0,0,0,3293,11,0,2,0,0,0,0,0,0,0,0,0,0,0,0,0,0,0,1,0,0,0,0,8,0,0,0
datasets/CleanSet1/html/evernote.com_clean.html,0,0,3,126,43,0,58,0,0,0,0,4740,12,1,0,3,0,0,0,0,0,0,0,0,0,0,0,0,0,1,0,0,0,0,4,3,0,0,0
datasets/CleanSet1/html/evotor.ru_clean.html,5,17,4,339,164,2,29,0,0,2,0,19293,0,0,0,0,0,0,0,0,0,0,0,0,0,0,0,0,0,0,0,0,0,0,0,0,0,0,0
datasets/CleanSet1/html/example.com_clean.html,0,0,0,1,1,0,0,0,0,0,0,142,0,0,0,0,0,0,0,0,0,0,0,0,0,0,0,0,0,0,0,0,0,0,0,0,0,0,0
datasets/CleanSet1/html/excite.co.jp_clean.html,1,1,1,77,67,0,7,2,0,0,0,849,0,0,0,0,0,0,0,0,0,0,0,0,0,0,0,0,0,0,0,0,0,0,0,0,0,0,0
datasets/CleanSet1/html/expo2025.or.jp_clean.html,0,0,0,85,27,0,5,1,0,0,0,1036,0,0,0,0,0,0,0,0,0,0,0,0,0,0,0,0,0,0,0,0,0,0,0,0,0,0,0
datasets/CleanSet1/html/ezvizlife.com_clean.html,1,3,2,112,86,0,11,0,0,0,0,4391,18,0,0,0,0,0,0,0,0,0,0,0,1,0,0,0,0,14,0,0,0,0,0,3,0,0,0
datasets/CleanSet1/html/ezvizru.com_clean.html,0,0,0,0,0,0,3,0,0,0,0,5,0,0,0,0,0,0,0,0,0,0,0,0,0,0,0,0,0,0,0,0,0,0,0,0,0,0,0
datasets/CleanSet1/html/f5.com_clean.html,0,1,9,269,109,0,21,0,0,0,0,9279,36,1,0,0,0,0,0,0,0,0,0,0,0,0,0,0,0,0,21,0,0,0,0,13,0,1,0
datasets/CleanSet1/html/fabguys.com_clean.html,2,6,0,42,2,0,0,0,1,0,0,1158,7,3,0,0,0,0,2,0,0,0,0,0,0,0,0,0,0,0,0,0,0,0,0,1,1,0,0
datasets/CleanSet1/html/fabswingers.com_clean.html,2,6,0,44,2,0,0,0,1,0,0,1282,8,3,0,0,0,0,2,0,0,0,0,0,1,0,0,0,0,0,0,0,0,0,0,1,1,0,0
datasets/CleanSet1/html/facebook.com_clean.html,1,7,1,42,24,0,18,0,1,0,0,744,5,0,0,2,0,1,0,0,0,0,0,0,0,0,0,0,0,0,0,0,0,0,0,2,0,0,0
datasets/CleanSet1/html/fandom.com_clean.html,5,10,8,106,98,0,13,1,0,1,0,4858,5,0,0,0,0,0,0,0,0,0,0,0,0,2,0,0,0,0,0,0,0,0,0,2,1,0,0
datasets/CleanSet1/html/fanmtl.com_clean.html,0,0,3,110,0,0,7,0,0,0,0,7915,52,0,0,0,0,0,0,0,0,0,0,0,51,0,0,0,0,0,0,0,0,0,0,1,0,0,0
datasets/CleanSet1/html/fao.org_clean.html,0,6,11,81,65,0,28,5,0,0,0,13012,20,0,0,0,0,0,0,0,0,0,0,0,1,0,0,0,0,0,17,0,0,0,0,1,1,0,0
datasets/CleanSet1/html/fapello.com_clean.html,1,1,12,150,148,0,12,2,0,0,0,1267,2,0,1,0,0,0,0,0,0,0,0,0,0,0,0,0,0,0,0,0,0,0,0,1,0,0,0
datasets/CleanSet1/html/faphouse.com_clean.html,4,8,23,913,19,0,10,1,0,0,0,15141,8,2,0,2,0,1,0,1,0,0,0,0,0,1,0,0,0,1,0,0,0,0,0,0,0,0,0
datasets/CleanSet1/html/faphouse1.com_clean.html,4,8,23,913,19,0,10,1,0,0,0,15155,8,2,0,2,0,1,0,1,0,0,0,0,0,1,0,0,0,1,0,0,0,0,0,0,0,0,0
datasets/CleanSet1/html/faphouse2.com_clean.html,4,8,23,913,19,0,10,1,0,0,0,15265,8,2,0,2,0,1,0,1,0,0,0,0,0,1,0,0,0,1,0,0,0,0,0,0,0,0,0
datasets/CleanSet1/html/fast.com_clean.html,0,7,1,38,30,0,1,0,0,0,0,2885,5,0,0,1,2,0,0,0,0,0,0,0,0,0,0,0,1,0,0,0,0,0,0,1,0,0,0
datasets/CleanSet1/html/fastdl.app_clean.html,1,1,4,46,46,0,7,0,0,0,0,6001,11,1,1,0,0,0,0,0,0,0,0,0,0,0,0,0,0,0,1,0,0,3,0,3,2,0,0
datasets/CleanSet1/html/fastly.net_clean.html,0,0,29,74,18,0,16,1,0,0,0,7095,8,0,1,0,0,0,0,0,0,0,0,0,1,0,0,0,0,0,4,0,0,0,0,1,1,0,0
datasets/CleanSet1/html/fatalmodel.com_clean.html,0,2,14,30,27,0,6,0,0,0,0,3533,8,2,0,0,0,0,0,0,0,0,0,0,0,0,0,0,0,0,3,0,0,0,1,2,0,0,0
datasets/CleanSet1/html/fc2.com_clean.html,0,0,0,32,23,0,11,2,0,0,0,1413,4,0,0,1,0,0,0,0,0,0,0,0,0,0,0,0,0,0,0,0,0,0,0,3,0,0,0
datasets/CleanSet1/html/fda.gov_clean.html,1,1,4,115,11,0,9,1,0,0,0,4772,3,0,0,0,0,0,0,0,0,0,0,0,0,0,0,0,0,0,0,0,0,0,0,3,0,0,0
datasets/CleanSet1/html/fedex.com_clean.html,0,0,0,0,0,0,0,0,0,0,0,328,0,0,0,0,0,0,0,0,0,0,0,0,0,0,0,0,0,0,0,0,0,0,0,0,0,0,0
datasets/CleanSet1/html/fedoraproject.org_clean.html,0,67,1,351,163,0,3,0,0,0,0,19366,23,0,0,0,0,0,0,0,0,0,0,0,2,0,0,0,0,0,6,0,0,2,0,6,7,0,0
datasets/CleanSet1/html/figma.com_clean.html,0,0,25,205,204,0,126,0,0,0,0,6396,8,0,3,0,0,0,0,0,0,0,0,0,1,0,0,0,0,0,0,0,0,0,0,4,0,0,0
datasets/CleanSet1/html/filmweb.pl_clean.html,1,1,6,891,11,0,69,0,0,0,0,22539,0,0,0,0,0,0,0,0,0,0,0,0,0,0,0,0,0,0,0,0,0,0,0,0,0,0,0
datasets/CleanSet1/html/finn.no_clean.html,1,1,2,48,27,0,34,1,0,0,0,64,0,0,0,0,0,0,0,0,0,0,0,0,0,0,0,0,0,0,0,0,0,0,0,0,0,0,0
datasets/CleanSet1/html/firebaseio.com_clean.html,1,8,4,1,1,0,22,0,1,1,0,280,6,3,0,0,0,0,0,0,0,0,0,0,0,0,0,0,0,0,0,0,0,0,0,3,0,0,0
datasets/CleanSet1/html/firefox.com_clean.html,1,3,7,107,62,0,11,0,0,0,0,9262,8,0,0,1,1,2,0,0,0,0,0,0,0,0,0,0,0,2,0,0,0,0,0,2,0,0,0
datasets/CleanSet1/html/flashscore.com_clean.html,0,0,0,398,27,0,68,1,0,0,0,6986,1,0,0,0,0,0,0,0,0,0,0,0,0,0,0,0,0,0,0,0,0,0,0,1,0,0,0
datasets/CleanSet1/html/flashscore.fr_clean.html,0,0,0,393,20,0,56,1,0,0,0,6819,1,0,0,0,0,0,0,0,0,0,0,0,0,0,0,0,0,0,0,0,0,0,0,1,0,0,0
datasets/CleanSet1/html/flashscore.mobi_clean.html,0,0,0,316,6,0,8,0,0,0,0,11013,0,0,0,0,0,0,0,0,0,0,0,0,0,0,0,0,0,0,0,0,0,0,0,0,0,0,0
datasets/CleanSet1/html/flashtalking.com_clean.html,2,4,1,274,28,0,27,2,0,0,0,6046,9,0,2,0,0,0,0,0,0,0,0,0,0,0,0,0,0,0,0,0,0,0,0,7,0,0,0
datasets/CleanSet1/html/flickr.com_clean.html,4,11,0,62,40,0,11,1,0,1,0,2789,4,1,1,0,0,0,0,0,0,0,0,0,0,0,0,0,0,0,0,0,0,1,0,0,1,0,0
datasets/CleanSet1/html/flipkart.com_clean.html,1,6,4,427,22,0,20,0,0,0,0,20625,20,2,0,0,0,0,0,4,0,0,0,0,0,0,0,0,0,0,2,0,0,1,0,1,1,9,0
datasets/CleanSet1/html/fmkorea.com_clean.html,5,18,14,286,2,0,50,0,1,0,0,2915,0,0,0,0,0,0,0,0,0,0,0,0,0,0,0,0,0,0,0,0,0,0,0,0,0,0,0
datasets/CleanSet1/html/focus.de_clean.html,0,0,67,554,203,0,23,0,0,0,0,47159,11,3,0,0,0,0,0,0,0,0,0,0,0,0,0,0,0,0,0,0,0,0,0,0,0,8,0
datasets/CleanSet1/html/fontawesome.com_clean.html,0,0,0,0,0,0,11,0,0,0,0,12,0,0,0,0,0,0,0,0,0,0,0,0,0,0,0,0,0,0,0,0,0,0,0,0,0,0,0
datasets/CleanSet1/html/forbes.com_clean.html,1,1,21,809,735,6,26,0,0,0,0,18829,19,0,0,0,0,0,1,0,0,0,0,0,1,0,0,0,0,0,7,0,0,0,0,2,4,4,0
datasets/CleanSet1/html/force.com_clean.html,0,0,68,549,477,0,28,0,0,0,0,4730,4,0,0,0,0,0,0,0,0,0,0,0,0,0,0,0,0,0,4,0,0,0,0,0,0,0,0
datasets/CleanSet1/html/forebet.com_clean.html,1,2,0,1199,40,0,16,1,0,0,0,21407,3,0,0,0,0,0,0,1,0,0,0,0,0,0,0,0,0,0,0,0,0,0,0,1,0,1,0
datasets/CleanSet1/html/forter.com_clean.html,0,0,1,112,60,0,36,0,0,0,0,4336,17,0,2,0,0,0,0,0,0,0,0,0,2,0,0,0,0,0,2,0,0,0,0,5,6,0,0
datasets/CleanSet1/html/fortune.com_clean.html,0,1,15,546,542,0,16,1,0,0,0,17866,13,0,0,0,0,0,0,0,0,0,0,0,0,0,0,0,0,0,3,0,0,0,0,0,1,9,0
datasets/CleanSet1/html/foxnews.com_clean.html,1,2,21,910,310,0,87,0,0,0,0,24499,20,1,1,0,0,0,0,0,0,0,0,0,5,2,0,0,0,0,4,0,0,2,0,4,0,1,0
datasets/CleanSet1/html/franceinfo.fr_clean.html,3,8,120,687,130,0,76,1,0,2,0,43311,4,0,0,0,0,0,0,1,0,0,0,0,0,0,0,0,0,0,0,0,0,0,0,3,0,0,0
datasets/CleanSet1/html/free.fr_clean.html,0,0,6,114,39,0,18,0,0,0,0,14950,9,0,0,0,0,0,0,0,0,0,0,0,0,1,0,0,0,0,0,0,0,0,1,7,0,0,0
datasets/CleanSet1/html/freefiremobile.com_clean.html,0,0,4,46,14,0,12,0,0,0,0,2951,0,0,0,0,0,0,0,0,0,0,0,0,0,0,0,0,0,0,0,0,0,0,0,0,0,0,0
datasets/CleanSet1/html/freejobalert.com_clean.html,0,0,6,344,339,0,5,0,0,0,0,10719,10,0,0,0,0,0,0,0,0,0,0,0,2,0,0,0,0,0,1,0,0,1,0,1,1,4,0
datasets/CleanSet1/html/frontiersin.org_clean.html,1,5,23,108,39,0,8,1,0,0,0,8527,5,0,0,0,0,0,0,0,0,0,0,0,1,0,0,0,0,0,0,0,0,0,0,4,0,0,0
datasets/CleanSet1/html/fsiblog5.com_clean.html,2,2,2,323,288,0,33,4,0,0,0,8853,8,0,0,0,0,0,0,0,0,0,0,0,2,0,0,0,0,0,0,0,0,0,0,6,0,0,0
datasets/CleanSet1/html/ft.com_clean.html,3,3,15,539,146,0,14,1,0,0,0,16134,15,0,0,0,0,0,0,0,0,0,0,0,2,0,0,0,0,0,2,0,0,0,0,1,0,10,0
datasets/CleanSet1/html/ftc.gov_clean.html,4,12,17,272,58,0,57,1,0,0,0,9568,11,0,0,0,0,0,0,0,0,0,0,0,4,0,0,0,0,0,3,0,0,0,0,4,0,0,0
datasets/CleanSet1/html/funpay.com_clean.html,1,1,21,4237,4205,0,5,0,0,0,0,41364,679,0,1,0,0,0,0,2,0,0,0,0,0,0,0,0,0,0,0,0,0,0,0,2,674,0,0
datasets/CleanSet1/html/fuq.com_clean.html,4,5,55,989,5,0,3,0,0,0,0,23382,5,0,0,2,2,0,0,0,0,0,0,0,0,0,0,0,0,0,0,0,0,0,0,1,0,0,0
datasets/CleanSet1/html/furaffinity.net_clean.html,1,3,1,404,4,0,23,0,0,0,0,5645,14,0,5,0,0,0,0,0,0,0,0,0,2,0,0,0,0,0,0,0,0,0,0,2,5,0,0
datasets/CleanSet1/html/fwmrm.net_clean.html,1,1,6,63,52,2,21,1,0,0,0,2950,10,0,7,0,0,0,0,0,0,0,0,0,0,0,0,0,0,0,0,0,0,0,0,3,0,0,0
datasets/CleanSet1/html/g.co_clean.html,0,0,0,3,3,0,3,0,0,0,0,308,0,0,0,0,0,0,0,0,0,0,0,0,0,0,0,0,0,0,0,0,0,0,0,0,0,0,0
datasets/CleanSet1/html/g.page_clean.html,0,0,28,146,133,0,12,0,0,0,0,13409,38,5,0,0,0,0,0,0,0,0,0,1,0,0,0,0,1,0,0,0,0,0,0,31,0,0,0
datasets/CleanSet1/html/game8.jp_clean.html,0,0,0,335,16,0,19,1,0,0,0,4602,0,0,0,0,0,0,0,0,0,0,0,0,0,0,0,0,0,0,0,0,0,0,0,0,0,0,0
datasets/CleanSet1/html/gamepass.com_clean.html,1,6,46,204,175,0,36,1,0,0,0,16183,15,0,0,1,0,0,0,0,0,0,2,0,0,0,0,0,0,3,0,0,0,0,0,8,1,0,0
datasets/CleanSet1/html/gamewith.jp_clean.html,1,3,1,1180,325,0,23,1,0,0,0,44550,2,1,0,0,0,0,0,1,0,0,0,0,0,0,0,0,0,0,0,0,0,0,0,0,0,0,0
datasets/CleanSet1/html/ganamos.io_clean.html,0,0,0,0,0,0,15,0,0,0,0,54,0,0,0,0,0,0,0,0,0,0,0,0,0,0,0,0,0,0,0,0,0,0,0,0,0,0,0
datasets/CleanSet1/html/gandi.net_clean.html,2,2,10,148,46,0,7,0,0,1,0,15453,28,0,2,0,0,0,0,0,0,0,0,0,1,2,0,0,0,0,4,0,0,2,0,12,5,0,0
datasets/CleanSet1/html/garmin.com_clean.html,0,0,5,14,1,0,54,0,0,0,0,551,2,0,0,1,0,0,0,0,0,0,1,0,0,0,0,0,0,0,0,0,0,0,0,0,0,0,0
datasets/CleanSet1/html/gazzetta.it_clean.html,4,10,14,619,602,0,37,1,1,0,0,24997,5,1,0,0,0,0,3,0,0,0,0,0,0,0,0,0,0,0,0,0,0,0,0,0,1,0,0
datasets/CleanSet1/html/gcash.com_clean.html,0,0,0,179,43,0,43,2,0,0,0,4912,3,0,0,0,0,0,0,0,0,0,0,0,0,0,0,0,0,0,1,0,0,0,0,0,0,2,0
datasets/CleanSet1/html/gdemoideti.ru_clean.html,1,1,7,59,40,1,5,0,0,1,0,3945,0,0,0,0,0,0,0,0,0,0,0,0,0,0,0,0,0,0,0,0,0,0,0,0,0,0,0
datasets/CleanSet1/html/gekso.xyz_clean.html,1,2,0,85,0,0,3,0,0,0,0,4315,0,0,0,0,0,0,0,0,0,0,0,0,0,0,0,0,0,0,0,0,0,0,0,0,0,0,0
datasets/CleanSet1/html/gelbooru.com_clean.html,1,2,0,12,3,0,5,0,0,0,0,508,1,0,0,0,0,0,0,0,0,0,0,0,0,0,0,0,0,0,0,0,0,0,0,0,1,0,0
datasets/CleanSet1/html/genius.com_clean.html,1,1,0,110,61,1,20,0,0,0,0,3485,2,0,0,0,0,0,0,1,0,0,0,0,0,0,0,0,0,0,0,0,0,0,0,1,0,0,0
datasets/CleanSet1/html/geny.com_clean.html,2,13,3,88,35,0,38,1,1,0,0,3679,2,0,0,0,0,0,0,0,0,0,0,0,0,0,0,0,0,0,0,0,0,0,0,2,0,0,0
datasets/CleanSet1/html/geocities.com_clean.html,1,5,3,25,25,0,9,0,0,0,0,445,0,0,0,0,0,0,0,0,0,0,0,0,0,0,0,0,0,0,0,0,0,0,0,0,0,0,0
datasets/CleanSet1/html/getbootstrap.com_clean.html,0,0,29,86,32,0,7,0,0,0,0,10138,8,0,0,0,0,0,0,0,0,0,0,0,2,0,0,0,0,0,1,0,0,0,0,5,0,0,0
datasets/CleanSet1/html/girlschannel.net_clean.html,1,3,0,399,1,0,7,0,0,0,0,14137,0,0,0,0,0,0,0,0,0,0,0,0,0,0,0,0,0,0,0,0,0,0,0,0,0,0,0
datasets/CleanSet1/html/gismeteo.ru_clean.html,0,1,4,99,34,0,28,0,0,0,0,3688,0,0,0,0,0,0,0,0,0,0,0,0,0,0,0,0,0,0,0,0,0,0,0,0,0,0,0
datasets/CleanSet1/html/github.com_clean.html,5,13,47,144,72,0,63,0,0,2,0,9394,21,0,1,2,0,0,0,0,0,0,0,0,0,0,0,0,0,8,5,0,0,0,0,4,1,0,0
datasets/CleanSet1/html/github.io_clean.html,0,0,0,37,28,0,4,0,0,0,0,3976,11,0,0,0,0,0,0,0,0,0,0,0,0,0,0,0,0,0,1,0,0,8,0,1,1,0,0
datasets/CleanSet1/html/gitlab.com_clean.html,2,7,23,177,27,0,14,0,0,0,0,4492,14,1,0,0,0,0,0,0,0,0,0,0,0,0,0,0,0,0,9,0,0,0,0,4,0,0,0
datasets/CleanSet1/html/globalsign.com_clean.html,1,2,12,216,76,2,31,1,0,0,0,12523,33,3,1,0,0,0,0,0,0,0,0,0,1,1,0,0,0,0,11,0,0,4,0,7,5,0,0
datasets/CleanSet1/html/globenewswire.com_clean.html,0,0,2,24,12,0,17,1,0,0,0,5176,8,0,0,0,0,0,0,0,0,0,0,0,2,0,0,0,0,0,0,0,0,0,0,3,3,0,0
datasets/CleanSet1/html/globo.com_clean.html,1,0,4,382,378,0,35,1,0,0,0,8198,3,0,0,0,0,0,0,1,0,0,0,0,0,0,0,0,0,0,0,0,0,0,0,2,0,0,0
datasets/CleanSet1/html/gmail.com_clean.html,1,8,4,1,1,0,22,0,1,1,0,245,3,2,0,0,0,0,0,0,0,0,0,0,0,0,0,0,0,0,0,0,0,0,0,1,0,0,0
datasets/CleanSet1/html/gnu.org_clean.html,1,6,0,119,21,5,0,0,0,0,0,7882,1,0,0,0,0,0,0,0,0,0,0,0,0,0,0,0,0,0,0,0,0,0,0,1,0,0,0
datasets/CleanSet1/html/go.com_clean.html,0,0,4,102,102,0,19,0,0,0,0,9278,6,0,0,0,0,0,0,2,0,0,0,0,1,0,0,0,0,0,0,0,0,0,0,1,0,2,0
datasets/CleanSet1/html/goal.com_clean.html,0,0,54,300,81,0,191,0,0,0,0,15437,5,0,0,0,0,0,0,0,0,0,0,0,0,1,0,0,0,0,0,0,0,0,0,3,0,0,1
datasets/CleanSet1/html/gofundme.com_clean.html,0,0,14,83,11,0,28,0,0,0,0,3858,6,0,0,1,0,0,0,0,0,0,0,0,0,0,0,0,0,2,0,0,0,0,0,3,0,0,0
datasets/CleanSet1/html/goodreads.com_clean.html,1,2,0,134,14,0,17,0,0,0,0,4642,2,0,0,0,0,0,0,0,0,0,0,0,0,0,0,0,0,0,0,0,0,0,0,0,2,0,0
datasets/CleanSet1/html/google-analytics.com_clean.html,0,0,11,65,31,0,10,1,0,0,0,4889,2,2,0,0,0,0,0,0,0,0,0,0,0,0,0,0,0,0,0,0,0,0,0,0,0,0,0
datasets/CleanSet1/html/google.ca_clean.html,1,8,1,15,12,0,13,0,0,0,0,348,1,1,0,0,0,0,0,0,0,0,0,0,0,0,0,0,0,0,0,0,0,0,0,0,0,0,0
datasets/CleanSet1/html/google.cn_clean.html,0,0,0,2,2,0,0,0,0,0,0,72,0,0,0,0,0,0,0,0,0,0,0,0,0,0,0,0,0,0,0,0,0,0,0,0,0,0,0
datasets/CleanSet1/html/google.co.id_clean.html,1,8,1,15,12,0,12,0,0,0,0,348,1,1,0,0,0,0,0,0,0,0,0,0,0,0,0,0,0,0,0,0,0,0,0,0,0,0,0
datasets/CleanSet1/html/google.co.jp_clean.html,1,8,1,15,12,0,12,0,0,0,0,348,1,1,0,0,0,0,0,0,0,0,0,0,0,0,0,0,0,0,0,0,0,0,0,0,0,0,0
datasets/CleanSet1/html/google.co.uk_clean.html,1,8,1,15,12,0,13,0,0,0,0,348,1,1,0,0,0,0,0,0,0,0,0,0,0,0,0,0,0,0,0,0,0,0,0,0,0,0,0
datasets/CleanSet1/html/google.com.au_clean.html,1,8,1,15,12,0,12,0,0,0,0,348,1,1,0,0,0,0,0,0,0,0,0,0,0,0,0,0,0,0,0,0,0,0,0,0,0,0,0
datasets/CleanSet1/html/google.com.br_clean.html,1,8,1,15,12,0,13,0,0,0,0,348,1,1,0,0,0,0,0,0,0,0,0,0,0,0,0,0,0,0,0,0,0,0,0,0,0,0,0
datasets/CleanSet1/html/google.com.hk_clean.html,1,8,1,15,12,0,12,0,0,0,0,348,1,1,0,0,0,0,0,0,0,0,0,0,0,0,0,0,0,0,0,0,0,0,0,0,0,0,0
datasets/CleanSet1/html/google.com_clean.html,1,9,0,29,22,0,12,0,0,0,0,326,2,1,0,0,0,0,0,0,0,0,0,0,0,0,0,0,0,0,0,0,0,0,0,0,1,0,0
datasets/CleanSet1/html/google.de_clean.html,1,8,1,15,12,0,12,0,0,0,0,348,1,1,0,0,0,0,0,0,0,0,0,0,0,0,0,0,0,0,0,0,0,0,0,0,0,0,0
datasets/CleanSet1/html/google.fr_clean.html,1,8,1,15,12,0,12,0,0,0,0,348,1,1,0,0,0,0,0,0,0,0,0,0,0,0,0,0,0,0,0,0,0,0,0,0,0,0,0
datasets/CleanSet1/html/google.it_clean.html,1,8,1,15,12,0,12,0,0,0,0,348,1,1,0,0,0,0,0,0,0,0,0,0,0,0,0,0,0,0,0,0,0,0,0,0,0,0,0
datasets/CleanSet1/html/google.nl_clean.html,1,8,1,15,12,0,12,0,0,0,0,348,1,1,0,0,0,0,0,0,0,0,0,0,0,0,0,0,0,0,0,0,0,0,0,0,0,0,0
datasets/CleanSet1/html/google.ru_clean.html,1,8,1,15,12,0,12,0,0,0,0,348,1,1,0,0,0,0,0,0,0,0,0,0,0,0,0,0,0,0,0,0,0,0,0,0,0,0,0
datasets/CleanSet1/html/googleblog.com_clean.html,1,2,45,236,63,1,11,1,0,0,0,6615,21,0,0,0,0,0,0,12,0,0,0,0,4,1,0,0,0,0,4,0,0,0,0,0,0,0,0
datasets/CleanSet1/html/googledomains.com_clean.html,0,0,0,6,6,0,0,0,0,0,0,598,3,0,0,0,0,0,0,0,0,0,0,0,0,0,0,0,0,0,0,0,0,0,0,2,1,0,0
datasets/CleanSet1/html/googlesyndication.com_clean.html,1,8,1,15,12,0,12,0,0,0,0,348,1,1,0,0,0,0,0,0,0,0,0,0,0,0,0,0,0,0,0,0,0,0,0,0,0,0,0
datasets/CleanSet1/html/googlevideo.com_clean.html,1,9,0,12,10,0,7,0,0,0,0,293,1,1,0,0,0,0,0,0,0,0,0,0,0,0,0,0,0,0,0,0,0,0,0,0,0,0,0
datasets/CleanSet1/html/gosuslugi.ru_clean.html,0,0,0,0,0,0,1,0,0,0,0,248,0,0,0,0,0,0,0,0,0,0,0,0,0,0,0,0,0,0,0,0,0,0,0,0,0,0,0
datasets/CleanSet1/html/grammarly.com_clean.html,0,1,30,186,186,0,19,1,0,0,0,7998,19,0,3,0,0,0,0,0,0,0,0,0,0,0,0,0,0,0,5,0,0,1,0,8,2,0,0
datasets/CleanSet1/html/gravatar.com_clean.html,0,2,3,39,37,0,10,0,0,0,0,4174,5,0,0,0,0,0,0,0,0,0,0,0,4,0,0,0,0,0,0,0,0,0,0,0,1,0,0
datasets/CleanSet1/html/gsmarena.com_clean.html,2,6,1,197,17,0,16,0,1,1,0,5965,7,1,1,0,0,0,1,1,0,0,0,0,0,1,0,0,0,0,0,0,0,0,0,2,0,0,0
datasets/CleanSet1/html/gumgum.com_clean.html,2,25,1,124,17,0,33,2,0,2,0,11327,8,2,1,0,0,0,0,0,0,0,0,0,0,0,0,0,0,0,2,0,0,0,0,2,0,1,0
datasets/CleanSet1/html/haberler.com_clean.html,2,11,15,466,65,0,46,1,0,0,0,15771,1,0,0,0,0,0,0,0,0,0,0,0,0,0,0,0,0,0,0,0,0,0,0,0,0,1,0
datasets/CleanSet1/html/hamsterix.today_clean.html,2,5,6,395,387,0,18,1,1,0,0,8893,5,0,0,2,0,0,0,0,0,0,0,0,0,0,0,0,0,0,0,0,0,0,1,2,0,0,0
datasets/CleanSet1/html/harvard.edu_clean.html,0,0,37,172,167,0,18,1,0,0,0,11058,4,0,0,0,0,0,0,0,0,0,0,0,0,0,0,0,0,0,2,0,0,1,0,1,0,0,0
datasets/CleanSet1/html/hath.network_clean.html,0,0,0,1,1,0,0,0,0,0,0,110,0,0,0,0,0,0,0,0,0,0,0,0,0,0,0,0,0,0,0,0,0,0,0,0,0,0,0
datasets/CleanSet1/html/hbr.org_clean.html,1,1,18,250,16,0,18,0,0,0,0,7068,14,0,0,0,0,0,0,0,0,0,0,0,1,0,0,0,0,0,0,0,0,0,0,4,9,0,0
datasets/CleanSet1/html/hdhub4u.build_clean.html,0,0,0,3,1,0,9,1,0,0,0,11233,6,0,0,0,0,0,0,0,0,0,0,0,2,0,0,0,0,0,0,0,0,1,0,0,3,0,0
datasets/CleanSet1/html/hdhub4u.gs_clean.html,0,0,0,3,1,0,9,1,0,0,0,11233,6,0,0,0,0,0,0,0,0,0,0,0,2,0,0,0,0,0,0,0,0,1,0,0,3,0,0
datasets/CleanSet1/html/hdtube.porn_clean.html,1,1,4,258,177,0,10,1,0,0,0,6428,3,1,0,0,0,0,0,0,0,0,0,0,1,0,0,1,0,0,0,0,0,0,0,0,0,0,0
datasets/CleanSet1/html/he.net_clean.html,0,0,0,33,9,1,5,0,0,0,0,1016,2,1,0,0,0,0,0,0,0,0,0,0,0,0,0,0,0,0,0,0,0,0,0,1,0,0,0
datasets/CleanSet1/html/healthline.com_clean.html,0,0,8,168,165,0,26,1,0,0,0,4462,1,0,0,0,0,0,0,0,0,0,0,0,0,0,0,0,0,0,0,0,0,0,0,1,0,0,0
datasets/CleanSet1/html/here.com_clean.html,3,3,32,120,32,0,59,2,0,0,0,3366,5,0,0,0,0,0,0,0,0,0,0,0,0,0,0,0,0,0,1,0,0,0,0,4,0,0,0
datasets/CleanSet1/html/heytapmobi.com_clean.html,0,0,0,4,3,0,1,0,0,0,0,1081,0,0,0,0,0,0,0,0,0,0,0,0,0,0,0,0,0,0,0,0,0,0,0,0,0,0,0
datasets/CleanSet1/html/hh.ru_clean.html,3,13,19,156,39,0,36,0,0,0,0,7661,0,0,0,0,0,0,0,0,0,0,0,0,0,0,0,0,0,0,0,0,0,0,0,0,0,0,0
datasets/CleanSet1/html/hichina.com_clean.html,0,0,0,17,5,0,14,0,0,0,0,983,0,0,0,0,0,0,0,0,0,0,0,0,0,0,0,0,0,0,0,0,0,0,0,0,0,0,0
datasets/CleanSet1/html/hicloud.com_clean.html,0,16,0,11,1,0,9,2,0,0,0,1515,1,0,0,0,0,0,0,0,0,0,0,0,0,0,0,0,0,1,0,0,0,0,0,0,0,0,0
datasets/CleanSet1/html/hihonorcloud.com_clean.html,0,0,0,0,0,0,5,0,0,0,0,0,0,0,0,0,0,0,0,0,0,0,0,0,0,0,0,0,0,0,0,0,0,0,0,0,0,0,0
datasets/CleanSet1/html/hindustantimes.com_clean.html,0,2,7,750,689,0,55,1,0,0,0,15544,34,0,0,0,0,0,0,0,0,0,0,0,26,0,0,0,0,0,0,0,0,1,0,2,3,2,0
datasets/CleanSet1/html/hitomi.la_clean.html,0,1,1,8,0,0,23,0,0,0,0,221,0,0,0,0,0,0,0,0,0,0,0,0,0,0,0,0,0,0,0,0,0,0,0,0,0,0,0
datasets/CleanSet1/html/hochi.news_clean.html,1,1,19,363,59,0,46,1,0,0,0,14281,0,0,0,0,0,0,0,0,0,0,0,0,0,0,0,0,0,0,0,0,0,0,0,0,0,0,0
datasets/CleanSet1/html/hostgator.com.br_clean.html,1,1,67,64,22,0,46,0,0,0,0,1994,0,0,0,0,0,0,0,0,0,0,0,0,0,0,0,0,0,0,0,0,0,0,0,0,0,0,0
datasets/CleanSet1/html/hotjar.com_clean.html,1,2,10,59,58,0,30,1,0,1,0,2612,3,0,0,1,0,0,0,0,0,0,1,0,0,0,0,0,0,1,0,0,0,0,0,0,0,0,0
datasets/CleanSet1/html/hotpepper.jp_clean.html,0,80,0,371,46,0,10,0,0,0,0,4764,0,0,0,0,0,0,0,0,0,0,0,0,0,0,0,0,0,0,0,0,0,0,0,0,0,0,0
datasets/CleanSet1/html/hp.com_clean.html,0,3,1,406,359,0,15,2,0,0,0,8764,12,0,0,0,0,0,0,0,0,0,0,0,0,0,0,0,3,2,2,0,0,1,0,4,0,0,0
datasets/CleanSet1/html/hqporner.com_clean.html,1,1,0,265,9,0,71,0,0,0,0,4789,2,0,0,0,0,0,0,0,0,0,0,0,0,0,0,0,0,0,0,0,0,1,0,1,0,0,0
datasets/CleanSet1/html/huawei.com_clean.html,0,15,1,234,123,0,22,0,0,0,0,4960,6,0,0,0,0,0,0,0,0,0,0,0,2,0,0,0,0,0,1,0,0,0,0,3,0,0,0
datasets/CleanSet1/html/hubspot.com_clean.html,0,2,38,236,97,0,47,0,0,0,0,13901,18,0,2,0,0,0,0,0,0,0,0,0,7,0,0,0,0,0,1,0,0,1,0,7,0,0,0
datasets/CleanSet1/html/huffingtonpost.com_clean.html,1,2,7,292,239,0,53,0,0,1,0,10867,4,0,1,0,0,0,0,0,0,0,0,0,1,0,0,0,0,0,0,0,0,1,0,1,0,0,0
datasets/CleanSet1/html/huffpost.com_clean.html,1,2,7,292,239,0,53,0,0,1,0,10867,4,0,1,0,0,0,0,0,0,0,0,0,1,0,0,0,0,0,0,0,0,1,0,1,0,0,0
datasets/CleanSet1/html/hulu.com_clean.html,0,0,33,97,23,0,16,0,0,0,0,19856,9,0,1,0,0,0,0,4,0,0,0,0,0,0,0,0,0,0,0,0,0,2,0,0,2,0,0
datasets/CleanSet1/html/humoruniv.com_clean.html,3,6,0,281,2,0,13,3,0,0,0,6992,0,0,0,0,0,0,0,0,0,0,0,0,0,0,0,0,0,0,0,0,0,0,0,0,0,0,0
datasets/CleanSet1/html/iana.org_clean.html,0,0,0,34,4,0,3,0,0,0,0,1316,1,0,0,0,0,0,0,0,0,0,0,0,0,0,0,0,0,0,0,0,0,0,0,1,0,0,0
datasets/CleanSet1/html/ibm.com_clean.html,0,7,0,39,38,0,59,1,0,0,0,3972,5,0,0,0,0,0,0,0,0,0,0,0,0,0,0,0,0,3,0,0,0,0,0,0,0,0,2
datasets/CleanSet1/html/icloud-content.com_clean.html,1,15,5,113,9,0,19,0,0,0,0,4136,11,0,0,0,0,0,0,0,0,0,0,0,0,0,0,0,0,0,5,0,0,0,0,4,2,0,0
datasets/CleanSet1/html/icloud.com_clean.html,0,0,0,0,0,0,8,0,0,0,0,9,0,0,0,0,0,0,0,0,0,0,0,0,0,0,0,0,0,0,0,0,0,0,0,0,0,0,0
datasets/CleanSet1/html/id5-sync.com_clean.html,0,0,0,0,0,0,0,0,0,0,0,12,0,0,0,0,0,0,0,0,0,0,0,0,0,0,0,0,0,0,0,0,0,0,0,0,0,0,0
datasets/CleanSet1/html/idnes.cz_clean.html,2,4,0,501,461,0,39,1,0,0,0,18407,0,0,0,0,0,0,0,0,0,0,0,0,0,0,0,0,0,0,0,0,0,0,0,0,0,0,0
datasets/CleanSet1/html/ieee.org_clean.html,1,1,26,179,68,0,16,1,0,0,0,11969,7,0,0,0,0,0,0,0,0,0,0,0,0,0,0,0,0,0,3,0,0,0,0,2,2,0,0
datasets/CleanSet1/html/ietf.org_clean.html,3,6,11,165,30,0,5,0,0,0,0,6668,5,0,0,0,0,0,0,0,0,0,0,0,0,0,0,0,0,0,3,0,0,0,0,2,0,0,0
datasets/CleanSet1/html/ign.com_clean.html,1,2,4,434,424,0,36,0,0,0,0,17927,8,2,0,1,1,1,0,0,0,0,0,0,0,1,0,0,0,1,0,0,0,0,0,0,0,0,1
datasets/CleanSet1/html/ijavhd.com_clean.html,1,1,0,172,169,0,5,0,0,0,0,5491,1,0,0,0,0,0,0,0,0,0,0,0,0,0,0,0,0,0,0,0,0,0,0,1,0,0,0
datasets/CleanSet1/html/ikea.com_clean.html,0,0,8,162,161,0,12,0,0,0,0,5292,1,0,0,0,0,0,0,0,0,0,0,0,0,0,0,0,0,0,0,0,0,0,0,1,0,0,0
datasets/CleanSet1/html/ilmeteo.it_clean.html,3,5,8,302,83,0,39,1,0,0,0,9704,5,0,0,0,0,0,0,0,0,0,0,0,0,0,0,0,0,0,0,0,0,0,0,5,0,0,0
datasets/CleanSet1/html/ilovepdf.com_clean.html,0,0,0,175,16,0,8,0,0,0,0,6092,15,2,0,0,0,0,2,0,0,0,0,0,0,0,0,0,0,0,6,0,0,2,0,3,0,0,0
datasets/CleanSet1/html/iltalehti.fi_clean.html,0,0,7,78,12,1,12,0,0,0,0,3819,1,0,0,0,0,0,0,1,0,0,0,0,0,0,0,0,0,0,0,0,0,0,0,0,0,0,0
datasets/CleanSet1/html/imagefap.com_clean.html,2,11,0,412,384,0,17,0,0,0,0,16311,5,0,0,0,0,0,0,0,0,0,0,0,4,0,0,0,0,0,0,0,0,0,0,1,0,0,0
datasets/CleanSet1/html/imdb.com_clean.html,2,13,2,124,26,0,180,0,0,0,0,4720,3,3,0,0,0,0,0,0,0,0,0,0,0,0,0,0,0,0,0,0,0,0,0,0,0,0,0
datasets/CleanSet1/html/imgsmail.ru_clean.html,0,0,0,0,0,0,2,0,0,0,0,0,0,0,0,0,0,0,0,0,0,0,0,0,0,0,0,0,0,0,0,0,0,0,0,0,0,0,0
datasets/CleanSet1/html/imgsrc.ru_clean.html,0,0,0,85,2,0,2,0,0,0,0,1219,1,0,1,0,0,0,0,0,0,0,0,0,0,0,0,0,0,0,0,0,0,0,0,0,0,0,0
datasets/CleanSet1/html/imgur.com_clean.html,0,0,0,0,0,0,15,1,0,0,0,158,0,0,0,0,0,0,0,0,0,0,0,0,0,0,0,0,0,0,0,0,0,0,0,0,0,0,0
datasets/CleanSet1/html/imhentai.xxx_clean.html,2,39,2,139,9,0,29,0,0,0,0,2154,4,2,0,0,0,0,0,0,0,0,0,0,1,0,0,0,0,0,0,0,0,0,0,1,0,0,0
datasets/CleanSet1/html/immunet.com_clean.html,0,0,35,48,26,0,19,0,0,0,0,5618,22,0,2,0,0,0,0,0,0,0,0,0,0,0,0,0,0,0,19,0,0,0,0,1,0,0,0
datasets/CleanSet1/html/incometax.gov.in_clean.html,2,9,5,312,101,0,159,0,0,0,0,10233,51,2,0,0,0,0,0,0,0,0,0,0,26,0,0,9,0,0,0,0,0,0,0,2,7,5,0
datasets/CleanSet1/html/independent.co.uk_clean.html,1,2,5,555,47,0,22,1,0,1,0,13862,5,0,1,0,0,0,0,0,0,0,0,0,1,0,0,0,0,0,2,0,0,0,0,1,0,0,0
datasets/CleanSet1/html/index.hr_clean.html,3,3,3,354,40,0,56,1,0,1,0,17650,2,2,0,0,0,0,0,0,0,0,0,0,0,0,0,0,0,0,0,0,0,0,0,0,0,0,0
datasets/CleanSet1/html/indexww.com_clean.html,0,0,0,0,0,0,0,0,0,0,0,5,0,0,0,0,0,0,0,0,0,0,0,0,0,0,0,0,0,0,0,0,0,0,0,0,0,0,0
datasets/CleanSet1/html/india.com_clean.html,1,7,3,179,177,0,49,2,0,0,0,12082,12,1,0,0,0,0,0,0,0,0,0,0,6,0,0,0,0,0,0,0,0,3,0,1,0,1,0
datasets/CleanSet1/html/indianbfvideos.com_clean.html,1,1,2,132,109,0,13,0,0,0,0,5412,0,0,0,0,0,0,0,0,0,0,0,0,0,0,0,0,0,0,0,0,0,0,0,0,0,0,0
datasets/CleanSet1/html/indiatimes.com_clean.html,0,0,9,104,71,1,23,0,0,0,0,4451,3,0,0,0,0,0,0,0,0,0,0,0,0,0,0,0,0,0,0,0,0,0,0,2,0,1,0
datasets/CleanSet1/html/infobae.com_clean.html,0,0,4,151,57,0,30,1,0,0,0,11865,4,0,0,1,0,0,0,0,0,0,0,0,0,2,0,0,0,0,0,0,0,0,0,1,0,0,0
datasets/CleanSet1/html/inkuai.com_clean.html,0,0,0,4,3,0,0,0,0,0,0,690,0,0,0,0,0,0,0,0,0,0,0,0,0,0,0,0,0,0,0,0,0,0,0,0,0,0,0
datasets/CleanSet1/html/inmobi.com_clean.html,0,0,0,20,15,0,13,1,0,0,0,871,0,0,0,0,0,0,0,0,0,0,0,0,0,0,0,0,0,0,0,0,0,0,0,0,0,0,0
datasets/CleanSet1/html/instagram.com_clean.html,0,0,0,0,0,0,72,0,0,0,0,9,0,0,0,0,0,0,0,0,0,0,0,0,0,0,0,0,0,0,0,0,0,0,0,0,0,0,0
datasets/CleanSet1/html/instructure.com_clean.html,1,2,3,155,15,0,25,2,0,0,0,9816,7,3,0,0,0,0,0,0,0,0,0,0,0,0,0,1,0,0,1,0,0,0,0,1,0,1,0
datasets/CleanSet1/html/intentiq.com_clean.html,1,13,11,77,56,1,39,0,0,1,0,2958,6,3,0,0,0,0,0,0,0,0,0,0,0,0,0,0,0,0,0,0,0,0,0,3,0,0,0
datasets/CleanSet1/html/intercom.io_clean.html,0,0,1,13,11,0,27,0,0,0,0,544,3,0,0,0,0,0,0,0,0,0,0,0,0,0,0,0,0,0,1,0,0,0,0,2,0,0,0
datasets/CleanSet1/html/interia.pl_clean.html,1,1,3,553,523,0,93,1,0,0,0,20716,2,0,0,0,0,0,0,0,0,0,0,0,0,0,0,0,0,0,0,0,0,0,0,0,0,2,0
datasets/CleanSet1/html/intuit.com_clean.html,1,2,17,135,126,0,63,0,0,0,0,4937,8,0,0,0,0,0,0,0,0,0,0,0,0,0,0,0,0,0,1,0,0,0,0,1,6,0,0
datasets/CleanSet1/html/investopedia.com_clean.html,2,2,15,237,216,0,7,2,0,0,0,7055,14,2,0,0,0,0,0,0,0,0,0,0,0,0,0,0,0,0,0,0,0,0,0,1,6,5,0
datasets/CleanSet1/html/ip-api.com_clean.html,1,1,1,19,5,2,1,0,0,0,0,2379,4,0,0,0,0,0,0,0,0,0,0,0,2,0,0,0,0,0,0,0,0,0,0,2,0,0,0
datasets/CleanSet1/html/ipify.org_clean.html,0,0,0,53,45,2,9,0,0,0,0,10946,1,0,0,0,0,0,0,0,0,0,0,0,0,0,0,0,0,0,0,0,0,0,0,1,0,0,0
datasets/CleanSet1/html/ipinfo.io_clean.html,1,1,27,133,20,0,13,0,0,0,0,7947,14,1,0,0,0,0,0,0,0,0,0,0,1,0,0,0,0,0,2,0,0,0,0,10,0,0,0
datasets/CleanSet1/html/iponweb.net_clean.html,1,2,0,0,0,0,1,0,0,0,0,41,1,0,1,0,0,0,0,0,0,0,0,0,0,0,0,0,0,0,0,0,0,0,0,0,0,0,0
datasets/CleanSet1/html/irs.gov_clean.html,2,2,6,217,23,0,13,1,0,0,0,6843,18,0,0,0,0,0,0,0,0,0,0,0,5,0,0,0,0,0,0,0,0,0,0,1,9,3,0
datasets/CleanSet1/html/iso.org_clean.html,1,1,3,137,9,2,9,0,0,0,0,6669,15,0,0,0,0,0,0,0,0,0,0,0,1,0,0,0,0,0,12,0,0,0,0,2,0,0,0
datasets/CleanSet1/html/issuu.com_clean.html,1,2,5,121,15,0,54,0,0,0,0,6858,6,0,1,0,0,0,0,1,0,0,0,0,0,0,0,0,0,0,0,0,0,1,0,2,1,0,0
datasets/CleanSet1/html/istockphoto.com_clean.html,0,0,0,2,1,0,18,1,0,0,0,108,0,0,0,0,0,0,0,0,0,0,0,0,0,0,0,0,0,0,0,0,0,0,0,0,0,0,0
datasets/CleanSet1/html/itmedia.co.jp_clean.html,0,0,0,285,256,0,48,0,0,0,0,17196,1,0,0,0,0,0,0,1,0,0,0,0,0,0,0,0,0,0,0,0,0,0,0,0,0,0,0
datasets/CleanSet1/html/ivi.ru_clean.html,0,0,3,180,95,0,19,1,0,0,0,5698,0,0,0,0,0,0,0,0,0,0,0,0,0,0,0,0,0,0,0,0,0,0,0,0,0,0,0
datasets/CleanSet1/html/ixbt.com_clean.html,1,4,1,430,191,0,29,1,0,0,0,14488,0,0,0,0,0,0,0,0,0,0,0,0,0,0,0,0,0,0,0,0,0,0,0,0,0,0,0
datasets/CleanSet1/html/ixl.com_clean.html,2,12,4,80,21,0,72,0,1,0,0,3448,6,0,0,3,0,0,0,0,0,0,0,0,0,0,0,0,0,0,0,0,0,0,1,2,0,0,0
datasets/CleanSet1/html/ixxx.com_clean.html,4,4,54,982,5,0,3,0,0,0,0,23251,5,0,0,2,1,0,0,0,0,0,0,0,0,0,0,0,0,0,0,0,0,0,0,1,0,1,0
datasets/CleanSet1/html/jagran.com_clean.html,1,42,0,222,29,0,27,1,0,0,0,5819,1,0,0,0,0,0,0,0,0,0,0,0,1,0,0,0,0,0,0,0,0,0,0,0,0,0,0
datasets/CleanSet1/html/jalan.net_clean.html,7,120,4,225,38,0,91,0,0,0,0,6684,0,0,0,0,0,0,0,0,0,0,0,0,0,0,0,0,0,0,0,0,0,0,0,0,0,0,0
datasets/CleanSet1/html/jd.com_clean.html,0,0,0,31,3,0,26,0,0,0,0,1245,0,0,0,0,0,0,0,0,0,0,0,0,0,0,0,0,0,0,0,0,0,0,0,0,0,0,0
datasets/CleanSet1/html/jetbrains.com_clean.html,0,0,0,0,0,0,16,1,0,0,0,60,0,0,0,0,0,0,0,0,0,0,0,0,0,0,0,0,0,0,0,0,0,0,0,0,0,0,0
datasets/CleanSet1/html/jimdo.com_clean.html,0,0,18,70,12,0,33,0,0,0,0,5903,9,0,2,0,0,0,0,0,0,0,0,0,1,2,0,0,0,0,0,0,0,0,0,4,0,0,0
datasets/CleanSet1/html/jino.ru_clean.html,0,0,9,94,10,0,9,0,0,0,0,4041,0,0,0,0,0,0,0,0,0,0,0,0,0,0,0,0,0,0,0,0,0,0,0,0,0,0,0
datasets/CleanSet1/html/jotform.com_clean.html,0,0,27,243,14,0,35,1,0,0,0,5971,11,1,0,0,0,0,0,0,0,0,0,0,1,0,0,0,0,0,1,0,0,0,0,7,1,0,0
datasets/CleanSet1/html/jquery.com_clean.html,1,1,2,69,65,0,4,0,0,0,0,3203,4,0,0,0,0,0,0,0,0,0,0,0,0,0,0,0,0,0,0,0,0,2,0,2,0,0,0
datasets/CleanSet1/html/jra.go.jp_clean.html,3,7,3,313,44,0,12,0,0,0,0,8599,0,0,0,0,0,0,0,0,0,0,0,0,0,0,0,0,0,0,0,0,0,0,0,0,0,0,0
datasets/CleanSet1/html/jra.jp_clean.html,3,7,3,313,44,0,12,0,0,0,0,8599,0,0,0,0,0,0,0,0,0,0,0,0,0,0,0,0,0,0,0,0,0,0,0,0,0,0,0
datasets/CleanSet1/html/jstor.org_clean.html,1,1,0,0,0,0,13,1,0,0,0,1752,0,0,0,0,0,0,0,0,0,0,0,0,0,0,0,0,0,0,0,0,0,0,0,0,0,0,0
datasets/CleanSet1/html/justindianporn.info_clean.html,1,8,0,320,1,0,9,0,1,0,0,9025,4,1,0,0,0,0,2,0,0,0,0,0,0,0,0,0,0,0,0,0,0,0,0,1,0,0,0
datasets/CleanSet1/html/jutarnji.hr_clean.html,1,2,23,348,103,0,73,2,0,0,0,20394,4,1,0,0,0,0,0,2,0,0,0,0,0,0,0,0,0,0,0,0,0,0,0,0,0,1,0
datasets/CleanSet1/html/jw.org_clean.html,2,6,16,216,16,0,9,0,0,0,0,5603,3,1,2,0,0,0,0,0,0,0,0,0,0,0,0,0,0,0,0,0,0,0,0,0,0,0,0
datasets/CleanSet1/html/jwplayer.com_clean.html,2,20,2,142,130,0,38,1,0,0,0,9706,7,2,0,0,0,0,0,0,0,0,0,0,1,0,0,0,0,0,2,0,0,0,0,2,0,0,0
datasets/CleanSet1/html/kakuyomu.jp_clean.html,2,2,4,228,20,0,30,0,0,0,0,3932,0,0,0,0,0,0,0,0,0,0,0,0,0,0,0,0,0,0,0,0,0,0,0,0,0,0,0
datasets/CleanSet1/html/kargo.com_clean.html,1,1,10,71,25,1,41,0,0,0,0,2171,3,0,0,0,0,0,0,0,0,0,0,0,0,0,0,0,0,0,0,0,0,1,0,2,0,0,0
datasets/CleanSet1/html/kaspersky-labs.com_clean.html,0,0,73,234,127,0,44,1,0,0,0,11746,18,0,0,0,0,8,3,0,0,0,0,0,0,0,0,0,0,0,5,0,0,0,0,2,0,0,0
datasets/CleanSet1/html/kaspersky.com_clean.html,0,0,22,211,130,0,55,1,0,0,0,13133,11,0,0,0,1,0,2,0,0,0,0,0,0,1,0,0,0,0,5,0,0,0,0,2,0,0,0
datasets/CleanSet1/html/kaspi.kz_clean.html,0,0,19,124,41,0,6,0,0,0,0,4883,1,0,0,0,0,0,0,0,0,0,0,0,0,0,0,0,0,0,0,0,0,0,0,0,0,1,0
datasets/CleanSet1/html/kbz0pwvxmv.com_clean.html,0,0,8,46,22,1,28,1,0,0,0,2691,5,0,2,0,0,0,0,0,0,0,0,0,1,0,0,0,0,0,0,0,0,0,0,1,1,0,0
datasets/CleanSet1/html/kemono.cr_clean.html,0,0,0,0,0,0,8,0,0,0,0,6,0,0,0,0,0,0,0,0,0,0,0,0,0,0,0,0,0,0,0,0,0,0,0,0,0,0,0
datasets/CleanSet1/html/kernel.org_clean.html,0,0,0,96,96,0,0,0,0,0,0,1594,1,0,0,0,0,0,0,0,0,0,0,0,0,0,0,0,0,0,0,0,0,0,0,1,0,0,0
datasets/CleanSet1/html/khabaronline.ir_clean.html,1,1,3,788,54,0,18,0,0,0,0,29074,0,0,0,0,0,0,0,0,0,0,0,0,0,0,0,0,0,0,0,0,0,0,0,0,0,0,0
datasets/CleanSet1/html/kingbokep.pro_clean.html,1,1,3,44,1,0,8,0,0,0,0,1829,3,0,0,0,0,0,0,0,0,0,0,0,3,0,0,0,0,0,0,0,0,0,0,0,0,0,0
datasets/CleanSet1/html/kingbokep.tv_clean.html,1,1,3,44,1,0,8,0,0,0,0,1829,3,0,0,0,0,0,0,0,0,0,0,0,3,0,0,0,0,0,0,0,0,0,0,0,0,0,0
datasets/CleanSet1/html/kkstories.com_clean.html,2,8,1,754,729,0,14,2,1,0,0,14262,3,0,2,0,0,0,1,0,0,0,0,0,0,0,0,0,0,0,0,0,0,0,0,0,0,0,0
datasets/CleanSet1/html/klaviyo.com_clean.html,1,1,16,341,286,0,24,1,0,1,0,11390,11,1,4,0,0,0,0,0,0,0,0,0,0,0,0,0,0,0,3,0,0,0,0,3,0,0,0
datasets/CleanSet1/html/kleinanzeigen.de_clean.html,1,13,26,260,30,0,43,1,0,0,0,6514,1,0,0,0,0,0,0,0,0,0,0,0,0,0,0,0,0,0,0,0,0,0,0,1,0,0,0
datasets/CleanSet1/html/komiku.org_clean.html,2,3,8,284,5,0,10,0,0,0,0,7852,3,0,0,0,0,0,0,0,0,0,0,0,2,0,0,0,0,0,0,0,0,0,0,1,0,0,0
datasets/CleanSet1/html/kompoz2.com_clean.html,1,1,1,82,2,0,16,0,0,0,0,5596,3,0,0,0,0,0,0,0,0,0,0,0,1,0,0,0,0,0,0,0,0,1,0,1,0,0,0
datasets/CleanSet1/html/kontur.ru_clean.html,0,0,0,0,0,0,3,0,0,0,0,0,0,0,0,0,0,0,0,0,0,0,0,0,0,0,0,0,0,0,0,0,0,0,0,0,0,0,0
datasets/CleanSet1/html/kooora.com_clean.html,0,20,39,204,12,0,25,0,0,0,0,13230,0,0,0,0,0,0,0,0,0,0,0,0,0,0,0,0,0,0,0,0,0,0,0,0,0,0,0
datasets/CleanSet1/html/kslawin.com_clean.html,0,0,0,0,0,0,14,0,0,0,0,41,0,0,0,0,0,0,0,0,0,0,0,0,0,0,0,0,0,0,0,0,0,0,0,0,0,0,0
datasets/CleanSet1/html/kueezrtb.com_clean.html,1,9,0,47,6,0,15,0,0,1,0,4200,2,0,0,0,0,0,0,0,0,0,0,0,0,0,0,0,0,0,0,0,0,0,0,2,0,0,0
datasets/CleanSet1/html/kwai-pro.com_clean.html,0,0,0,0,0,0,3,0,0,0,0,0,0,0,0,0,0,0,0,0,0,0,0,0,0,0,0,0,0,0,0,0,0,0,0,0,0,0,0
datasets/CleanSet1/html/kwai.com_clean.html,0,0,0,0,0,0,14,0,0,0,0,41,0,0,0,0,0,0,0,0,0,0,0,0,0,0,0,0,0,0,0,0,0,0,0,0,0,0,0
datasets/CleanSet1/html/kwai.net_clean.html,0,0,0,0,0,0,14,0,0,0,0,41,0,0,0,0,0,0,0,0,0,0,0,0,0,0,0,0,0,0,0,0,0,0,0,0,0,0,0
datasets/CleanSet1/html/kwaipros.com_clean.html,0,0,0,0,0,0,3,0,0,0,0,0,0,0,0,0,0,0,0,0,0,0,0,0,0,0,0,0,0,0,0,0,0,0,0,0,0,0,0
datasets/CleanSet1/html/ladepeche.fr_clean.html,4,14,7,628,94,0,7,1,0,0,0,49319,2,0,0,0,0,0,0,0,0,0,0,0,0,0,0,0,0,0,0,0,0,0,0,2,0,0,0
datasets/CleanSet1/html/ladies.de_clean.html,0,0,1,2,0,0,2,0,0,0,0,454,0,0,0,0,0,0,0,0,0,0,0,0,0,0,0,0,0,0,0,0,0,0,0,0,0,0,0
datasets/CleanSet1/html/lanacion.com.ar_clean.html,0,0,22,331,168,0,43,1,0,0,0,20166,2,0,0,0,0,0,0,0,0,0,0,0,0,0,0,0,0,0,0,0,0,0,0,1,0,1,0
datasets/CleanSet1/html/latimes.com_clean.html,2,2,78,844,830,12,29,0,0,1,0,24275,7,0,0,0,0,0,0,0,0,0,0,0,0,0,0,0,0,0,1,0,1,0,0,2,0,3,0
datasets/CleanSet1/html/launchdarkly.com_clean.html,1,1,0,135,51,0,20,1,0,0,0,7891,4,0,0,0,0,0,0,0,0,0,0,0,2,0,0,0,0,0,1,0,0,0,0,1,0,0,0
datasets/CleanSet1/html/launchpad.net_clean.html,1,1,1,39,26,0,9,0,0,0,0,4638,9,0,1,0,0,0,0,0,0,0,0,0,1,0,0,0,0,0,0,0,0,0,0,1,6,0,0
datasets/CleanSet1/html/lavanguardia.com_clean.html,1,2,19,310,139,0,62,0,0,0,0,19644,4,0,0,1,0,0,0,0,0,0,0,0,0,1,0,0,0,0,0,0,0,0,0,1,0,0,1
datasets/CleanSet1/html/lc.chat_clean.html,4,16,18,55,55,0,2,2,0,4,0,13650,3,0,1,0,0,0,0,0,0,0,0,0,0,0,0,0,0,0,0,0,0,1,0,1,0,0,0
datasets/CleanSet1/html/lefigaro.fr_clean.html,1,1,29,728,705,0,44,1,0,0,0,50438,4,0,0,0,0,0,0,0,0,0,0,0,0,1,0,0,0,0,0,0,0,0,1,2,0,0,0
datasets/CleanSet1/html/leiniao.com_clean.html,0,0,0,0,0,0,4,0,0,0,0,7,0,0,0,0,0,0,0,0,0,0,0,0,0,0,0,0,0,0,0,0,0,0,0,0,0,0,0
datasets/CleanSet1/html/lemonde.fr_clean.html,0,1,29,355,340,0,25,1,0,0,0,20762,3,0,0,0,0,0,0,2,0,0,0,0,0,0,0,0,0,0,0,0,0,0,0,1,0,0,0
datasets/CleanSet1/html/lencr.org_clean.html,0,0,4,59,16,0,5,1,0,0,0,3480,10,0,0,0,0,0,0,0,0,0,0,0,2,1,0,3,0,0,3,0,0,0,0,1,0,0,0
datasets/CleanSet1/html/lenovo.com_clean.html,1,2,9,27,20,0,44,1,0,0,0,2411,6,0,0,0,0,0,0,0,0,0,0,0,0,0,0,0,0,0,0,0,0,2,0,2,2,0,0
datasets/CleanSet1/html/leparisien.fr_clean.html,0,2,20,544,82,0,19,1,0,0,0,30515,1,0,0,0,0,0,0,0,0,0,0,0,0,0,0,0,0,0,0,0,0,0,0,1,0,0,0
datasets/CleanSet1/html/lequipe.fr_clean.html,0,1,19,338,28,0,38,0,0,0,0,14730,3,0,0,0,0,0,0,0,0,0,0,0,0,0,0,0,0,0,0,0,0,0,0,3,0,0,0
datasets/CleanSet1/html/letras.mus.br_clean.html,1,11,19,101,10,0,19,1,0,0,0,2823,4,1,0,1,0,0,0,0,0,0,0,0,0,0,0,0,0,0,0,0,0,0,0,2,0,0,0
datasets/CleanSet1/html/letsencrypt.org_clean.html,0,0,8,152,97,0,8,1,0,0,0,4107,9,0,0,0,0,0,0,0,0,0,0,0,1,0,0,0,0,0,7,0,0,0,0,1,0,0,0
datasets/CleanSet1/html/letterboxd.com_clean.html,6,28,28,204,15,0,34,0,1,1,0,9301,7,0,0,0,0,0,2,0,0,0,0,0,0,0,0,0,0,0,0,0,0,0,0,2,3,0,0
datasets/CleanSet1/html/lfstrm.tv_clean.html,0,0,0,18,16,0,22,0,0,0,0,857,1,0,0,0,0,0,0,0,0,0,0,0,0,0,0,0,0,0,0,0,0,0,0,1,0,0,0
datasets/CleanSet1/html/licdn.com_clean.html,2,4,42,135,126,0,6,0,0,0,0,5093,8,0,0,4,0,0,0,0,0,0,0,0,0,0,0,0,0,1,0,0,0,0,0,3,0,0,0
datasets/CleanSet1/html/lichess.org_clean.html,1,4,5,131,29,0,49,0,0,0,0,4274,3,0,0,1,0,0,0,0,0,0,0,0,1,0,0,0,0,0,0,0,0,0,0,1,0,0,0
datasets/CleanSet1/html/liftoff.io_clean.html,1,6,27,202,194,0,42,0,0,0,0,7688,6,1,3,0,0,0,0,0,0,0,0,0,0,0,0,0,0,0,0,0,0,0,0,2,0,0,0
datasets/CleanSet1/html/lijit.com_clean.html,0,0,0,6,3,0,1,0,0,0,0,337,1,0,0,0,0,0,0,0,0,0,0,0,0,0,0,0,0,0,0,0,0,0,0,1,0,0,0
datasets/CleanSet1/html/line.me_clean.html,0,0,0,16,2,0,8,1,0,0,0,477,0,0,0,0,0,0,0,0,0,0,0,0,0,0,0,0,0,0,0,0,0,0,0,0,0,0,0
datasets/CleanSet1/html/linkedin.com_clean.html,2,4,42,135,126,0,6,0,0,0,0,5093,8,0,0,4,0,0,0,0,0,0,0,0,0,0,0,0,0,1,0,0,0,0,0,3,0,0,0
datasets/CleanSet1/html/linklist.bio_clean.html,0,0,15,29,29,0,9,1,0,0,0,5398,9,0,0,1,1,0,0,0,0,0,0,0,0,0,0,0,0,0,0,0,0,0,4,3,0,0,0
datasets/CleanSet1/html/linktr.ee_clean.html,2,4,0,116,34,0,41,2,0,0,0,11959,15,0,2,0,0,0,0,0,0,0,0,0,2,0,0,0,0,0,0,0,0,5,0,5,1,0,0
datasets/CleanSet1/html/liteapks.com_clean.html,1,1,3,111,106,0,9,0,0,0,0,2507,1,0,0,0,0,0,0,0,0,0,0,0,0,0,0,0,0,0,0,0,0,0,0,1,0,0,0
datasets/CleanSet1/html/litnet.com_clean.html,1,2,1,363,23,0,97,1,0,0,0,13658,0,0,0,0,0,0,0,0,0,0,0,0,0,0,0,0,0,0,0,0,0,0,0,0,0,0,0
datasets/CleanSet1/html/live.com_clean.html,0,0,0,0,0,0,4,0,0,0,0,35,0,0,0,0,0,0,0,0,0,0,0,0,0,0,0,0,0,0,0,0,0,0,0,0,0,0,0
datasets/CleanSet1/html/livechatinc.com_clean.html,5,17,22,140,43,0,24,2,0,4,0,12717,9,0,2,0,0,0,0,0,0,0,0,0,2,0,0,0,0,0,1,0,0,2,0,2,0,0,0
datasets/CleanSet1/html/livedoor.com_clean.html,1,2,0,110,107,0,17,1,0,0,0,1940,0,0,0,0,0,0,0,0,0,0,0,0,0,0,0,0,0,0,0,0,0,0,0,0,0,0,0
datasets/CleanSet1/html/livehindustan.com_clean.html,1,2,1,390,344,0,53,1,0,0,0,11518,3,0,0,0,0,0,0,0,0,0,0,0,0,0,0,0,0,0,0,0,0,0,0,1,0,2,0
datasets/CleanSet1/html/livejournal.com_clean.html,3,9,11,72,57,0,15,0,1,0,0,1541,10,0,5,0,0,0,1,0,0,0,0,0,0,0,0,0,0,0,0,0,0,0,0,0,4,0,0
datasets/CleanSet1/html/livescore.com_clean.html,0,1,1,84,14,0,22,1,0,0,0,2617,2,0,0,0,0,0,0,0,0,0,0,0,1,0,0,0,0,0,0,0,0,0,0,1,0,0,0
datasets/CleanSet1/html/livescore.cz_clean.html,0,0,0,355,3,0,8,0,0,0,0,12632,0,0,0,0,0,0,0,0,0,0,0,0,0,0,0,0,0,0,0,0,0,0,0,0,0,0,0
datasets/CleanSet1/html/lk21official.cc_clean.html,4,2,41,460,10,0,7,0,0,0,0,17925,4,0,0,0,0,0,0,0,0,0,0,0,3,0,0,0,0,0,0,0,0,0,0,1,0,0,0
datasets/CleanSet1/html/lotterysambadresult.in_clean.html,0,0,0,19,19,0,8,0,0,0,0,6096,20,0,0,0,0,0,0,0,0,0,0,0,11,0,0,0,0,0,0,0,0,5,0,4,0,0,0
datasets/CleanSet1/html/lowes.com_clean.html,0,0,0,0,0,0,2,0,0,0,0,207,0,0,0,0,0,0,0,0,0,0,0,0,0,0,0,0,0,0,0,0,0,0,0,0,0,0,0
datasets/CleanSet1/html/luticlip.com_clean.html,3,11,2,56,46,0,17,0,1,0,0,2391,10,3,0,0,0,0,5,0,0,0,0,0,0,0,0,0,0,0,0,0,0,0,0,0,2,0,0
datasets/CleanSet1/html/lwsdns.com_clean.html,0,0,0,17,17,0,2,0,0,0,0,2623,2,0,0,0,0,0,0,0,0,0,0,0,0,0,0,0,0,0,0,0,0,0,0,2,0,0,0
datasets/CleanSet1/html/mail.ru_clean.html,0,0,0,0,0,0,2,0,0,0,0,0,0,0,0,0,0,0,0,0,0,0,0,0,0,0,0,0,0,0,0,0,0,0,0,0,0,0,0
datasets/CleanSet1/html/mailchi.mp_clean.html,2,4,45,283,98,0,36,0,0,1,0,14802,18,0,0,0,0,0,0,0,0,0,0,0,0,0,0,0,0,1,0,0,0,0,3,14,0,0,0
datasets/CleanSet1/html/mailchimp.com_clean.html,2,4,45,283,98,0,36,0,0,1,0,14802,18,0,0,0,0,0,0,0,0,0,0,0,0,0,0,0,0,1,0,0,0,0,3,14,0,0,0
datasets/CleanSet1/html/mamastar.jp_clean.html,0,1,0,130,126,0,17,1,0,0,0,3340,0,0,0,0,0,0,0,0,0,0,0,0,0,0,0,0,0,0,0,0,0,0,0,0,0,0,0
datasets/CleanSet1/html/mangabuddy.com_clean.html,1,2,0,6,6,0,3,0,0,0,0,449,1,0,0,0,0,0,0,0,0,0,0,0,0,0,0,0,0,0,1,0,0,0,0,0,0,0,0
datasets/CleanSet1/html/mangakakalot.gg_clean.html,1,2,0,536,528,0,32,0,0,0,0,11352,4,0,0,0,0,0,0,0,0,0,0,0,3,0,0,0,0,0,0,0,0,0,0,1,0,0,0
datasets/CleanSet1/html/mangaraw.ac_clean.html,1,1,3,107,10,0,13,0,0,0,0,2369,0,0,0,0,0,0,0,0,0,0,0,0,0,0,0,0,0,0,0,0,0,0,0,0,0,0,0
datasets/CleanSet1/html/manhwaweb.com_clean.html,0,0,0,0,0,0,3,0,0,0,0,22,0,0,0,0,0,0,0,0,0,0,0,0,0,0,0,0,0,0,0,0,0,0,0,0,0,0,0
datasets/CleanSet1/html/manoramaonline.com_clean.html,0,2,97,534,85,0,52,1,0,0,0,11959,4,0,0,0,0,0,1,0,0,0,0,0,1,0,0,0,0,0,0,0,0,0,0,1,1,0,0
datasets/CleanSet1/html/marca.com_clean.html,1,5,4,574,573,0,70,0,0,0,0,17973,3,0,0,0,0,0,0,0,0,0,0,0,0,1,1,0,0,0,0,0,0,0,0,1,0,0,0
datasets/CleanSet1/html/marketwatch.com_clean.html,0,1,13,198,157,0,64,0,0,0,0,9479,5,0,1,0,0,0,0,0,0,0,0,0,0,0,0,0,0,0,1,0,0,0,0,1,1,1,0
datasets/CleanSet1/html/marktplaats.nl_clean.html,1,4,4,503,42,0,21,0,0,0,0,11129,1,0,0,0,0,0,0,0,0,0,0,0,0,0,0,0,0,0,0,0,0,0,0,1,0,0,0
datasets/CleanSet1/html/marriott.com_clean.html,1,9,64,251,160,0,40,0,0,0,0,5272,2,0,0,0,0,0,0,0,0,0,0,0,1,0,0,0,0,0,0,0,0,0,0,1,0,0,0
datasets/CleanSet1/html/mashable.com_clean.html,1,7,25,376,237,0,19,1,0,1,0,9183,12,0,0,0,0,0,0,3,0,0,0,0,3,1,0,0,0,0,1,0,0,1,0,2,1,0,0
datasets/CleanSet1/html/mat6tube.com_clean.html,1,1,1,6,0,0,7,0,0,0,0,108,1,0,0,0,0,0,0,0,0,0,0,0,0,0,0,0,0,0,0,0,0,0,0,1,0,0,0
datasets/CleanSet1/html/mathtag.com_clean.html,0,0,0,111,69,4,25,2,0,0,0,61759,95,2,0,0,0,0,0,30,0,0,0,0,4,2,0,6,0,0,11,0,0,8,0,26,5,1,0
datasets/CleanSet1/html/matterport.com_clean.html,0,0,9,22,10,0,18,0,0,0,0,1235,2,0,0,0,0,0,0,0,0,0,0,0,0,0,0,0,0,0,0,0,0,0,0,2,0,0,0
datasets/CleanSet1/html/mayoclinic.org_clean.html,0,0,16,247,138,0,27,0,0,0,0,6097,7,0,1,0,0,0,0,0,0,0,0,0,0,0,0,0,0,0,0,0,0,0,0,5,1,0,0
datasets/CleanSet1/html/mcafee.com_clean.html,0,12,35,365,107,2,32,0,0,0,0,30362,104,0,2,0,0,0,9,0,0,0,0,0,6,1,0,0,0,0,28,0,0,3,0,5,35,15,0
datasets/CleanSet1/html/me.com_clean.html,0,0,0,0,0,0,8,0,0,0,0,9,0,0,0,0,0,0,0,0,0,0,0,0,0,0,0,0,0,0,0,0,0,0,0,0,0,0,0
datasets/CleanSet1/html/meb.gov.tr_clean.html,2,2,39,135,53,0,14,0,0,0,0,10761,0,0,0,0,0,0,0,0,0,0,0,0,0,0,0,0,0,0,0,0,0,0,0,0,0,0,0
datasets/CleanSet1/html/mechacomic.jp_clean.html,1,1,1,174,17,0,35,1,0,0,0,2053,0,0,0,0,0,0,0,0,0,0,0,0,0,0,0,0,0,0,0,0,0,0,0,0,0,0,0
datasets/CleanSet1/html/medallia.com_clean.html,0,5,0,186,159,0,36,1,0,0,0,13711,14,5,0,0,0,0,0,0,0,0,0,0,0,0,0,0,0,0,3,0,0,0,0,6,0,0,0
datasets/CleanSet1/html/media.net_clean.html,1,2,0,31,3,0,19,1,0,1,0,2802,1,0,0,0,0,0,0,0,0,0,0,0,0,0,0,0,0,0,0,0,0,0,0,1,0,0,0
datasets/CleanSet1/html/mediafire.com_clean.html,2,0,2,49,9,0,26,4,0,0,0,5703,5,0,1,0,0,0,0,0,0,0,0,0,0,0,0,0,0,0,0,0,0,2,0,1,1,0,0
datasets/CleanSet1/html/mediatek.com_clean.html,1,3,0,325,299,0,32,1,0,0,0,14942,9,0,0,0,0,0,0,0,0,0,0,0,1,0,0,0,0,0,2,0,0,0,0,6,0,0,0
datasets/CleanSet1/html/medicalnewstoday.com_clean.html,0,0,8,309,305,0,26,1,0,0,0,10614,2,0,0,0,0,0,0,0,0,0,0,0,1,0,0,0,0,0,0,0,0,0,0,1,0,0,0
datasets/CleanSet1/html/medium.com_clean.html,0,0,3,21,10,1,18,0,0,0,0,299,0,0,0,0,0,0,0,0,0,0,0,0,0,0,0,0,0,0,0,0,0,0,0,0,0,0,0
datasets/CleanSet1/html/meethue.com_clean.html,0,0,4,67,61,0,7,0,0,0,0,2882,2,0,0,0,0,0,0,0,0,0,0,0,0,0,0,0,0,1,0,0,0,0,0,1,0,0,0
datasets/CleanSet1/html/mega.co.nz_clean.html,0,0,0,0,0,0,1,0,0,0,0,4,0,0,0,0,0,0,0,0,0,0,0,0,0,0,0,0,0,0,0,0,0,0,0,0,0,0,0
datasets/CleanSet1/html/mega.nz_clean.html,0,0,0,1,0,0,1,1,0,0,0,4,0,0,0,0,0,0,0,0,0,0,0,0,0,0,0,0,0,0,0,0,0,0,0,0,0,0,0
datasets/CleanSet1/html/meraki.com_clean.html,2,2,2,211,85,0,34,1,0,0,0,7692,21,1,2,0,0,0,0,0,0,0,0,0,0,0,0,0,0,0,13,0,0,0,0,5,0,0,0
datasets/CleanSet1/html/mercadolibre.com.ar_clean.html,1,1,29,278,268,0,12,0,0,0,0,12357,0,0,0,0,0,0,0,0,0,0,0,0,0,0,0,0,0,0,0,0,0,0,0,0,0,0,0
datasets/CleanSet1/html/mercadolibre.com.mx_clean.html,1,1,30,270,259,0,12,0,0,0,0,11770,0,0,0,0,0,0,0,0,0,0,0,0,0,0,0,0,0,0,0,0,0,0,0,0,0,0,0
datasets/CleanSet1/html/mercadolivre.com.br_clean.html,1,1,30,276,266,0,12,0,0,0,0,11912,23,0,0,1,0,0,0,1,1,0,2,0,0,0,0,0,0,3,0,0,0,0,0,15,0,0,0
datasets/CleanSet1/html/merkur.de_clean.html,1,6,2,372,41,0,20,1,0,0,0,30268,0,0,0,0,0,0,0,0,0,0,0,0,0,0,0,0,0,0,0,0,0,0,0,0,0,0,0
datasets/CleanSet1/html/merriam-webster.com_clean.html,4,7,14,210,39,0,21,2,0,0,0,6406,5,0,2,0,0,0,0,0,0,0,0,0,0,0,0,0,0,0,0,0,0,0,0,1,2,0,0
datasets/CleanSet1/html/messenger.com_clean.html,0,0,0,1,0,0,0,0,0,0,0,209,0,0,0,0,0,0,0,0,0,0,0,0,0,0,0,0,0,0,0,0,0,0,0,0,0,0,0
datasets/CleanSet1/html/meteociel.fr_clean.html,2,8,0,261,11,0,17,0,0,0,0,3894,1,0,0,0,0,0,0,0,0,0,0,0,0,0,0,0,0,0,0,0,0,0,0,1,0,0,0
datasets/CleanSet1/html/meteofrance.com_clean.html,1,2,11,209,45,0,4,2,0,0,0,11090,1,0,0,0,0,0,0,0,0,0,0,0,0,0,0,0,0,0,0,0,0,0,0,1,0,0,0
datasets/CleanSet1/html/metropoles.com_clean.html,1,13,10,418,418,0,32,0,0,0,0,11660,6,0,0,0,0,0,0,1,0,0,0,0,0,2,1,0,0,1,0,0,0,0,0,0,0,0,1
datasets/CleanSet1/html/mfadsrvr.com_clean.html,0,0,0,5,1,1,3,0,0,0,0,304,1,0,0,0,0,0,0,0,0,0,0,0,0,0,0,0,0,0,0,0,0,0,0,1,0,0,0
datasets/CleanSet1/html/mgid.com_clean.html,0,0,16,84,17,0,7,1,0,0,0,4637,11,0,2,0,0,0,0,0,0,0,0,0,1,0,0,0,0,0,0,0,0,3,0,2,2,1,0
datasets/CleanSet1/html/mi.com_clean.html,0,2,12,78,55,0,38,2,0,1,0,7246,1,1,0,0,0,0,0,0,0,0,0,0,0,0,0,0,0,0,0,0,0,0,0,0,0,0,0
datasets/CleanSet1/html/microsoft.com_clean.html,1,1,15,113,111,0,6,0,0,0,0,12389,5,0,0,0,0,0,0,0,0,0,0,0,0,0,0,0,0,0,2,0,0,1,0,1,1,0,0
datasets/CleanSet1/html/midilibre.fr_clean.html,5,20,6,531,111,0,7,1,0,0,0,41618,1,0,0,0,0,0,0,0,0,0,0,0,0,0,0,0,0,0,0,0,0,0,0,1,0,0,0
datasets/CleanSet1/html/miit.gov.cn_clean.html,0,2,0,185,82,0,20,0,0,0,0,4763,0,0,0,0,0,0,0,0,0,0,0,0,0,0,0,0,0,0,0,0,0,0,0,0,0,0,0
datasets/CleanSet1/html/mikrotik.com_clean.html,1,1,0,90,72,1,11,0,0,0,0,6195,7,0,0,0,0,0,0,0,0,0,0,0,2,0,0,0,0,0,2,0,0,1,0,1,1,0,0
datasets/CleanSet1/html/milliyet.com.tr_clean.html,1,21,2,377,121,0,31,2,0,0,0,18619,0,0,0,0,0,0,0,0,0,0,0,0,0,0,0,0,0,0,0,0,0,0,0,0,0,0,0
datasets/CleanSet1/html/mirror.co.uk_clean.html,0,2,170,505,495,0,47,1,0,0,0,18344,12,0,0,0,0,0,0,0,0,0,0,0,4,3,0,0,0,0,0,0,0,0,0,3,0,2,0
datasets/CleanSet1/html/mirtesen.ru_clean.html,0,0,12,56,19,0,6,0,0,0,0,4071,0,0,0,0,0,0,0,0,0,0,0,0,0,0,0,0,0,0,0,0,0,0,0,0,0,0,0
datasets/CleanSet1/html/mit.edu_clean.html,1,2,4,65,33,0,5,1,0,0,0,2805,1,0,0,0,0,0,0,0,0,0,0,0,0,0,0,0,0,0,0,0,0,0,0,1,0,0,0
datasets/CleanSet1/html/miui.com_clean.html,0,0,0,26,19,0,12,0,0,0,0,16508,0,0,0,0,0,0,0,0,0,0,0,0,0,0,0,0,0,0,0,0,0,0,0,0,0,0,0
datasets/CleanSet1/html/miwifi.com_clean.html,0,0,0,19,7,0,5,2,0,0,0,404,0,0,0,0,0,0,0,0,0,0,0,0,0,0,0,0,0,0,0,0,0,0,0,0,0,0,0
datasets/CleanSet1/html/mixpanel.com_clean.html,0,0,0,330,321,0,16,0,0,0,0,14731,28,0,3,0,0,0,0,0,0,0,0,0,2,0,0,0,0,0,8,0,0,0,0,11,4,0,0
datasets/CleanSet1/html/mlb.com_clean.html,0,0,65,210,46,0,42,0,0,0,0,7531,6,0,1,0,0,0,0,0,0,0,0,0,2,0,0,0,0,0,0,0,0,0,0,3,0,0,0
datasets/CleanSet1/html/mobiledokan.com_clean.html,6,20,19,179,159,0,18,1,2,2,0,10010,10,3,0,0,0,0,3,2,0,0,0,0,0,0,0,0,0,0,0,0,0,0,0,1,1,0,0
datasets/CleanSet1/html/moe.video_clean.html,1,5,5,38,15,1,6,0,0,1,0,3327,0,0,0,0,0,0,0,0,0,0,0,0,0,0,0,0,0,0,0,0,0,0,0,0,0,0,0
datasets/CleanSet1/html/moengage.com_clean.html,0,0,2,122,73,0,14,1,0,0,0,11119,13,2,0,0,0,0,0,0,0,0,0,0,2,0,0,0,0,0,3,0,0,1,0,2,0,3,0
datasets/CleanSet1/html/mojohost.com_clean.html,2,2,3,104,83,0,35,1,0,0,0,4876,8,2,0,0,0,0,0,0,0,0,0,0,0,0,0,0,0,0,0,0,0,0,0,2,4,0,0
datasets/CleanSet1/html/moloco.com_clean.html,1,7,0,139,18,0,19,1,0,1,0,8426,6,0,0,0,0,0,0,0,0,0,0,0,1,0,0,0,0,0,2,0,0,1,0,2,0,0,0
datasets/CleanSet1/html/momon-ga.com_clean.html,1,4,0,200,200,0,22,1,0,0,0,4028,0,0,0,0,0,0,0,0,0,0,0,0,0,0,0,0,0,0,0,0,0,0,0,0,0,0,0
datasets/CleanSet1/html/moneycontrol.com_clean.html,9,93,18,1889,1747,2,152,2,0,0,0,69639,79,4,0,0,0,0,0,0,0,0,0,0,3,0,0,0,0,0,2,0,0,0,0,1,9,60,0
datasets/CleanSet1/html/mongodb.com_clean.html,1,2,17,144,119,0,15,0,0,0,0,8780,5,0,1,0,0,0,0,0,0,0,0,0,1,0,0,0,0,0,1,0,0,0,0,2,0,0,0
datasets/CleanSet1/html/motherless.com_clean.html,1,2,23,918,136,0,39,0,0,0,0,10264,2,1,0,0,0,0,0,0,0,0,0,0,0,0,0,0,0,0,0,0,0,0,0,1,0,0,0
datasets/CleanSet1/html/moviebox.ph_clean.html,0,1,2,666,20,1,4,0,0,0,0,15485,3,0,0,0,0,0,0,0,0,0,0,0,0,0,0,0,0,0,0,0,0,0,0,1,2,0,0
datasets/CleanSet1/html/moviesda12.com_clean.html,1,3,0,47,0,0,3,0,0,0,0,3448,3,0,0,0,0,0,0,0,0,0,0,0,3,0,0,0,0,0,0,0,0,0,0,0,0,0,0
datasets/CleanSet1/html/mozilla.com_clean.html,1,3,7,107,62,0,11,0,0,0,0,9262,8,0,0,1,1,2,0,0,0,0,0,0,0,0,0,0,0,2,0,0,0,0,0,2,0,0,0
datasets/CleanSet1/html/mozilla.net_clean.html,2,5,7,79,51,0,11,0,0,1,0,11775,9,0,0,0,0,0,0,2,0,0,0,0,0,1,0,0,0,4,0,0,0,0,0,2,0,0,0
datasets/CleanSet1/html/mozilla.org_clean.html,2,5,7,79,51,0,11,0,0,1,0,11775,9,0,0,0,0,0,0,2,0,0,0,0,0,1,0,0,0,4,0,0,0,0,0,2,0,0,0
datasets/CleanSet1/html/msn.com_clean.html,0,0,0,0,0,0,11,0,0,0,0,3,0,0,0,0,0,0,0,0,0,0,0,0,0,0,0,0,0,0,0,0,0,0,0,0,0,0,0
datasets/CleanSet1/html/mtgglobals.com_clean.html,0,0,0,0,0,0,3,0,0,0,0,9,0,0,0,0,0,0,0,0,0,0,0,0,0,0,0,0,0,0,0,0,0,0,0,0,0,0,0
datasets/CleanSet1/html/mto.to_clean.html,1,1,7,302,58,0,16,1,0,0,0,7737,2,0,0,0,0,0,0,0,0,0,0,0,1,0,0,0,0,0,0,0,0,0,0,1,0,0,0
datasets/CleanSet1/html/mts.ru_clean.html,3,4,8,207,81,0,6,0,0,0,3,4814,0,0,0,0,0,0,0,0,0,0,0,0,0,0,0,0,0,0,0,0,0,0,0,0,0,0,0
datasets/CleanSet1/html/mundodeportivo.com_clean.html,2,3,1138,445,282,0,61,1,0,0,0,21699,4,0,0,0,0,0,0,0,0,0,0,0,0,0,0,0,0,0,0,0,0,0,0,2,0,1,1
datasets/CleanSet1/html/musicdel.ir_clean.html,0,0,5,300,300,0,13,0,0,0,0,10075,0,0,0,0,0,0,0,0,0,0,0,0,0,0,0,0,0,0,0,0,0,0,0,0,0,0,0
datasets/CleanSet1/html/myfritz.net_clean.html,0,0,0,0,0,0,8,0,0,0,0,149,0,0,0,0,0,0,0,0,0,0,0,0,0,0,0,0,0,0,0,0,0,0,0,0,0,0,0
datasets/CleanSet1/html/mzstatic.com_clean.html,1,5,18,120,15,0,15,0,0,0,0,4614,9,0,0,0,0,0,0,0,0,0,0,0,0,0,0,0,0,0,0,0,0,0,0,1,5,3,0
datasets/CleanSet1/html/namasha.com_clean.html,2,2,18,123,110,0,9,0,0,0,0,5279,0,0,0,0,0,0,0,0,0,0,0,0,0,0,0,0,0,0,0,0,0,0,0,0,0,0,0
datasets/CleanSet1/html/name.com_clean.html,4,4,17,73,7,0,11,1,0,0,0,6552,4,0,0,0,0,0,0,0,0,0,0,0,0,0,0,0,0,0,0,0,0,3,0,1,0,0,0
datasets/CleanSet1/html/namestudio.com_clean.html,0,1,0,5,2,0,3,0,0,0,0,893,0,0,0,0,0,0,0,0,0,0,0,0,0,0,0,0,0,0,0,0,0,0,0,0,0,0,0
datasets/CleanSet1/html/namu.wiki_clean.html,1,2,1,165,35,1,8,0,0,0,0,3244,0,0,0,0,0,0,0,0,0,0,0,0,0,0,0,0,0,0,0,0,0,0,0,0,0,0,0
datasets/CleanSet1/html/nasa.gov_clean.html,3,17,12,274,271,0,25,2,0,0,0,8799,6,0,0,0,0,0,0,0,0,0,0,0,3,0,0,0,0,0,0,0,0,0,0,2,1,0,0
datasets/CleanSet1/html/nationalgeographic.com_clean.html,0,0,17,217,208,0,24,1,0,0,0,7261,0,0,0,0,0,0,0,0,0,0,0,0,0,0,0,0,0,0,0,0,0,0,0,0,0,0,0
datasets/CleanSet1/html/natomanga.com_clean.html,1,2,0,523,515,0,32,0,0,0,0,10730,3,0,0,0,0,0,0,0,0,0,0,0,2,0,0,0,0,0,0,0,0,0,0,1,0,0,0
datasets/CleanSet1/html/nature.com_clean.html,2,10,5,139,63,0,14,0,0,1,0,10165,3,0,1,0,0,0,0,0,0,0,0,0,0,0,0,0,0,0,0,0,0,0,0,2,0,0,0
datasets/CleanSet1/html/naukri.com_clean.html,0,0,0,0,0,0,15,1,0,0,0,0,0,0,0,0,0,0,0,0,0,0,0,0,0,0,0,0,0,0,0,0,0,0,0,0,0,0,0
datasets/CleanSet1/html/naver.com_clean.html,1,14,3,8,0,0,13,0,0,0,0,120,0,0,0,0,0,0,0,0,0,0,0,0,0,0,0,0,0,0,0,0,0,0,0,0,0,0,0
datasets/CleanSet1/html/nbcnews.com_clean.html,2,2,20,278,250,2,45,0,0,0,0,12978,2,0,0,0,0,0,0,0,0,0,0,0,1,0,0,0,0,0,0,0,0,0,0,1,0,0,0
datasets/CleanSet1/html/ndr.de_clean.html,1,1,4,184,29,0,2,0,0,0,0,9509,0,0,0,0,0,0,0,0,0,0,0,0,0,0,0,0,0,0,0,0,0,0,0,0,0,0,0
datasets/CleanSet1/html/nease.net_clean.html,0,0,0,4,4,0,0,0,0,0,0,65,0,0,0,0,0,0,0,0,0,0,0,0,0,0,0,0,0,0,0,0,0,0,0,0,0,0,0
datasets/CleanSet1/html/netangels.ru_clean.html,1,5,4,98,45,0,16,0,0,0,0,18172,0,0,0,0,0,0,0,0,0,0,0,0,0,0,0,0,0,0,0,0,0,0,0,0,0,0,0
datasets/CleanSet1/html/netease.com_clean.html,0,0,0,35,33,0,2,0,0,0,0,2937,0,0,0,0,0,0,0,0,0,0,0,0,0,0,0,0,0,0,0,0,0,0,0,0,0,0,0
datasets/CleanSet1/html/netflix.com_clean.html,0,2,20,21,14,0,9,0,0,2,0,4013,9,0,0,1,0,0,0,0,0,0,2,0,0,0,0,0,0,1,0,0,0,0,1,4,0,0,0
datasets/CleanSet1/html/netflix.net_clean.html,1,7,1,0,0,0,5,0,1,0,0,123,2,0,0,2,0,0,0,0,0,0,0,0,0,0,0,0,0,0,0,0,0,0,0,0,0,0,0
datasets/CleanSet1/html/netgear.com_clean.html,2,20,10,358,60,0,32,3,0,2,0,8557,19,0,0,0,0,0,0,0,0,0,0,0,2,0,0,0,0,0,4,0,0,2,0,5,6,0,0
datasets/CleanSet1/html/networkadvertising.org_clean.html,0,0,16,110,99,0,23,0,0,0,0,4416,6,0,0,0,0,0,0,0,0,0,0,0,2,0,0,0,0,0,1,0,0,0,0,2,1,0,0
datasets/CleanSet1/html/newrelic.com_clean.html,1,1,14,200,26,0,20,0,0,0,0,10859,19,0,0,4,0,0,0,0,0,0,1,0,0,0,0,0,0,11,1,0,0,0,0,0,0,0,2
datasets/CleanSet1/html/newsweek.com_clean.html,1,1,25,620,279,0,94,0,0,1,0,19953,10,0,0,0,0,0,0,0,0,0,0,0,0,0,0,0,0,0,5,0,0,1,0,4,0,0,0
datasets/CleanSet1/html/newyorker.com_clean.html,0,0,22,131,34,0,29,1,0,0,0,11460,3,0,0,0,0,0,0,0,0,0,0,0,0,0,0,0,0,0,0,0,0,0,0,1,2,0,0
datasets/CleanSet1/html/nflxvideo.net_clean.html,0,2,20,21,14,0,9,0,0,2,0,4008,9,0,0,1,0,0,0,0,0,0,2,0,0,0,0,0,0,1,0,0,0,0,1,4,0,0,0
datasets/CleanSet1/html/ngenix.net_clean.html,5,126,16,124,11,1,52,1,0,3,1,9403,0,0,0,0,0,0,0,0,0,0,0,0,0,0,0,0,0,0,0,0,0,0,0,0,0,0,0
datasets/CleanSet1/html/nginx.com_clean.html,0,1,9,253,99,0,21,0,0,0,0,8983,36,1,0,0,0,0,0,0,0,0,0,0,1,0,0,0,0,0,19,0,0,0,0,14,0,1,0
datasets/CleanSet1/html/nginx.org_clean.html,0,1,0,50,17,0,0,0,0,0,0,1565,1,0,0,0,0,0,0,0,0,0,0,0,0,0,0,0,0,0,1,0,0,0,0,0,0,0,0
datasets/CleanSet1/html/nhk.or.jp_clean.html,0,0,0,1,0,0,4,0,0,0,0,71,0,0,0,0,0,0,0,0,0,0,0,0,0,0,0,0,0,0,0,0,0,0,0,0,0,0,0
datasets/CleanSet1/html/nic.io_clean.html,2,7,4,29,1,0,8,0,1,0,0,2654,6,0,0,0,0,0,1,0,0,0,0,0,0,0,0,0,0,0,0,0,0,2,0,1,2,0,0
datasets/CleanSet1/html/nic.network_clean.html,1,3,0,56,11,0,11,0,0,0,0,9768,23,0,0,0,0,0,3,0,0,0,0,0,0,0,0,0,0,0,12,0,0,1,0,5,2,0,0
datasets/CleanSet1/html/nic.ru_clean.html,0,0,0,0,0,0,1,0,0,0,0,0,0,0,0,0,0,0,0,0,0,0,0,0,0,0,0,0,0,0,0,0,0,0,0,0,0,0,0
datasets/CleanSet1/html/nic.tv_clean.html,0,0,0,0,0,0,26,0,0,0,0,62,0,0,0,0,0,0,0,0,0,0,0,0,0,0,0,0,0,0,0,0,0,0,0,0,0,0,0
datasets/CleanSet1/html/nic.video_clean.html,1,3,0,56,11,0,11,0,0,0,0,9768,23,0,0,0,0,0,3,0,0,0,0,0,0,0,0,0,0,0,12,0,0,1,0,5,2,0,0
datasets/CleanSet1/html/nic.zone_clean.html,1,3,0,56,11,0,11,0,0,0,0,9768,23,0,0,0,0,0,3,0,0,0,0,0,0,0,0,0,0,0,12,0,0,1,0,5,2,0,0
datasets/CleanSet1/html/nickfinder.com_clean.html,0,0,0,0,0,0,2,0,0,0,0,78,1,0,0,0,0,0,0,0,0,0,0,0,0,0,0,1,0,0,0,0,0,0,0,0,0,0,0
datasets/CleanSet1/html/nih.gov_clean.html,1,3,10,103,40,0,9,1,0,0,0,4079,4,0,0,0,0,0,0,0,0,0,0,0,1,0,0,0,0,0,0,0,0,0,0,3,0,0,0
datasets/CleanSet1/html/nike.com_clean.html,1,5,14,519,515,0,57,1,0,0,0,7344,3,0,0,0,0,0,0,0,0,0,0,0,0,0,0,0,0,0,0,0,0,0,0,3,0,0,0
datasets/CleanSet1/html/nikkansports.com_clean.html,2,3,0,364,158,0,63,1,0,0,0,6299,0,0,0,0,0,0,0,0,0,0,0,0,0,0,0,0,0,0,0,0,0,0,0,0,0,0,0
datasets/CleanSet1/html/nikkei.com_clean.html,1,1,5,816,586,0,7,0,0,0,0,10312,0,0,0,0,0,0,0,0,0,0,0,0,0,0,0,0,0,0,0,0,0,0,0,0,0,0,0
datasets/CleanSet1/html/ninisite.com_clean.html,4,13,5,290,8,0,12,0,1,0,0,7405,0,0,0,0,0,0,0,0,0,0,0,0,0,0,0,0,0,0,0,0,0,0,0,0,0,0,0
datasets/CleanSet1/html/nintendo.com_clean.html,2,6,102,182,38,0,14,0,0,0,0,11042,7,0,0,0,0,0,0,1,1,0,1,0,0,0,0,0,0,2,0,0,0,0,0,2,0,0,0
datasets/CleanSet1/html/nirvam.it_clean.html,2,17,2,28,20,2,6,0,2,0,0,7955,7,0,0,0,0,0,3,0,0,0,0,0,0,0,0,0,0,0,0,0,0,2,0,2,0,0,0
datasets/CleanSet1/html/nist.gov_clean.html,1,1,9,157,24,0,10,2,0,0,0,5653,11,0,0,0,0,0,0,0,0,0,0,0,2,0,0,0,0,0,5,0,0,0,0,4,0,0,0
datasets/CleanSet1/html/njuskalo.hr_clean.html,1,1,32,160,67,0,23,1,0,0,0,6167,1,0,0,0,0,0,0,1,0,0,0,0,0,0,0,0,0,0,0,0,0,0,0,0,0,0,0
datasets/CleanSet1/html/no-ip.com_clean.html,1,2,8,160,145,1,22,0,0,0,0,14944,40,1,0,3,6,1,0,0,0,0,1,0,2,0,0,0,2,11,2,0,0,0,1,9,1,0,0
datasets/CleanSet1/html/noaa.gov_clean.html,2,6,1,70,12,0,58,1,0,0,0,2398,2,0,0,0,0,0,0,0,0,0,0,0,1,0,0,0,0,0,0,0,0,0,0,1,0,0,0
datasets/CleanSet1/html/notamedia.ru_clean.html,2,16,7,91,19,6,39,1,0,0,0,5216,0,0,0,0,0,0,0,0,0,0,0,0,0,0,0,0,0,0,0,0,0,0,0,0,0,0,0
datasets/CleanSet1/html/nova.rs_clean.html,2,5,2,557,553,0,46,1,0,0,0,19635,0,0,0,0,0,0,0,0,0,0,0,0,0,0,0,0,0,0,0,0,0,0,0,0,0,0,0
datasets/CleanSet1/html/novinky.cz_clean.html,1,2,20,400,368,0,4,1,0,0,0,11165,1,0,0,0,0,0,0,0,0,0,0,0,0,0,0,0,0,0,0,0,0,0,0,0,0,1,0
datasets/CleanSet1/html/npr.org_clean.html,0,6,26,288,171,0,20,1,0,0,0,21280,3,0,0,0,0,0,0,2,0,0,0,0,0,0,0,0,0,0,0,0,0,0,0,1,0,0,0
datasets/CleanSet1/html/nps.gov_clean.html,2,6,12,263,3,0,16,1,0,0,0,5989,4,0,0,0,0,0,0,0,0,0,0,0,1,0,0,0,0,0,0,0,0,0,0,2,0,1,0
datasets/CleanSet1/html/nsone.net_clean.html,0,0,0,0,0,0,19,0,0,0,0,21,0,0,0,0,0,0,0,0,0,0,0,0,0,0,0,0,0,0,0,0,0,0,0,0,0,0,0
datasets/CleanSet1/html/ntp.org_clean.html,0,0,7,17,17,0,5,0,0,0,0,1343,0,0,0,0,0,0,0,0,0,0,0,0,0,0,0,0,0,0,0,0,0,0,0,0,0,0,0
datasets/CleanSet1/html/ntppool.org_clean.html,0,2,2,143,52,0,2,0,0,0,0,6795,2,1,0,0,0,0,0,0,0,0,0,0,0,0,0,0,0,0,0,0,0,0,0,0,1,0,0
datasets/CleanSet1/html/nvidia.com_clean.html,2,6,58,580,565,0,25,0,0,0,0,47190,41,1,0,0,0,0,0,0,0,0,0,0,0,0,0,0,0,25,0,1,0,11,0,2,0,1,0
datasets/CleanSet1/html/nya2.com_clean.html,0,0,0,8,1,0,1,0,0,0,0,2147,2,0,0,0,0,0,0,0,0,0,0,0,0,1,0,0,0,0,0,0,0,0,0,1,0,0,0
datasets/CleanSet1/html/nypost.com_clean.html,2,10,4,619,598,0,99,3,0,1,0,24874,9,0,1,0,0,0,0,0,0,0,0,0,1,2,0,0,0,0,0,0,0,1,0,2,0,2,0
datasets/CleanSet1/html/nytimes.com_clean.html,0,0,37,656,616,0,27,1,0,0,0,20396,3,0,0,0,0,0,0,0,0,0,0,0,2,0,0,0,0,0,0,0,0,0,0,1,0,0,0
datasets/CleanSet1/html/oddspark.com_clean.html,2,5,0,129,18,0,17,2,1,0,0,1929,0,0,0,0,0,0,0,0,0,0,0,0,0,0,0,0,0,0,0,0,0,0,0,0,0,0,0
datasets/CleanSet1/html/odoo.com_clean.html,0,2,2,249,26,0,7,0,0,0,0,7039,10,0,0,2,0,0,0,0,0,0,1,0,0,0,0,0,0,1,0,0,0,0,1,5,0,0,0
datasets/CleanSet1/html/office.com_clean.html,0,0,32,168,165,0,19,0,0,0,0,15686,31,2,0,5,2,0,0,0,0,0,0,0,0,0,0,0,0,6,0,0,0,2,0,12,2,0,0
datasets/CleanSet1/html/office365.com_clean.html,1,1,15,113,111,0,6,0,0,0,0,12389,5,0,0,0,0,0,0,0,0,0,0,0,0,0,0,0,0,0,2,0,0,1,0,1,1,0,0
datasets/CleanSet1/html/ojogodobicho.com_clean.html,0,0,0,26,5,0,13,1,0,0,0,2009,3,1,0,1,0,0,0,0,0,0,0,0,0,0,0,0,0,0,0,0,0,0,0,1,0,0,0
datasets/CleanSet1/html/ok.ru_clean.html,2,13,7,47,21,0,38,1,1,0,0,858,5,0,4,0,0,0,1,0,0,0,0,0,0,0,0,0,0,0,0,0,0,0,0,0,0,0,0
datasets/CleanSet1/html/okta.com_clean.html,0,0,19,340,333,0,19,1,0,0,0,11726,38,1,0,0,0,0,0,0,0,0,0,0,4,0,0,0,0,0,17,0,0,0,0,16,0,0,0
datasets/CleanSet1/html/okxxx1.com_clean.html,1,4,4,284,17,0,57,2,0,0,0,6859,2,0,0,0,0,0,0,0,0,0,0,0,0,0,0,0,0,0,0,0,0,0,0,2,0,0,0
datasets/CleanSet1/html/olx.pl_clean.html,1,2,17,139,37,0,47,0,0,0,0,3586,0,0,0,0,0,0,0,0,0,0,0,0,0,0,0,0,0,0,0,0,0,0,0,0,0,0,0
datasets/CleanSet1/html/one.one_clean.html,1,4,2,156,53,0,11,1,0,0,0,12189,28,0,0,1,0,0,0,0,0,0,1,0,0,0,0,0,0,10,0,0,0,0,3,13,0,0,0
datasets/CleanSet1/html/onedrive.com_clean.html,1,1,15,113,111,0,6,0,0,0,0,12389,5,0,0,0,0,0,0,0,0,0,0,0,0,0,0,0,0,0,2,0,0,1,0,1,1,0,0
datasets/CleanSet1/html/onelink.me_clean.html,1,0,7,169,163,0,33,1,0,0,0,10454,8,2,0,0,0,0,0,0,0,0,0,0,0,0,0,0,0,0,2,0,0,1,0,2,1,0,0
datasets/CleanSet1/html/onesignal.com_clean.html,0,0,1,129,52,0,24,1,0,0,0,10243,9,2,2,0,0,0,0,0,0,0,0,0,1,0,0,0,0,0,2,0,0,1,0,1,0,0,0
datasets/CleanSet1/html/onet.pl_clean.html,1,1,2,306,144,0,71,2,0,0,0,3966,0,0,0,0,0,0,0,0,0,0,0,0,0,0,0,0,0,0,0,0,0,0,0,0,0,0,0
datasets/CleanSet1/html/onetag-sys.com_clean.html,0,0,0,2,2,0,0,0,0,0,0,132,2,0,0,0,0,0,0,0,0,0,0,0,0,0,0,0,0,0,0,0,0,2,0,0,0,0,0
datasets/CleanSet1/html/onetrust.com_clean.html,3,2,32,157,10,0,17,0,0,0,0,7645,8,0,0,0,0,0,0,0,0,0,0,0,0,0,0,0,0,0,1,0,0,0,0,7,0,0,0
datasets/CleanSet1/html/onlinepbx.ru_clean.html,0,0,31,150,80,5,97,0,0,0,0,19880,1,0,0,0,0,0,0,1,0,0,0,0,0,0,0,0,0,0,0,0,0,0,0,0,0,0,0
datasets/CleanSet1/html/opendns.com_clean.html,0,0,1,29,12,0,7,0,0,0,0,1373,4,2,0,0,0,0,0,0,0,0,0,0,0,0,0,0,0,0,2,0,0,0,0,0,0,0,0
datasets/CleanSet1/html/openstreetmap.org_clean.html,4,12,21,23,4,0,4,0,0,0,0,909,2,0,0,1,0,0,0,0,0,0,0,0,0,0,0,0,0,0,0,0,0,0,0,1,0,0,0
datasets/CleanSet1/html/opera.com_clean.html,1,7,0,79,25,0,5,1,0,0,0,4099,7,0,0,0,0,0,0,0,0,0,0,0,0,0,0,0,0,5,0,0,0,0,0,2,0,0,0
datasets/CleanSet1/html/optimizely.com_clean.html,1,348,14,40,0,0,24,0,0,1,1,7936,3,1,0,0,0,0,0,0,0,0,0,0,0,0,0,0,0,0,0,0,0,1,0,1,0,0,0
datasets/CleanSet1/html/otto.de_clean.html,2,1,1,583,21,2,59,0,0,0,0,15853,4,0,0,0,0,0,0,0,0,0,0,0,3,0,0,0,0,0,0,0,0,0,0,0,0,1,0
datasets/CleanSet1/html/oup.com_clean.html,0,0,10,78,74,0,33,2,0,0,0,3972,2,0,0,0,0,0,0,0,0,0,0,0,0,0,0,0,0,0,0,0,0,0,0,2,0,0,0
datasets/CleanSet1/html/outbrain.com_clean.html,0,0,1,67,30,0,4,1,0,0,0,5224,4,0,1,0,0,0,0,0,0,0,0,0,0,0,0,0,0,0,1,0,0,0,0,1,1,0,0
datasets/CleanSet1/html/outlook.com_clean.html,0,0,0,0,0,0,4,0,0,0,0,35,0,0,0,0,0,0,0,0,0,0,0,0,0,0,0,0,0,0,0,0,0,0,0,0,0,0,0
datasets/CleanSet1/html/overload.su_clean.html,1,1,10,10,0,0,26,0,0,0,0,6033,23,0,0,0,0,0,0,0,0,0,0,0,0,0,0,0,0,0,22,0,0,0,0,1,0,0,0
datasets/CleanSet1/html/ovh.net_clean.html,0,0,0,15,11,0,1,0,0,0,0,211,0,0,0,0,0,0,0,0,0,0,0,0,0,0,0,0,0,0,0,0,0,0,0,0,0,0,0
datasets/CleanSet1/html/pages.dev_clean.html,1,1,2,33,31,0,12,1,0,0,0,5059,4,0,1,0,0,0,0,0,0,0,0,0,0,0,0,0,0,0,1,0,0,0,0,0,1,1,0
datasets/CleanSet1/html/palmplaystore.com_clean.html,0,0,0,0,0,0,1,0,0,0,0,2326,4,0,0,0,0,0,0,0,0,0,0,0,0,0,0,0,0,0,4,0,0,0,0,0,0,0,0
datasets/CleanSet1/html/paloaltonetworks.com_clean.html,1,10,19,202,30,0,17,0,0,0,0,11528,68,3,1,0,0,0,0,0,0,0,0,0,0,0,0,0,0,0,60,0,0,0,0,4,0,0,0
datasets/CleanSet1/html/pandora.com_clean.html,0,0,0,7,7,0,0,0,0,0,0,412,2,0,0,0,0,0,0,0,0,0,0,0,0,0,0,0,0,0,0,0,0,0,0,1,1,0,0
datasets/CleanSet1/html/patreon.com_clean.html,2,2,28,166,64,0,15,0,0,0,0,4992,10,0,3,0,0,0,0,0,0,0,0,0,6,0,0,0,0,0,0,0,0,0,0,0,1,0,0
datasets/CleanSet1/html/paypal.com_clean.html,0,0,11,82,18,0,23,0,0,0,0,3465,19,0,0,2,0,0,0,0,0,0,0,0,0,0,0,0,0,6,0,0,0,0,2,9,0,0,0
datasets/CleanSet1/html/pbs.org_clean.html,2,2,11,106,58,0,48,0,0,1,0,2123,4,0,0,0,0,0,0,0,0,0,0,0,1,0,0,0,0,0,0,0,0,0,0,1,2,0,0
datasets/CleanSet1/html/pccc.com_clean.html,0,0,1,30,20,0,41,0,0,0,0,7946,29,0,0,0,0,0,0,0,0,0,0,0,0,0,0,0,0,0,20,0,0,1,0,4,4,0,0
datasets/CleanSet1/html/pendo.io_clean.html,1,0,19,225,171,2,35,9,0,0,0,17729,10,1,2,0,0,0,0,0,0,0,0,0,0,1,0,0,0,0,4,0,0,1,0,0,0,1,0
datasets/CleanSet1/html/people.com_clean.html,2,2,19,300,279,0,6,2,0,0,0,13231,13,0,2,0,0,0,0,0,0,0,0,0,3,0,0,0,0,0,0,0,0,0,2,3,3,0,0
datasets/CleanSet1/html/php.net_clean.html,1,3,5,259,148,1,8,0,0,0,0,16869,16,0,0,0,0,0,0,0,0,0,0,0,0,0,0,0,0,0,13,0,0,0,0,3,0,0,0
datasets/CleanSet1/html/pinimg.com_clean.html,0,0,0,1,1,0,55,0,0,0,0,79,0,0,0,0,0,0,0,0,0,0,0,0,0,0,0,0,0,0,0,0,0,0,0,0,0,0,0
datasets/CleanSet1/html/pinterest.com_clean.html,0,0,0,1,1,0,57,0,0,0,0,79,0,0,0,0,0,0,0,0,0,0,0,0,0,0,0,0,0,0,0,0,0,0,0,0,0,0,0
datasets/CleanSet1/html/pki.goog_clean.html,0,0,1,24,13,0,7,1,0,0,0,2098,14,0,1,0,0,0,0,0,0,0,0,0,1,1,0,0,0,0,8,0,0,0,0,2,1,0,0
datasets/CleanSet1/html/playrix.com_clean.html,0,0,0,0,0,0,4,1,0,0,0,7,0,0,0,0,0,0,0,0,0,0,0,0,0,0,0,0,0,0,0,0,0,0,0,0,0,0,0
datasets/CleanSet1/html/playstation.com_clean.html,0,6,8,125,34,0,31,3,0,0,0,12449,6,0,0,0,0,1,0,0,0,0,0,0,0,1,0,0,0,2,0,1,0,0,0,1,0,0,0
datasets/CleanSet1/html/plesk.com_clean.html,0,0,0,250,199,0,71,0,0,0,0,5603,20,5,0,0,0,0,0,0,0,0,0,0,2,0,0,0,0,0,8,0,0,0,0,5,0,0,0
datasets/CleanSet1/html/pornhub.com_clean.html,3,16,12,538,38,1,71,1,1,0,0,15181,3,0,0,0,0,0,0,0,0,0,0,0,0,0,0,0,0,3,0,0,0,0,0,0,0,0,0
datasets/CleanSet1/html/primevideo.com_clean.html,69,137,76,45,0,0,53,0,0,0,0,2386,5,3,0,0,0,0,0,0,0,0,0,0,0,0,0,0,0,0,0,0,0,0,0,2,0,0,0
datasets/CleanSet1/html/prnewswire.com_clean.html,2,31,5,563,66,0,16,1,0,1,0,16115,28,7,0,0,0,0,0,1,0,0,0,0,1,0,0,0,0,0,3,0,0,0,0,9,1,6,0
datasets/CleanSet1/html/pubmatic.com_clean.html,2,3,1,138,99,0,24,2,0,0,0,6129,4,2,0,0,0,0,0,0,0,0,0,0,0,0,0,0,0,0,0,0,0,0,0,2,0,0,0
datasets/CleanSet1/html/python.org_clean.html,1,1,1,208,70,0,12,0,0,0,0,6615,3,0,0,0,0,0,0,0,0,0,0,0,0,0,0,0,0,0,2,0,0,0,0,1,0,0,0
datasets/CleanSet1/html/qq.com_clean.html,0,1,1,129,123,0,13,2,0,0,0,1304,0,0,0,0,0,0,0,0,0,0,0,0,0,0,0,0,0,0,0,0,0,0,0,0,0,0,0
datasets/CleanSet1/html/qualtrics.com_clean.html,26,199,41,34,0,0,21,1,0,4,3,15887,1,0,0,0,0,0,0,0,0,0,0,0,0,0,0,0,0,0,0,0,0,0,0,1,0,0,0
datasets/CleanSet1/html/quickconnect.to_clean.html,0,2,0,3,3,0,5,0,0,0,0,2006,7,2,0,0,1,2,0,0,0,0,0,0,0,0,0,0,0,0,0,0,0,0,0,1,1,0,0
datasets/CleanSet1/html/rackspace.com_clean.html,1,1,4,394,43,0,9,2,0,0,0,18294,39,0,2,0,0,0,0,0,0,0,0,0,0,0,0,0,0,0,34,0,0,0,0,3,0,0,0
datasets/CleanSet1/html/rainberrytv.com_clean.html,0,0,0,1,0,0,4,0,0,0,0,11,0,0,0,0,0,0,0,0,0,0,0,0,0,0,0,0,0,0,0,0,0,0,0,0,0,0,0
datasets/CleanSet1/html/rakuten.co.jp_clean.html,0,0,0,0,0,0,0,0,0,0,0,42,0,0,0,0,0,0,0,0,0,0,0,0,0,0,0,0,0,0,0,0,0,0,0,0,0,0,0
datasets/CleanSet1/html/rakuten.com_clean.html,0,0,0,2,0,0,13,1,0,0,0,135,1,0,0,0,0,0,0,0,0,0,0,0,0,0,0,0,0,0,0,0,0,0,0,1,0,0,0
datasets/CleanSet1/html/rambler.ru_clean.html,1,1,4,170,168,0,24,0,0,0,0,14448,0,0,0,0,0,0,0,0,0,0,0,0,0,0,0,0,0,0,0,0,0,0,0,0,0,0,0
datasets/CleanSet1/html/rayjump.com_clean.html,0,0,0,4,3,0,1,0,0,0,0,267,0,0,0,0,0,0,0,0,0,0,0,0,0,0,0,0,0,0,0,0,0,0,0,0,0,0,0
datasets/CleanSet1/html/rbc.ru_clean.html,2,7,2,280,229,1,31,0,0,0,0,6860,0,0,0,0,0,0,0,0,0,0,0,0,0,0,0,0,0,0,0,0,0,0,0,0,0,0,0
datasets/CleanSet1/html/redd.it_clean.html,1,1,6,92,7,0,48,0,0,0,0,3521,2,0,0,1,0,0,0,0,0,0,0,0,0,0,0,0,0,0,0,0,0,0,0,1,0,0,0
datasets/CleanSet1/html/reddit.com_clean.html,1,1,10,25,10,0,46,0,0,0,0,2091,5,0,0,1,0,0,0,0,0,0,0,0,0,0,0,0,0,0,0,0,0,3,0,1,0,0,0
datasets/CleanSet1/html/redhat.com_clean.html,1,1,2,311,52,0,35,0,0,0,0,14950,46,0,4,0,0,0,0,0,0,0,0,0,1,0,0,0,0,0,13,0,0,0,0,19,6,3,0
datasets/CleanSet1/html/reg.ru_clean.html,0,0,0,0,0,0,1,0,0,0,0,0,0,0,0,0,0,0,0,0,0,0,0,0,0,0,0,0,0,0,0,0,0,0,0,0,0,0,0
datasets/CleanSet1/html/registrar-servers.com_clean.html,0,0,0,1,1,0,0,0,0,0,0,85,0,0,0,0,0,0,0,0,0,0,0,0,0,0,0,0,0,0,0,0,0,0,0,0,0,0,0
datasets/CleanSet1/html/repubblica.it_clean.html,3,5,12,611,607,1,19,0,0,0,0,23191,4,0,0,0,0,0,0,0,0,0,0,0,0,0,0,0,0,0,0,0,0,0,0,4,0,0,0
datasets/CleanSet1/html/reuters.com_clean.html,0,0,10,285,28,0,17,0,0,0,0,11938,4,0,0,0,0,0,0,0,0,0,0,0,0,1,0,0,0,0,1,0,0,0,0,0,0,2,0
datasets/CleanSet1/html/ring.com_clean.html,0,0,1,39,17,0,48,0,0,0,0,1881,3,0,2,1,0,0,0,0,0,0,0,0,0,0,0,0,0,0,0,0,0,0,0,0,0,0,0
datasets/CleanSet1/html/roblox.com_clean.html,0,0,0,0,0,0,166,0,0,0,0,6,0,0,0,0,0,0,0,0,0,0,0,0,0,0,0,0,0,0,0,0,0,0,0,0,0,0,0
datasets/CleanSet1/html/roku.com_clean.html,0,0,0,2,0,0,8,1,0,0,0,78,0,0,0,0,0,0,0,0,0,0,0,0,0,0,0,0,0,0,0,0,0,0,0,0,0,0,0
datasets/CleanSet1/html/rspamd.com_clean.html,0,0,0,0,0,0,1,0,0,0,0,35,1,0,0,0,0,0,0,0,0,0,0,0,0,0,0,0,0,0,1,0,0,0,0,0,0,0,0
datasets/CleanSet1/html/rt.ru_clean.html,0,1,1,1,0,0,4,0,0,0,0,582,0,0,0,0,0,0,0,0,0,0,0,0,0,0,0,0,0,0,0,0,0,0,0,0,0,0,0
datasets/CleanSet1/html/rubiconproject.com_clean.html,2,5,27,118,98,0,12,1,0,1,0,5743,5,3,0,0,0,0,0,0,0,0,0,0,0,0,0,0,0,0,0,0,0,1,0,1,0,0,0
datasets/CleanSet1/html/rutube.ru_clean.html,1,1,29,319,87,2,27,0,0,0,0,3397,0,0,0,0,0,0,0,0,0,0,0,0,0,0,0,0,0,0,0,0,0,0,0,0,0,0,0
datasets/CleanSet1/html/ryanair.com_clean.html,0,0,0,0,0,0,4,0,0,0,0,7,0,0,0,0,0,0,0,0,0,0,0,0,0,0,0,0,0,0,0,0,0,0,0,0,0,0,0
datasets/CleanSet1/html/sagepub.com_clean.html,3,13,68,47,12,0,27,1,1,1,0,4147,8,0,0,0,0,0,5,0,0,0,0,0,0,0,0,0,0,0,0,0,0,0,0,0,3,0,0
datasets/CleanSet1/html/salesforce.com_clean.html,0,0,72,563,495,0,28,0,0,0,0,8988,6,0,0,1,0,0,0,0,0,0,1,0,0,0,0,0,0,0,0,0,0,0,2,2,0,0,0
datasets/CleanSet1/html/salesforceliveagent.com_clean.html,0,0,72,563,495,0,28,0,0,0,0,8988,6,0,0,1,0,0,0,0,0,0,1,0,0,0,0,0,0,0,0,0,0,0,2,2,0,0,0
datasets/CleanSet1/html/samsung.com_clean.html,7,105,60,270,8,0,24,1,0,0,0,7553,17,2,0,4,0,0,0,1,0,0,2,0,0,0,0,0,1,2,0,0,0,0,0,2,3,0,0
datasets/CleanSet1/html/samsungapps.com_clean.html,0,0,0,0,0,0,0,0,0,0,0,0,0,0,0,0,0,0,0,0,0,0,0,0,0,0,0,0,0,0,0,0,0,0,0,0,0,0,0
datasets/CleanSet1/html/samsungosp.com_clean.html,0,0,0,3,3,0,1,0,0,0,0,599,0,0,0,0,0,0,0,0,0,0,0,0,0,0,0,0,0,0,0,0,0,0,0,0,0,0,0
datasets/CleanSet1/html/sapo.pt_clean.html,1,7,6,567,222,0,10,1,0,1,0,16448,6,1,0,0,0,0,0,0,0,0,0,0,0,0,0,0,0,1,0,0,0,0,0,3,0,0,1
datasets/CleanSet1/html/sberbank.ru_clean.html,0,0,0,0,0,0,4,0,0,0,0,92,0,0,0,0,0,0,0,0,0,0,0,0,0,0,0,0,0,0,0,0,0,0,0,0,0,0,0
datasets/CleanSet1/html/scorecardresearch.com_clean.html,1,0,0,23,2,0,12,1,0,0,0,2009,5,0,0,0,0,0,0,0,0,0,0,0,4,0,0,0,0,0,0,0,0,0,0,1,0,0,0
datasets/CleanSet1/html/scribd.com_clean.html,2,2,29,164,123,0,18,1,0,0,0,7341,4,2,0,0,1,0,0,0,0,0,0,0,0,0,0,0,0,0,0,0,0,0,0,1,0,0,0
datasets/CleanSet1/html/sedo.com_clean.html,0,0,0,22,1,0,9,0,0,0,0,4514,5,0,0,0,0,0,0,0,0,0,1,0,0,1,0,0,0,0,0,0,0,0,0,3,0,0,0
datasets/CleanSet1/html/seedtag.com_clean.html,0,0,0,71,25,0,6,0,0,0,0,2469,3,0,0,0,0,0,0,0,0,0,0,0,0,0,0,0,0,0,0,0,0,0,0,3,0,0,0
datasets/CleanSet1/html/segment.io_clean.html,2,14,63,355,334,0,18,0,0,1,1,24823,29,0,2,0,0,0,0,0,0,0,0,0,2,0,0,0,0,0,16,0,0,1,0,7,1,0,0
datasets/CleanSet1/html/sentinelone.net_clean.html,0,0,0,0,0,0,4,0,0,0,0,98,0,0,0,0,0,0,0,0,0,0,0,0,0,0,0,0,0,0,0,0,0,0,0,0,0,0,0
datasets/CleanSet1/html/sentry.io_clean.html,1,4,35,135,72,1,52,0,0,1,0,11562,18,2,0,0,0,0,0,0,0,0,0,0,3,0,0,0,0,0,3,0,0,4,0,4,2,0,0
datasets/CleanSet1/html/service.gov.uk_clean.html,3,4,13,106,3,0,7,0,0,0,0,5386,6,0,0,0,0,0,0,0,0,0,0,0,0,0,0,0,0,0,0,0,0,0,0,1,5,0,0
datasets/CleanSet1/html/seznam.cz_clean.html,2,8,120,503,299,0,9,0,0,0,0,29251,2,0,0,0,0,0,0,0,0,0,0,0,0,0,0,0,0,0,0,0,0,0,0,0,0,2,0
datasets/CleanSet1/html/shalltry.com_clean.html,0,0,0,2,2,0,0,0,0,0,0,318,0,0,0,0,0,0,0,0,0,0,0,0,0,0,0,0,0,0,0,0,0,0,0,0,0,0,0
datasets/CleanSet1/html/sharepoint.com_clean.html,1,1,15,113,111,0,6,0,0,0,0,12389,5,0,0,0,0,0,0,0,0,0,0,0,0,0,0,0,0,0,2,0,0,1,0,1,1,0,0
datasets/CleanSet1/html/sharethrough.com_clean.html,2,11,1,142,29,0,21,1,0,2,0,14948,9,0,2,0,0,0,0,0,0,0,0,0,1,1,0,0,0,0,0,0,0,0,0,4,0,1,0
datasets/CleanSet1/html/shein.com_clean.html,1,1,2,79,28,0,32,0,0,0,0,1102,0,0,0,0,0,0,0,0,0,0,0,0,0,0,0,0,0,0,0,0,0,0,0,0,0,0,0
datasets/CleanSet1/html/shopee.co.id_clean.html,0,0,0,0,0,0,16,1,0,0,0,0,0,0,0,0,0,0,0,0,0,0,0,0,0,0,0,0,0,0,0,0,0,0,0,0,0,0,0
datasets/CleanSet1/html/shopee.com.br_clean.html,0,0,0,0,0,0,16,1,0,0,0,0,0,0,0,0,0,0,0,0,0,0,0,0,0,0,0,0,0,0,0,0,0,0,0,0,0,0,0
datasets/CleanSet1/html/shopeemobile.com_clean.html,0,0,0,0,0,0,16,1,0,0,0,0,0,0,0,0,0,0,0,0,0,0,0,0,0,0,0,0,0,0,0,0,0,0,0,0,0,0,0
datasets/CleanSet1/html/shopify.com_clean.html,0,0,9,315,54,0,3,0,0,0,0,10084,3,0,1,0,0,0,0,0,0,0,0,0,2,0,0,0,0,0,0,0,0,0,0,0,0,0,0
datasets/CleanSet1/html/shutterstock.com_clean.html,0,2,13,28,3,0,34,0,0,0,0,664,1,0,0,1,0,0,0,0,0,0,0,0,0,0,0,0,0,0,0,0,0,0,0,0,0,0,0
datasets/CleanSet1/html/sina.com.cn_clean.html,7,21,0,959,917,1,99,0,0,0,0,30746,0,0,0,0,0,0,0,0,0,0,0,0,0,0,0,0,0,0,0,0,0,0,0,0,0,0,0
datasets/CleanSet1/html/singular.net_clean.html,1,3,3,215,191,0,28,1,0,0,0,5492,9,0,2,0,0,0,0,0,0,0,0,0,0,0,0,0,0,0,3,0,0,0,0,4,0,0,0
datasets/CleanSet1/html/skype.com_clean.html,1,2,12,8,7,0,7,0,0,0,0,1554,3,0,0,1,0,1,0,0,0,0,0,0,0,0,0,0,0,0,0,0,0,0,0,1,0,0,0
datasets/CleanSet1/html/slack.com_clean.html,0,0,17,260,249,0,24,0,0,0,0,11281,8,0,0,2,0,0,0,0,0,0,0,0,0,0,0,0,0,6,0,0,0,0,0,0,0,0,0
datasets/CleanSet1/html/slideshare.net_clean.html,1,7,23,56,55,0,20,1,0,0,0,5353,3,1,0,1,0,0,0,0,0,0,0,0,0,0,0,0,0,0,0,0,0,0,0,1,0,0,0
datasets/CleanSet1/html/smartadserver.com_clean.html,1,2,3,157,45,0,18,1,0,0,0,7690,3,0,0,0,0,0,0,0,0,0,0,0,0,0,0,0,0,0,0,0,0,1,0,2,0,0,0
datasets/CleanSet1/html/smartthings.com_clean.html,7,111,119,336,29,0,32,0,0,0,0,19935,30,0,0,0,0,0,0,0,0,0,0,0,4,0,0,0,0,0,1,0,0,1,0,2,22,0,0
datasets/CleanSet1/html/snapchat.com_clean.html,0,1,2,44,44,0,12,0,0,0,0,1242,4,0,0,0,0,0,0,3,0,0,0,0,0,0,0,0,0,0,0,0,0,0,0,0,1,0,0
datasets/CleanSet1/html/sohu.com_clean.html,0,1,0,150,82,0,22,0,0,0,0,53178,1,0,0,0,0,0,0,0,0,0,0,0,0,0,0,0,0,0,0,0,0,0,0,1,0,0,0
datasets/CleanSet1/html/soundcloud.com_clean.html,0,0,0,9,7,0,22,0,0,0,0,425,0,0,0,0,0,0,0,0,0,0,0,0,0,0,0,0,0,0,0,0,0,0,0,0,0,0,0
datasets/CleanSet1/html/spamhaus.org_clean.html,2,2,7,78,29,0,5,1,0,0,0,3971,5,2,0,0,0,0,0,0,0,0,0,0,1,0,0,0,0,0,0,0,0,0,0,1,1,0,0
datasets/CleanSet1/html/speedtest.net_clean.html,0,0,0,88,14,0,15,1,0,0,0,1164,2,0,0,0,0,0,0,0,0,0,0,0,0,0,0,0,0,0,0,0,0,0,0,0,2,0,0
datasets/CleanSet1/html/spiegel.de_clean.html,2,4,228,942,827,0,23,1,0,0,0,40773,6,1,0,0,0,0,0,3,0,0,0,0,0,0,0,0,0,0,0,0,0,1,0,0,1,0,0
datasets/CleanSet1/html/split.io_clean.html,0,0,0,39,21,0,11,1,0,0,0,4491,6,1,0,0,0,0,0,0,0,0,0,0,0,0,0,0,0,0,0,0,0,0,0,3,2,0,0
datasets/CleanSet1/html/sportradar.com_clean.html,1,21,11,200,56,0,39,3,0,1,1,13538,14,0,0,0,0,0,0,0,0,0,0,0,2,1,0,0,0,0,1,0,0,4,0,6,0,0,0
datasets/CleanSet1/html/spotify.com_clean.html,0,0,0,0,0,0,11,0,0,0,0,20,0,0,0,0,0,0,0,0,0,0,0,0,0,0,0,0,0,0,0,0,0,0,0,0,0,0,0
datasets/CleanSet1/html/springer.com_clean.html,0,0,1,78,18,0,5,1,0,0,0,2231,2,0,0,0,0,0,0,0,0,0,0,0,0,0,0,0,0,0,0,0,0,0,0,2,0,0,0
datasets/CleanSet1/html/squarespace.com_clean.html,1,1,60,275,94,0,33,1,0,0,0,23641,24,2,0,2,0,0,0,0,0,0,3,0,0,0,0,0,0,5,0,0,0,0,0,12,0,0,0
datasets/CleanSet1/html/stackadapt.com_clean.html,0,16,7,121,99,0,38,1,0,0,0,7624,6,0,1,0,0,0,0,0,0,0,0,0,0,0,0,0,0,0,0,0,0,2,0,3,0,0,0
datasets/CleanSet1/html/stanford.edu_clean.html,1,3,3,114,97,0,15,1,0,0,0,7068,1,0,0,0,0,0,0,0,0,0,0,0,0,0,0,0,0,0,0,0,0,0,0,1,0,0,0
datasets/CleanSet1/html/staples.com_clean.html,0,3,1,113,17,0,42,0,0,0,0,5083,1,0,0,0,0,0,0,0,0,0,0,0,0,0,0,0,0,0,0,0,0,1,0,0,0,0,0
datasets/CleanSet1/html/statista.com_clean.html,4,3,27,352,39,5,18,1,0,0,0,20507,19,0,0,0,0,0,0,0,0,0,0,0,0,0,0,0,0,0,0,0,0,0,0,8,11,0,0
datasets/CleanSet1/html/steamcommunity.com_clean.html,3,10,0,101,68,0,34,0,0,0,0,2445,0,0,0,0,0,0,0,0,0,0,0,0,0,0,0,0,0,0,0,0,0,0,0,0,0,0,0
datasets/CleanSet1/html/steampowered.com_clean.html,0,4,5,316,288,0,24,0,0,0,0,19496,5,0,0,0,0,0,0,2,0,0,0,1,0,0,0,0,0,0,0,0,0,0,2,0,0,0,0
datasets/CleanSet1/html/stripe.com_clean.html,1,1,19,419,146,0,8,1,0,0,0,21510,18,0,0,2,0,0,0,0,0,0,4,0,0,0,0,0,0,0,0,0,0,0,0,11,0,0,1
datasets/CleanSet1/html/substack.com_clean.html,0,0,8,7,1,0,99,0,0,0,0,326,1,0,1,0,0,0,0,0,0,0,0,0,0,0,0,0,0,0,0,0,0,0,0,0,0,0,0
datasets/CleanSet1/html/supercell.com_clean.html,0,0,3,75,16,0,12,1,0,0,0,1782,1,0,0,0,0,0,0,0,0,0,0,0,1,0,0,0,0,0,0,0,0,0,0,0,0,0,0
datasets/CleanSet1/html/surveymonkey.com_clean.html,0,0,9,223,13,0,87,0,0,0,0,7928,14,0,4,0,0,0,0,0,0,0,0,0,0,0,0,0,0,0,3,0,0,0,0,7,0,0,0
datasets/CleanSet1/html/synology.com_clean.html,0,2,0,50,12,0,37,0,0,0,0,1486,1,0,0,0,0,0,0,0,0,0,0,0,0,0,0,0,0,0,0,0,0,0,0,1,0,0,0
datasets/CleanSet1/html/t-online.de_clean.html,3,10,29,893,107,0,51,0,0,1,0,21287,4,2,0,0,0,0,0,0,0,0,0,0,0,0,0,0,0,0,0,0,0,0,0,0,0,2,0
datasets/CleanSet1/html/t.co_clean.html,0,0,0,13,13,0,1,0,0,0,0,310,1,0,0,0,0,0,0,0,0,0,0,0,0,0,0,0,0,0,0,0,0,0,0,1,0,0,0
datasets/CleanSet1/html/t.me_clean.html,0,0,0,61,2,0,3,0,0,0,0,2072,4,0,0,0,1,0,0,0,0,0,0,0,0,0,0,0,0,1,0,0,0,0,0,2,0,0,0
datasets/CleanSet1/html/taboola.com_clean.html,0,3,4,138,86,0,11,1,0,0,0,5389,7,2,0,0,0,0,0,0,0,0,0,0,1,0,0,0,0,0,0,0,0,0,0,2,2,0,0
datasets/CleanSet1/html/taobao.com_clean.html,0,0,0,41,41,0,27,0,0,0,0,514,0,0,0,0,0,0,0,0,0,0,0,0,0,0,0,0,0,0,0,0,0,0,0,0,0,0,0
datasets/CleanSet1/html/tapad.com_clean.html,0,0,1,77,12,0,14,0,0,0,0,2568,2,0,1,0,0,0,0,0,0,0,0,0,0,0,0,0,0,0,1,0,0,0,0,0,0,0,0
datasets/CleanSet1/html/target.com_clean.html,3,5,14,61,0,0,85,0,0,0,0,2419,0,0,0,0,0,0,0,0,0,0,0,0,0,0,0,0,0,0,0,0,0,0,0,0,0,0,0
datasets/CleanSet1/html/teads.tv_clean.html,0,0,0,1,1,0,0,0,0,0,0,53,0,0,0,0,0,0,0,0,0,0,0,0,0,0,0,0,0,0,0,0,0,0,0,0,0,0,0
datasets/CleanSet1/html/teamviewer.com_clean.html,0,0,25,210,106,0,14,1,0,0,0,12519,5,0,0,0,0,0,0,0,0,0,0,0,0,0,0,0,0,0,0,0,0,0,0,5,0,0,0
datasets/CleanSet1/html/techcrunch.com_clean.html,2,2,8,341,273,0,36,0,0,1,0,11852,12,0,0,0,0,0,0,0,0,0,0,0,2,1,0,0,0,0,7,0,0,0,0,2,0,0,0
datasets/CleanSet1/html/ted.com_clean.html,2,4,10,57,20,0,43,0,0,2,0,2352,1,0,0,0,0,0,0,0,0,0,0,0,1,0,0,0,0,0,0,0,0,0,0,0,0,0,0
datasets/CleanSet1/html/telegram.me_clean.html,0,0,0,61,2,0,3,0,0,0,0,2072,4,0,0,0,1,0,0,0,0,0,0,0,0,0,0,0,0,1,0,0,0,0,0,2,0,0,0
datasets/CleanSet1/html/telegram.org_clean.html,0,0,0,61,2,0,3,0,0,0,0,2072,4,0,0,0,1,0,0,0,0,0,0,0,0,0,0,0,0,1,0,0,0,0,0,2,0,0,0
datasets/CleanSet1/html/telekom.de_clean.html,0,0,81,402,94,0,17,0,0,0,0,10977,3,3,0,0,0,0,0,0,0,0,0,0,0,0,0,0,0,0,0,0,0,0,0,0,0,0,0
datasets/CleanSet1/html/telekom.net_clean.html,2,1,2,222,11,0,11,0,0,0,0,6987,6,0,0,0,0,0,0,0,0,0,0,0,0,0,0,0,0,0,2,0,0,0,0,4,0,0,0
datasets/CleanSet1/html/temu.com_clean.html,0,0,0,0,0,0,1,0,0,0,0,0,0,0,0,0,0,0,0,0,0,0,0,0,0,0,0,0,0,0,0,0,0,0,0,0,0,0,0
datasets/CleanSet1/html/tencent.com_clean.html,0,0,0,118,104,0,16,1,0,0,0,2894,0,0,0,0,0,0,0,0,0,0,0,0,0,0,0,0,0,0,0,0,0,0,0,0,0,0,0
datasets/CleanSet1/html/theatlantic.com_clean.html,2,2,11,310,245,0,27,0,0,1,0,8659,6,0,0,0,0,0,0,0,0,0,0,0,0,0,0,0,0,0,1,0,0,0,0,4,0,1,0
datasets/CleanSet1/html/theguardian.com_clean.html,2,11,37,335,55,0,19,0,0,0,0,19226,6,0,0,0,0,0,0,0,0,0,0,0,0,1,0,0,0,0,0,0,0,1,0,1,3,0,0
datasets/CleanSet1/html/themeforest.net_clean.html,21,22,40,518,211,0,12,2,0,0,0,7852,4,0,0,0,0,0,0,1,0,0,0,0,0,0,0,0,0,0,0,0,0,0,0,0,1,2,0
datasets/CleanSet1/html/theverge.com_clean.html,1,1,48,250,43,0,28,0,0,0,0,15765,8,1,0,0,0,0,0,1,0,0,0,0,3,0,0,0,0,0,1,0,0,1,0,1,0,0,0
datasets/CleanSet1/html/threads.com_clean.html,0,0,0,0,0,0,66,0,0,0,0,7,0,0,0,0,0,0,0,0,0,0,0,0,0,0,0,0,0,0,0,0,0,0,0,0,0,0,0
datasets/CleanSet1/html/tiktok.com_clean.html,0,0,0,5,3,0,23,0,0,0,0,937,5,0,2,0,0,0,0,0,0,0,0,0,0,1,0,0,0,0,0,0,0,0,0,0,2,0,0
datasets/CleanSet1/html/tiktokv.com_clean.html,0,0,0,5,3,0,23,0,0,0,0,937,5,0,2,0,0,0,0,0,0,0,0,0,0,1,0,0,0,0,0,0,0,0,0,0,2,0,0
datasets/CleanSet1/html/tiktokw.us_clean.html,0,0,0,5,3,0,23,0,0,0,0,937,5,0,2,0,0,0,0,0,0,0,0,0,0,1,0,0,0,0,0,0,0,0,0,0,2,0,0
datasets/CleanSet1/html/time.com_clean.html,1,2,25,197,148,1,101,0,0,1,0,7936,3,0,0,0,0,0,0,0,0,0,0,0,2,0,0,0,0,0,0,0,0,0,0,1,0,0,0
datasets/CleanSet1/html/timeweb.ru_clean.html,1,1,18,85,19,0,15,1,0,0,0,17247,0,0,0,0,0,0,0,0,0,0,0,0,0,0,0,0,0,0,0,0,0,0,0,0,0,0,0
datasets/CleanSet1/html/tinyurl.com_clean.html,0,0,0,0,0,0,6,0,0,0,0,56,0,0,0,0,0,0,0,0,0,0,0,0,0,0,0,0,0,0,0,0,0,0,0,0,0,0,0
datasets/CleanSet1/html/tp-link.com_clean.html,4,9,13,261,50,0,14,0,0,0,0,8445,17,1,0,0,0,0,0,1,0,0,0,0,0,1,0,0,0,2,3,0,0,2,0,7,0,0,0
datasets/CleanSet1/html/tplinkcloud.com_clean.html,0,7,0,5,2,0,9,0,1,0,0,3638,5,0,0,0,0,0,2,1,0,0,0,0,1,0,0,0,0,0,0,0,0,0,0,0,1,0,0
datasets/CleanSet1/html/tradingview.com_clean.html,0,0,60,562,193,0,61,0,0,0,0,28159,42,0,0,0,0,0,0,0,0,0,0,0,26,5,0,0,0,0,2,0,0,0,0,0,3,6,0
datasets/CleanSet1/html/trendmicro.com_clean.html,2,3,10,330,56,0,21,0,0,0,0,26939,152,4,0,0,1,0,0,0,0,0,0,0,0,0,0,0,1,96,47,0,0,0,0,3,0,0,0
datasets/CleanSet1/html/trustpilot.com_clean.html,1,2,32,235,34,0,17,0,0,0,0,13459,22,2,3,0,0,0,0,2,0,0,0,0,2,1,0,1,0,0,0,0,0,0,0,3,2,6,0
datasets/CleanSet1/html/tumblr.com_clean.html,1,1,6,11,0,0,5,0,0,0,0,177,2,0,0,1,0,0,0,0,0,0,0,0,0,0,0,0,0,0,0,0,0,0,0,1,0,0,0
datasets/CleanSet1/html/twitch.tv_clean.html,0,0,0,0,0,0,62,0,0,0,0,6,0,0,0,0,0,0,0,0,0,0,0,0,0,0,0,0,0,0,0,0,0,0,0,0,0,0,0
datasets/CleanSet1/html/twitter.com_clean.html,1,1,1,6,6,0,10,0,0,0,0,534,0,0,0,0,0,0,0,0,0,0,0,0,0,0,0,0,0,0,0,0,0,0,0,0,0,0,0
datasets/CleanSet1/html/typeform.com_clean.html,0,0,3,143,43,0,49,1,0,0,0,5137,5,0,1,0,0,0,0,0,0,0,0,0,1,0,0,0,0,0,1,0,0,0,0,2,0,0,0
datasets/CleanSet1/html/ubnt.com_clean.html,0,0,0,0,0,0,10,0,0,0,0,79,0,0,0,0,0,0,0,0,0,0,0,0,0,0,0,0,0,0,0,0,0,0,0,0,0,0,0
datasets/CleanSet1/html/ubuntu.com_clean.html,1,2,2,254,58,0,14,1,0,0,0,8530,42,0,1,0,0,0,0,0,0,0,0,0,6,0,0,0,0,0,18,0,0,0,0,16,1,0,0
datasets/CleanSet1/html/ui.com_clean.html,0,0,0,0,0,0,10,0,0,0,0,79,0,0,0,0,0,0,0,0,0,0,0,0,0,0,0,0,0,0,0,0,0,0,0,0,0,0,0
datasets/CleanSet1/html/uk.com_clean.html,0,2,2,41,25,0,11,1,0,0,0,3886,4,0,0,0,0,0,0,0,0,0,0,0,0,0,0,0,0,0,0,0,0,0,0,4,0,0,0
datasets/CleanSet1/html/un.org_clean.html,0,0,6,12,6,0,4,0,0,0,0,1192,0,0,0,0,0,0,0,0,0,0,0,0,0,0,0,0,0,0,0,0,0,0,0,0,0,0,0
datasets/CleanSet1/html/unesco.org_clean.html,2,5,4,273,188,0,8,1,0,0,0,13144,3,0,0,0,0,0,0,0,0,0,0,0,1,0,0,0,0,0,0,0,0,0,0,0,2,0,0
datasets/CleanSet1/html/unity3d.com_clean.html,0,1,1,74,14,0,68,0,0,0,0,4529,3,0,0,0,0,0,0,0,0,0,0,0,0,0,0,0,0,1,0,0,0,0,0,1,0,0,1
datasets/CleanSet1/html/unpkg.com_clean.html,0,0,0,42,15,0,4,0,0,0,0,6741,2,0,0,0,0,0,0,0,0,0,0,0,0,0,0,0,0,0,0,0,0,1,0,1,0,0,0
datasets/CleanSet1/html/unrulymedia.com_clean.html,0,0,0,0,0,0,0,0,0,0,0,0,0,0,0,0,0,0,0,0,0,0,0,0,0,0,0,0,0,0,0,0,0,0,0,0,0,0,0
datasets/CleanSet1/html/uol.com.br_clean.html,1,2,6,571,570,0,39,0,0,0,0,17065,12,0,0,0,0,1,0,0,0,0,1,0,0,0,0,0,0,4,0,1,0,0,1,0,0,3,1
datasets/CleanSet1/html/usatoday.com_clean.html,1,1,4,215,68,0,9,0,0,1,0,6647,4,0,0,0,0,0,0,0,0,0,0,0,0,0,0,0,0,0,2,0,0,0,0,1,1,0,0
datasets/CleanSet1/html/userapi.com_clean.html,0,0,0,0,0,0,56,0,0,0,0,15,0,0,0,0,0,0,0,0,0,0,0,0,0,0,0,0,0,0,0,0,0,0,0,0,0,0,0
datasets/CleanSet1/html/usps.com_clean.html,9,16,2,232,203,0,20,1,0,0,0,7178,13,0,0,0,0,0,0,0,0,0,0,0,2,0,0,2,0,0,0,0,0,5,0,4,0,0,0
datasets/CleanSet1/html/utorrent.com_clean.html,0,0,34,52,16,0,20,1,0,0,0,2636,2,0,0,0,0,0,0,0,0,0,0,0,0,0,0,0,0,0,2,0,0,0,0,0,0,0,0
datasets/CleanSet1/html/verisign.com_clean.html,2,5,11,170,33,0,12,0,0,0,0,4589,17,2,2,0,0,0,0,0,0,0,0,0,0,0,0,0,0,0,1,0,0,0,0,8,4,0,0
datasets/CleanSet1/html/viber.com_clean.html,0,0,1,79,74,0,14,1,0,0,0,2134,4,0,0,0,0,0,0,0,0,0,0,0,0,0,0,0,0,4,0,0,0,0,0,0,0,0,0
datasets/CleanSet1/html/vimeo.com_clean.html,0,0,85,324,32,0,109,0,0,0,0,11240,22,2,2,0,0,0,1,0,0,0,0,0,0,0,0,0,0,0,8,0,0,1,0,7,1,0,0
datasets/CleanSet1/html/visualstudio.com_clean.html,1,1,21,196,180,0,39,0,0,0,0,9443,9,0,0,0,0,0,0,0,0,0,0,0,1,0,0,0,0,0,4,0,0,0,0,1,3,0,0
datasets/CleanSet1/html/vivo.com.cn_clean.html,0,1,0,213,185,0,12,0,0,0,0,2075,0,0,0,0,0,0,0,0,0,0,0,0,0,0,0,0,0,0,0,0,0,0,0,0,0,0,0
datasets/CleanSet1/html/vivoglobal.com_clean.html,0,0,0,5,5,0,0,0,0,0,0,93,0,0,0,0,0,0,0,0,0,0,0,0,0,0,0,0,0,0,0,0,0,0,0,0,0,0,0
datasets/CleanSet1/html/vk.com_clean.html,0,0,0,0,0,0,56,0,0,0,0,15,0,0,0,0,0,0,0,0,0,0,0,0,0,0,0,0,0,0,0,0,0,0,0,0,0,0,0
datasets/CleanSet1/html/vkontakte.ru_clean.html,0,0,0,0,0,0,56,0,0,0,0,15,0,0,0,0,0,0,0,0,0,0,0,0,0,0,0,0,0,0,0,0,0,0,0,0,0,0,0
datasets/CleanSet1/html/vungle.com_clean.html,1,6,27,202,193,0,50,0,0,0,0,7688,6,1,3,0,0,0,0,0,0,0,0,0,0,0,0,0,0,0,0,0,0,0,0,2,0,0,0
datasets/CleanSet1/html/w3.org_clean.html,0,0,2,98,88,0,4,0,0,0,0,5727,4,0,0,0,0,0,0,0,0,0,0,0,0,0,0,0,0,0,1,0,0,0,0,2,1,0,0
datasets/CleanSet1/html/w3schools.com_clean.html,1,11,3,756,193,0,19,2,0,0,0,13757,17,0,2,0,0,0,0,0,0,0,0,0,0,0,0,0,0,0,6,0,0,2,0,5,2,0,0
datasets/CleanSet1/html/walmart.com_clean.html,0,0,0,5,2,0,6,0,0,0,0,220,1,0,0,0,0,0,0,0,0,0,0,0,0,1,0,0,0,0,0,0,0,0,0,0,0,0,0
datasets/CleanSet1/html/warnerbros.com_clean.html,0,1,2,99,28,0,9,1,0,0,0,2769,0,0,0,0,0,0,0,0,0,0,0,0,0,0,0,0,0,0,0,0,0,0,0,0,0,0,0
datasets/CleanSet1/html/washington.edu_clean.html,0,0,11,151,150,0,15,1,0,0,0,4014,1,0,0,0,0,0,0,0,0,0,0,0,0,0,0,0,0,0,0,0,0,0,0,1,0,0,0
datasets/CleanSet1/html/wattpad.com_clean.html,1,2,31,129,128,0,7,1,0,0,0,2698,2,1,0,0,0,0,0,0,0,0,0,0,0,0,0,0,0,0,0,0,0,0,0,1,0,0,0
datasets/CleanSet1/html/weather.com_clean.html,2,2,9,249,14,0,22,0,0,0,0,8136,4,0,0,1,0,0,0,0,0,0,0,0,0,0,0,0,0,0,0,0,0,0,0,3,0,0,0
datasets/CleanSet1/html/webex.com_clean.html,0,0,7,209,148,0,18,0,0,0,0,8964,19,0,0,0,0,0,0,0,0,0,0,0,0,0,0,0,0,0,5,0,0,0,0,14,0,0,0
datasets/CleanSet1/html/webmd.com_clean.html,2,9,14,210,200,0,23,0,0,0,0,5988,4,0,1,0,0,0,0,0,0,0,0,0,1,0,0,0,0,0,0,0,0,1,0,1,0,0,0
datasets/CleanSet1/html/weebly.com_clean.html,0,0,0,92,19,0,10,0,0,0,0,2999,3,0,2,0,0,0,0,0,0,0,0,0,0,0,0,0,0,0,0,0,0,0,0,1,0,0,0
datasets/CleanSet1/html/weibo.com_clean.html,0,0,0,0,0,0,3,0,0,0,0,19,0,0,0,0,0,0,0,0,0,0,0,0,0,0,0,0,0,0,0,0,0,0,0,0,0,0,0
datasets/CleanSet1/html/welt.de_clean.html,0,0,43,503,88,0,155,0,0,0,0,37768,14,2,0,0,0,0,0,0,0,0,0,0,0,0,0,0,0,0,1,0,0,0,0,0,0,11,0
datasets/CleanSet1/html/whitehouse.gov_clean.html,3,7,3,69,61,0,15,1,0,2,0,1677,4,0,0,0,0,0,0,0,0,0,0,0,2,0,0,0,0,0,0,0,0,0,0,2,0,0,0
datasets/CleanSet1/html/who.int_clean.html,0,18,0,241,24,0,40,1,0,0,0,4479,4,0,0,0,0,0,0,0,0,0,0,0,0,0,0,0,0,0,2,0,0,0,0,1,1,0,0
datasets/CleanSet1/html/wikimedia.org_clean.html,0,0,0,23,23,0,2,0,0,0,0,1440,2,0,0,0,0,0,0,0,0,0,0,0,0,0,0,0,0,0,0,0,0,0,0,2,0,0,0
datasets/CleanSet1/html/wikipedia.org_clean.html,1,13,4,375,8,0,4,0,0,0,0,8868,1,0,0,0,0,0,0,0,0,0,0,0,1,0,0,0,0,0,0,0,0,0,0,0,0,0,0
datasets/CleanSet1/html/wiley.com_clean.html,1,1,1,148,141,0,28,0,0,0,0,9938,5,0,0,0,0,0,0,0,0,0,0,0,0,0,0,0,0,0,0,0,0,0,0,2,3,0,0
datasets/CleanSet1/html/windows.com_clean.html,1,4,24,145,137,0,14,0,0,0,0,6752,14,0,0,2,0,1,0,0,0,0,0,0,0,0,0,0,1,6,0,0,0,0,0,4,0,0,0
datasets/CleanSet1/html/windows.net_clean.html,1,1,29,130,108,0,18,0,0,0,0,6831,4,0,0,1,0,0,0,0,0,0,0,0,0,0,0,0,0,1,0,0,0,0,0,1,0,0,1
datasets/CleanSet1/html/wired.com_clean.html,0,0,1,177,67,0,29,1,0,0,0,8286,8,0,0,0,0,0,0,0,0,0,0,0,0,0,0,0,0,0,4,0,0,0,0,1,3,0,0
datasets/CleanSet1/html/withgoogle.com_clean.html,1,8,0,15,12,0,13,0,0,0,0,340,1,1,0,0,0,0,0,0,0,0,0,0,0,0,0,0,0,0,0,0,0,0,0,0,0,0,0
datasets/CleanSet1/html/wix.com_clean.html,0,2,56,251,251,0,64,0,0,1,0,18864,17,0,0,0,0,0,0,1,0,0,0,0,0,0,0,0,0,0,6,0,0,5,0,4,1,0,0
datasets/CleanSet1/html/wixsite.com_clean.html,0,2,41,168,168,0,63,0,0,1,0,16810,13,0,0,0,0,0,0,0,0,0,1,0,0,0,0,0,0,4,0,0,0,5,1,2,0,0,0
datasets/CleanSet1/html/wordpress.org_clean.html,1,1,9,76,75,0,16,1,0,0,0,3339,9,0,0,0,0,0,1,0,0,0,0,0,0,0,0,0,0,0,0,0,0,0,0,0,8,0,0
datasets/CleanSet1/html/workers.dev_clean.html,0,0,36,34,30,0,10,0,0,0,0,7617,6,1,0,0,0,0,0,0,0,0,0,0,3,0,0,0,0,0,0,0,0,0,0,2,0,0,0
datasets/CleanSet1/html/worldbank.org_clean.html,0,0,0,53,53,0,2,0,0,0,0,10479,50,0,0,0,0,0,0,0,0,0,0,0,5,0,0,0,0,0,0,0,0,0,0,7,0,38,0
datasets/CleanSet1/html/wp.pl_clean.html,1,3,11,474,459,0,26,0,0,0,0,17464,3,0,0,0,0,0,0,0,0,0,0,0,0,0,0,0,0,0,0,0,0,0,0,0,0,3,0
datasets/CleanSet1/html/wps.com_clean.html,0,0,0,25,25,0,13,0,0,0,0,8893,6,0,0,1,0,0,0,0,0,0,0,0,0,0,0,0,0,1,2,0,0,0,2,0,0,0,0
datasets/CleanSet1/html/www.163.com_clean.html,0,0,0,688,623,1,21,2,0,0,0,9004,0,0,0,0,0,0,0,0,0,0,0,0,0,0,0,0,0,0,0,0,0,0,0,0,0,0,0
datasets/CleanSet1/html/www.adobe.io_clean.html,0,0,4,56,32,0,28,0,0,0,0,1835,0,0,0,0,0,0,0,0,0,0,0,0,0,0,0,0,0,0,0,0,0,0,0,0,0,0,0
datasets/CleanSet1/html/www.adriver.ru_clean.html,1,2,3,30,2,1,26,0,0,0,0,953,0,0,0,0,0,0,0,0,0,0,0,0,0,0,0,0,0,0,0,0,0,0,0,0,0,0,0
datasets/CleanSet1/html/www.aliexpress.com_clean.html,0,0,0,0,0,0,1,0,0,0,0,0,0,0,0,0,0,0,0,0,0,0,0,0,0,0,0,0,0,0,0,0,0,0,0,0,0,0,0
datasets/CleanSet1/html/www.amazon.com_clean.html,1,3,1,2,2,0,3,0,0,0,0,153,1,0,0,0,0,0,0,0,0,0,0,0,0,0,0,0,0,0,0,0,0,1,0,0,0,0,0
datasets/CleanSet1/html/www.amazonvideo.com_clean.html,69,137,76,45,0,0,52,0,0,0,0,2246,2,0,0,0,0,0,0,0,0,0,0,0,0,0,0,0,0,0,0,0,0,0,0,0,2,0,0
datasets/CleanSet1/html/www.americanas.com.br_clean.html,0,0,0,0,0,0,23,0,0,0,0,62,0,0,0,0,0,0,0,0,0,0,0,0,0,0,0,0,0,0,0,0,0,0,0,0,0,0,0
datasets/CleanSet1/html/www.android.com_clean.html,4,88,48,83,19,0,13,1,0,0,0,9093,9,0,0,0,0,0,0,0,0,0,0,0,0,5,0,0,0,0,0,0,0,0,0,4,0,0,0
datasets/CleanSet1/html/www.apache.org_clean.html,0,0,1,165,81,0,14,0,0,0,0,4812,2,0,0,0,0,0,0,0,0,0,0,0,0,0,0,0,0,0,0,0,0,0,0,2,0,0,0
datasets/CleanSet1/html/www.apple.com_clean.html,1,5,18,120,15,0,15,0,0,0,0,4614,9,0,0,0,0,0,0,0,0,0,0,0,0,0,0,0,0,0,0,0,0,0,0,1,5,3,0
datasets/CleanSet1/html/www.applovin.com_clean.html,0,0,0,17,12,0,22,0,0,0,0,233,0,0,0,0,0,0,0,0,0,0,0,0,0,0,0,0,0,0,0,0,0,0,0,0,0,0,0
datasets/CleanSet1/html/www.archive.org_clean.html,0,0,0,0,0,0,3,0,0,0,0,145,0,0,0,0,0,0,0,0,0,0,0,0,0,0,0,0,0,0,0,0,0,0,0,0,0,0,0
datasets/CleanSet1/html/www.azure.com_clean.html,2,2,93,365,341,0,65,0,0,0,0,17112,20,0,0,0,0,0,0,0,0,0,0,0,0,0,0,0,0,0,6,0,0,0,0,12,2,0,0
datasets/CleanSet1/html/www.b3.com.br_clean.html,0,0,0,0,0,0,2,0,0,0,0,0,0,0,0,0,0,0,0,0,0,0,0,0,0,0,0,0,0,0,0,0,0,0,0,0,0,0,0
datasets/CleanSet1/html/www.baidu.com_clean.html,1,15,1,61,49,0,32,0,0,0,0,254002,275,4,0,0,0,0,0,1,0,0,0,0,12,0,0,0,0,0,0,0,0,1,0,257,0,0,0
datasets/CleanSet1/html/www.bbc.com_clean.html,0,1,23,193,25,0,24,0,0,0,0,10929,7,0,0,0,0,0,0,0,0,0,0,0,2,0,0,2,0,0,0,0,0,0,0,3,0,0,0
datasets/CleanSet1/html/www.bing.com_clean.html,0,0,0,4,0,0,46,0,0,0,0,40,1,0,0,1,0,0,0,0,0,0,0,0,0,0,0,0,0,0,0,0,0,0,0,0,0,0,0
datasets/CleanSet1/html/www.bit.ly_clean.html,4,19,5,196,185,0,23,0,0,0,0,10249,18,0,2,0,0,0,0,0,0,0,0,0,1,1,0,0,0,0,2,0,0,8,0,2,1,1,0
datasets/CleanSet1/html/www.blogspot.com_clean.html,0,0,0,16,0,0,2,0,0,0,0,2996,1,0,0,0,0,0,0,0,0,0,0,0,0,0,0,0,0,0,0,0,0,1,0,0,0,0,0
datasets/CleanSet1/html/www.claro.com.br_clean.html,1,1,46,303,128,0,54,1,0,0,0,9026,10,0,0,0,0,2,0,1,0,1,0,0,0,0,0,0,0,6,0,0,0,0,0,0,0,0,0
datasets/CleanSet1/html/www.cloud.microsoft_clean.html,0,0,31,197,194,0,18,0,0,0,0,11932,19,2,0,0,0,0,0,0,0,0,0,0,0,0,0,0,0,0,5,0,0,2,0,4,6,0,0
datasets/CleanSet1/html/www.cloudflare.com_clean.html,0,0,19,283,51,0,31,0,0,0,0,13260,32,0,1,0,0,0,0,0,0,0,0,0,0,0,0,0,0,0,19,0,0,0,0,6,5,1,0
datasets/CleanSet1/html/www.cnn.com_clean.html,3,19,22,442,308,0,12,0,0,0,0,10751,14,0,0,0,0,0,0,0,0,0,0,0,2,0,0,0,0,0,0,0,0,0,0,0,12,0,0
datasets/CleanSet1/html/www.cnnbrasil.com.br_clean.html,2,17,11,441,438,0,45,0,0,1,0,14638,9,0,0,0,0,0,0,2,0,0,0,0,0,1,1,0,2,1,0,0,0,0,0,0,0,0,2
datasets/CleanSet1/html/www.coursera.org_clean.html,1,2,22,119,73,0,13,0,0,0,0,5039,5,0,1,0,0,0,0,0,0,0,0,0,0,0,0,0,0,0,3,0,0,0,0,1,0,0,0
datasets/CleanSet1/html/www.criteo.com_clean.html,2,3,12,228,146,0,32,1,0,0,0,17254,15,0,0,0,0,0,0,0,0,0,0,0,1,0,0,0,0,0,3,0,0,0,0,9,2,0,0
datasets/CleanSet1/html/www.digicert.com_clean.html,1,1,3,283,176,2,43,1,0,0,0,10354,18,0,0,0,0,0,0,0,0,0,0,0,0,0,0,0,0,0,11,0,0,0,0,6,1,0,0
datasets/CleanSet1/html/www.discord.gg_clean.html,0,0,0,123,51,0,29,0,0,0,0,3640,3,0,3,0,0,0,0,0,0,0,0,0,0,0,0,0,0,0,0,0,0,0,0,0,0,0,0
datasets/CleanSet1/html/www.doubleclick.net_clean.html,0,0,16,85,32,0,10,1,0,0,0,7208,0,0,0,0,0,0,0,0,0,0,0,0,0,0,0,0,0,0,0,0,0,0,0,0,0,0,0
datasets/CleanSet1/html/www.doubleverify.com_clean.html,7,73,17,156,116,4,40,1,0,7,0,18327,14,0,0,0,0,0,0,0,0,0,0,0,0,0,0,10,0,0,0,0,0,0,0,3,1,0,0
datasets/CleanSet1/html/www.dropbox.com_clean.html,0,0,10,126,29,0,24,0,0,0,0,3644,7,0,1,0,0,0,0,0,0,0,0,0,1,0,0,0,0,0,2,0,0,0,0,3,0,0,0
datasets/CleanSet1/html/www.dzen.ru_clean.html,0,0,0,0,0,0,1,0,0,0,0,0,0,0,0,0,0,0,0,0,0,0,0,0,0,0,0,0,0,0,0,0,0,0,0,0,0,0,0
datasets/CleanSet1/html/www.europa.eu_clean.html,0,0,0,28,26,0,10,0,0,0,0,392,0,0,0,0,0,0,0,0,0,0,0,0,0,0,0,0,0,0,0,0,0,0,0,0,0,0,0
datasets/CleanSet1/html/www.facebook.com_clean.html,1,7,1,42,24,0,18,0,1,0,0,744,5,0,0,2,0,1,0,0,0,0,0,0,0,0,0,0,0,0,0,0,0,0,0,2,0,0,0
datasets/CleanSet1/html/www.fastly.net_clean.html,0,0,29,74,18,0,16,1,0,0,0,7095,8,0,1,0,0,0,0,0,0,0,0,0,1,0,0,0,0,0,4,0,0,0,0,1,1,0,0
datasets/CleanSet1/html/www.fbcdn.net_clean.html,1,7,1,42,24,0,18,0,1,0,0,744,5,0,0,2,0,1,0,0,0,0,0,0,0,0,0,0,0,0,0,0,0,0,0,2,0,0,0
datasets/CleanSet1/html/www.flickr.com_clean.html,4,11,0,62,40,0,12,1,0,1,0,2789,4,1,1,0,0,0,0,0,0,0,0,0,0,0,0,0,0,0,0,0,0,1,0,0,1,0,0
datasets/CleanSet1/html/www.gandi.net_clean.html,2,2,10,148,46,0,7,0,0,1,0,15473,28,0,2,0,0,0,0,0,0,0,0,0,1,2,0,0,0,0,4,0,0,2,0,12,5,0,0
datasets/CleanSet1/html/www.github.com_clean.html,5,13,47,144,72,0,63,0,0,2,0,8177,19,0,1,0,0,0,0,0,0,0,0,0,3,1,0,0,0,0,11,0,0,0,0,2,1,0,0
datasets/CleanSet1/html/www.github.io_clean.html,0,0,0,37,28,0,4,0,0,0,0,3976,11,0,0,0,0,0,0,0,0,0,0,0,0,0,0,0,0,0,1,0,0,8,0,1,1,0,0
datasets/CleanSet1/html/www.globo.com_clean.html,1,0,4,374,372,0,35,1,0,0,0,7855,6,0,0,0,0,0,0,1,0,0,0,0,0,2,0,0,0,1,0,0,0,0,0,2,0,0,0
datasets/CleanSet1/html/www.google-analytics.com_clean.html,0,0,13,71,31,0,10,1,0,0,0,4947,0,0,0,0,0,0,0,0,0,0,0,0,0,0,0,0,0,0,0,0,0,0,0,0,0,0,0
datasets/CleanSet1/html/www.google.com_clean.html,1,9,0,29,22,0,12,0,0,0,0,326,2,1,0,0,0,0,0,0,0,0,0,0,0,0,0,0,0,0,0,0,0,0,0,0,1,0,0
datasets/CleanSet1/html/www.googledomains.com_clean.html,0,0,0,6,6,0,0,0,0,0,0,598,3,0,0,0,0,0,0,0,0,0,0,0,0,0,0,0,0,0,0,0,0,0,0,2,1,0,0
datasets/CleanSet1/html/www.gov.br_clean.html,0,0,3,699,653,0,41,1,0,0,0,19545,24,0,0,0,0,0,0,0,0,12,3,1,0,0,0,0,0,1,0,0,0,0,0,4,0,0,3
datasets/CleanSet1/html/www.gov.uk_clean.html,3,4,13,106,3,0,7,0,0,0,0,5386,6,0,0,0,0,0,0,0,0,0,0,0,0,0,0,0,0,0,0,0,0,0,0,1,5,0,0
datasets/CleanSet1/html/www.gravatar.com_clean.html,0,2,3,39,37,0,10,0,0,0,0,4133,8,0,3,0,0,0,0,0,0,0,0,0,4,0,0,0,0,0,0,0,0,0,0,0,1,0,0
datasets/CleanSet1/html/www.hef.co.ke_clean.html,0,0,1,28,21,0,26,0,0,0,0,4509,7,0,0,0,0,0,0,0,0,0,0,0,0,0,0,0,0,0,0,0,0,1,0,4,1,1,0
datasets/CleanSet1/html/www.ibm.com_clean.html,0,7,0,35,35,0,60,1,0,0,0,3163,3,0,0,0,0,0,0,0,0,0,0,0,0,0,0,0,0,0,3,0,0,0,0,0,0,0,0
datasets/CleanSet1/html/www.icloud.com_clean.html,0,0,0,0,0,0,8,0,0,0,0,9,0,0,0,0,0,0,0,0,0,0,0,0,0,0,0,0,0,0,0,0,0,0,0,0,0,0,0
datasets/CleanSet1/html/www.ifood.com.br_clean.html,1,1,6,33,23,0,24,1,0,0,0,1303,6,0,0,1,0,0,0,0,0,0,0,0,0,0,0,0,0,2,0,0,0,0,0,3,0,0,0
datasets/CleanSet1/html/www.instagram.com_clean.html,0,0,0,0,0,0,77,0,0,0,0,9,0,0,0,0,0,0,0,0,0,0,0,0,0,0,0,0,0,0,0,0,0,0,0,0,0,0,0
datasets/CleanSet1/html/www.inter.co_clean.html,0,0,5,42,14,1,36,1,0,0,0,2421,14,0,0,0,0,2,0,0,1,0,0,0,0,0,0,0,0,0,0,0,0,0,0,9,0,0,2
datasets/CleanSet1/html/www.kabum.com.br_clean.html,2,2,84,56,4,0,16,1,0,0,0,3318,3,0,0,0,0,0,0,1,0,0,0,0,0,0,0,0,0,0,0,0,0,1,0,1,0,0,0
datasets/CleanSet1/html/www.kaspersky.com_clean.html,0,0,22,211,131,0,56,1,0,0,0,13165,11,0,0,0,1,0,2,0,0,0,0,0,0,1,0,0,0,0,5,0,0,0,0,2,0,0,0
datasets/CleanSet1/html/www.khanacademy.org_clean.html,0,0,0,0,0,0,8,0,0,0,0,12,0,0,0,0,0,0,0,0,0,0,0,0,0,0,0,0,0,0,0,0,0,0,0,0,0,0,0
datasets/CleanSet1/html/www.linkedin.com_clean.html,1,2,42,157,149,0,5,0,0,0,0,5138,6,0,1,0,0,0,0,0,0,0,0,0,0,0,0,0,0,0,1,0,0,2,0,0,2,0,0
datasets/CleanSet1/html/www.live.com_clean.html,0,0,0,0,0,0,4,0,0,0,0,35,0,0,0,0,0,0,0,0,0,0,0,0,0,0,0,0,0,0,0,0,0,0,0,0,0,0,0
datasets/CleanSet1/html/www.magazineluiza.com.br_clean.html,1,1,9,200,196,0,85,1,0,0,0,5231,6,0,0,0,0,0,0,0,0,0,4,0,0,0,0,0,0,2,0,0,0,0,0,0,0,0,0
datasets/CleanSet1/html/www.mail.ru_clean.html,0,0,0,0,0,0,2,0,0,0,0,0,0,0,0,0,0,0,0,0,0,0,0,0,0,0,0,0,0,0,0,0,0,0,0,0,0,0,0
datasets/CleanSet1/html/www.medium.com_clean.html,0,0,3,21,10,1,18,0,0,0,0,299,0,0,0,0,0,0,0,0,0,0,0,0,0,0,0,0,0,0,0,0,0,0,0,0,0,0,0
datasets/CleanSet1/html/www.mercadolivre.com.br_clean.html,1,1,30,268,258,0,12,0,0,0,0,11300,23,0,0,1,0,0,0,1,1,0,2,0,0,0,0,0,0,3,0,0,0,0,0,15,0,0,0
datasets/CleanSet1/html/www.miit.gov.cn_clean.html,0,2,0,182,78,0,20,0,0,0,0,4890,0,0,0,0,0,0,0,0,0,0,0,0,0,0,0,0,0,0,0,0,0,0,0,0,0,0,0
datasets/CleanSet1/html/www.miui.com_clean.html,0,0,0,26,19,0,12,0,0,0,0,16508,0,0,0,0,0,0,0,0,0,0,0,0,0,0,0,0,0,0,0,0,0,0,0,0,0,0,0
datasets/CleanSet1/html/www.mozilla.org_clean.html,0,0,5,130,32,0,9,0,0,0,0,2432,2,0,0,0,0,0,0,0,0,0,0,0,0,0,0,0,0,0,1,0,0,0,0,1,0,0,0
datasets/CleanSet1/html/www.msn.com_clean.html,0,0,0,0,0,0,11,0,0,0,0,3,0,0,0,0,0,0,0,0,0,0,0,0,0,0,0,0,0,0,0,0,0,0,0,0,0,0,0
datasets/CleanSet1/html/www.netflix.com_clean.html,0,2,20,21,14,0,9,0,0,2,0,3705,7,0,0,0,0,0,0,0,0,0,0,0,0,0,0,0,0,0,1,0,0,1,0,1,4,0,0
datasets/CleanSet1/html/www.nginx.com_clean.html,0,1,9,252,99,0,21,0,0,0,0,8763,35,1,0,0,0,0,0,0,0,0,0,0,1,0,0,0,0,0,18,0,0,0,0,14,0,1,0
datasets/CleanSet1/html/www.nginx.org_clean.html,0,1,0,55,19,0,0,0,0,0,0,1713,1,0,0,0,0,0,0,0,0,0,0,0,0,0,0,0,0,0,1,0,0,0,0,0,0,0,0
datasets/CleanSet1/html/www.nic.ru_clean.html,0,0,0,0,0,0,1,0,0,0,0,0,0,0,0,0,0,0,0,0,0,0,0,0,0,0,0,0,0,0,0,0,0,0,0,0,0,0,0
datasets/CleanSet1/html/www.nih.gov_clean.html,1,3,10,103,40,0,9,1,0,0,0,4079,4,0,0,0,0,0,0,0,0,0,0,0,1,0,0,0,0,0,0,0,0,0,0,3,0,0,0
datasets/CleanSet1/html/www.nist.gov_clean.html,1,1,9,157,24,0,10,2,0,0,0,5653,11,0,0,0,0,0,0,0,0,0,0,0,2,0,0,0,0,0,5,0,0,0,0,4,0,0,0
datasets/CleanSet1/html/www.ntp.org_clean.html,0,0,7,17,17,0,5,0,0,0,0,1343,0,0,0,0,0,0,0,0,0,0,0,0,0,0,0,0,0,0,0,0,0,0,0,0,0,0,0
datasets/CleanSet1/html/www.nubank.com.br_clean.html,2,2,14,58,23,2,80,0,0,0,2,2489,38,1,0,0,0,0,0,0,1,2,16,0,0,0,0,0,0,3,0,0,0,0,0,2,0,13,0
datasets/CleanSet1/html/www.nytimes.com_clean.html,0,0,34,654,614,0,27,1,0,0,0,19759,4,0,0,0,0,0,0,0,0,0,0,0,2,0,0,0,0,0,0,0,0,0,0,1,0,1,0
datasets/CleanSet1/html/www.office.com_clean.html,0,0,32,191,188,0,19,0,0,0,0,14736,26,3,0,0,0,0,0,0,0,0,0,0,1,0,0,0,0,0,4,0,0,2,0,4,12,0,0
datasets/CleanSet1/html/www.opera.com_clean.html,1,7,0,80,26,0,6,1,0,0,0,3594,8,0,0,0,0,0,0,0,0,0,0,0,1,0,0,0,0,0,5,0,0,0,0,1,1,0,0
datasets/CleanSet1/html/www.outlook.com_clean.html,0,0,0,0,0,0,4,0,0,0,0,35,0,0,0,0,0,0,0,0,0,0,0,0,0,0,0,0,0,0,0,0,0,0,0,0,0,0,0
datasets/CleanSet1/html/www.pagseguro.com.br_clean.html,0,0,2,9,3,0,16,1,0,0,0,462,3,0,0,0,0,0,0,0,0,0,0,0,0,0,0,0,0,0,0,0,0,0,0,0,0,1,2
datasets/CleanSet1/html/www.paypal.com_clean.html,0,0,11,82,18,0,23,0,0,0,0,3465,19,0,0,2,0,0,0,0,0,0,0,0,0,0,0,0,0,6,0,0,0,0,2,9,0,0,0
datasets/CleanSet1/html/www.picpay.com_clean.html,1,1,2,76,30,0,20,1,0,0,1,3897,18,0,0,0,0,0,0,2,0,0,0,0,0,0,0,0,0,0,1,0,0,0,0,12,0,0,3
datasets/CleanSet1/html/www.pinterest.com_clean.html,0,0,0,1,1,0,68,0,0,0,0,70,0,0,0,0,0,0,0,0,0,0,0,0,0,0,0,0,0,0,0,0,0,0,0,0,0,0,0
datasets/CleanSet1/html/www.pki.goog_clean.html,0,0,1,24,13,0,7,1,0,0,0,2098,14,0,1,0,0,0,0,0,0,0,0,0,1,1,0,0,0,0,8,0,0,0,0,2,1,0,0
datasets/CleanSet1/html/www.python.org_clean.html,1,1,1,208,70,0,12,0,0,0,0,6560,2,0,0,0,0,0,0,0,0,0,0,0,0,0,0,0,0,0,1,0,0,0,0,1,0,0,0
datasets/CleanSet1/html/www.qq.com_clean.html,0,1,1,127,121,0,13,2,0,0,0,1262,0,0,0,0,0,0,0,0,0,0,0,0,0,0,0,0,0,0,0,0,0,0,0,0,0,0,0
datasets/CleanSet1/html/www.reddit.com_clean.html,1,1,6,94,9,0,49,0,0,0,0,3278,2,0,2,0,0,0,0,0,0,0,0,0,0,0,0,0,0,0,0,0,0,0,0,0,0,0,0
datasets/CleanSet1/html/www.reg.ru_clean.html,0,0,0,0,0,0,1,0,0,0,0,0,0,0,0,0,0,0,0,0,0,0,0,0,0,0,0,0,0,0,0,0,0,0,0,0,0,0,0
datasets/CleanSet1/html/www.roblox.com_clean.html,0,0,0,0,0,0,117,0,0,0,0,6,0,0,0,0,0,0,0,0,0,0,0,0,0,0,0,0,0,0,0,0,0,0,0,0,0,0,0
datasets/CleanSet1/html/www.rubiconproject.com_clean.html,2,5,27,118,98,0,12,1,0,1,0,5762,5,3,0,0,0,0,0,0,0,0,0,0,0,0,0,0,0,0,0,0,0,1,0,1,0,0,0
datasets/CleanSet1/html/www.samsung.com_clean.html,7,105,61,271,7,0,24,1,0,0,0,7638,17,2,0,4,0,0,0,1,0,0,2,0,0,0,0,0,1,2,0,0,0,0,0,2,3,0,0
datasets/CleanSet1/html/www.santander.com.br_clean.html,0,253,0,120,106,0,37,1,0,0,0,4114,19,0,0,0,0,0,0,0,1,0,4,0,0,0,0,0,0,4,0,0,0,0,0,8,0,1,1
datasets/CleanSet1/html/www.sentry.io_clean.html,1,4,35,135,72,1,52,0,0,1,0,11562,18,2,0,0,0,0,0,0,0,0,0,0,3,0,0,0,0,0,3,0,0,4,0,4,2,0,0
datasets/CleanSet1/html/www.shopify.com_clean.html,0,0,9,315,54,0,3,0,0,0,0,10084,3,0,1,0,0,0,0,0,0,0,0,0,2,0,0,0,0,0,0,0,0,0,0,0,0,0,0
datasets/CleanSet1/html/www.skype.com_clean.html,1,2,12,8,7,0,7,0,0,0,0,1207,1,0,0,0,0,0,0,0,0,0,0,0,0,0,0,0,0,0,0,0,0,0,0,0,1,0,0
datasets/CleanSet1/html/www.snapchat.com_clean.html,0,1,2,44,44,0,10,0,0,0,0,1242,4,0,0,0,0,0,0,3,0,0,0,0,0,0,0,0,0,0,0,0,0,0,0,0,1,0,0
datasets/CleanSet1/html/www.soundcloud.com_clean.html,0,0,0,9,7,0,21,0,0,0,0,425,0,0,0,0,0,0,0,0,0,0,0,0,0,0,0,0,0,0,0,0,0,0,0,0,0,0,0
datasets/CleanSet1/html/www.t.me_clean.html,0,0,0,61,2,0,3,0,0,0,0,1940,3,0,0,0,0,0,0,0,0,0,0,0,2,0,0,0,0,0,1,0,0,0,0,0,0,0,0
datasets/CleanSet1/html/www.taboola.com_clean.html,0,3,4,138,86,0,11,1,0,0,0,5389,7,2,0,0,0,0,0,0,0,0,0,0,1,0,0,0,0,0,0,0,0,0,0,2,2,0,0
datasets/CleanSet1/html/www.telekom.de_clean.html,0,0,81,402,65,0,18,0,0,0,0,11071,3,3,0,0,0,0,0,0,0,0,0,0,0,0,0,0,0,0,0,0,0,0,0,0,0,0,0
datasets/CleanSet1/html/www.theguardian.com_clean.html,2,11,36,341,55,0,19,0,0,0,0,19353,3,0,0,0,0,0,0,0,0,0,0,0,0,0,0,0,0,0,1,0,0,1,0,1,0,0,0
datasets/CleanSet1/html/www.tiktok.com_clean.html,0,0,0,5,3,0,23,0,0,0,0,937,5,0,2,0,0,0,0,0,0,0,0,0,0,1,0,0,0,0,0,0,0,0,0,0,2,0,0
datasets/CleanSet1/html/www.tiktokv.com_clean.html,0,0,0,5,3,0,23,0,0,0,0,937,5,0,2,0,0,0,0,0,0,0,0,0,0,1,0,0,0,0,0,0,0,0,0,0,2,0,0
datasets/CleanSet1/html/www.tumblr.com_clean.html,1,1,7,15,4,0,5,0,0,0,0,304,1,0,1,0,0,0,0,0,0,0,0,0,0,0,0,0,0,0,0,0,0,0,0,0,0,0,0
datasets/CleanSet1/html/www.twitter.com_clean.html,1,1,1,6,6,0,10,0,0,0,0,493,0,0,0,0,0,0,0,0,0,0,0,0,0,0,0,0,0,0,0,0,0,0,0,0,0,0,0
datasets/CleanSet1/html/www.ui.com_clean.html,0,0,0,0,0,0,10,0,0,0,0,79,0,0,0,0,0,0,0,0,0,0,0,0,0,0,0,0,0,0,0,0,0,0,0,0,0,0,0
datasets/CleanSet1/html/www.unity3d.com_clean.html,0,1,1,74,14,0,76,0,0,0,0,3945,2,0,0,0,0,0,0,0,0,0,0,0,0,0,0,0,0,0,1,0,0,0,0,1,0,0,0
datasets/CleanSet1/html/www.uol.com.br_clean.html,1,2,6,576,575,0,41,0,0,0,0,17756,15,0,0,1,0,0,0,2,0,0,1,0,0,1,0,0,0,4,0,0,0,0,0,2,0,3,1
datasets/CleanSet1/html/www.vimeo.com_clean.html,0,0,86,326,33,0,111,0,0,0,0,11971,22,2,2,0,0,0,1,0,0,0,0,0,0,0,0,0,0,0,8,0,0,1,0,7,1,0,0
datasets/CleanSet1/html/www.vk.com_clean.html,0,0,2,1,0,0,20,0,0,0,0,177,0,0,0,0,0,0,0,0,0,0,0,0,0,0,0,0,0,0,0,0,0,0,0,0,0,0,0
datasets/CleanSet1/html/www.vungle.com_clean.html,1,6,27,202,195,0,51,0,0,0,0,7688,6,1,3,0,0,0,0,0,0,0,0,0,0,0,0,0,0,0,0,0,0,0,0,2,0,0,0
datasets/CleanSet1/html/www.w3.org_clean.html,0,0,2,101,92,0,4,0,0,0,0,5535,4,0,0,0,0,0,0,0,0,0,0,0,0,0,0,0,0,0,1,0,0,0,0,2,1,0,0
datasets/CleanSet1/html/www.w3schools.com_clean.html,1,11,3,756,193,0,19,2,0,0,0,13757,17,0,2,0,0,0,0,0,0,0,0,0,0,0,0,0,0,0,6,0,0,2,0,5,2,0,0
datasets/CleanSet1/html/www.whatsapp.com_clean.html,0,0,4,79,78,0,18,0,0,0,0,4360,9,0,2,0,0,0,0,0,0,0,0,0,1,0,0,0,0,0,4,0,0,0,0,2,0,0,0
datasets/CleanSet1/html/www.wikipedia.org_clean.html,1,3,2,372,8,0,4,0,0,0,0,7135,0,0,0,0,0,0,0,0,0,0,0,0,0,0,0,0,0,0,0,0,0,0,0,0,0,0,0
datasets/CleanSet1/html/www.wordpress.com_clean.html,1,2,6,156,155,0,23,0,0,0,0,4965,5,0,2,0,0,0,0,0,0,0,0,0,0,0,0,0,0,0,2,0,0,0,0,1,0,0,0
datasets/CleanSet1/html/www.wordpress.org_clean.html,1,1,9,77,76,0,15,1,0,0,0,3450,9,0,0,0,0,0,1,0,0,0,0,0,0,0,0,0,0,0,0,0,0,0,0,0,8,0,0
datasets/CleanSet1/html/www.x.com_clean.html,1,1,1,6,6,0,10,0,0,0,0,493,0,0,0,0,0,0,0,0,0,0,0,0,0,0,0,0,0,0,0,0,0,0,0,0,0,0,0
datasets/CleanSet1/html/www.xiaomi.com_clean.html,0,2,12,78,55,0,38,2,0,1,0,7246,1,1,0,0,0,0,0,0,0,0,0,0,0,0,0,0,0,0,0,0,0,0,0,0,0,0,0
datasets/CleanSet1/html/www.yahoo.com_clean.html,1,4,1,25,25,0,9,0,0,0,0,330,0,0,0,0,0,0,0,0,0,0,0,0,0,0,0,0,0,0,0,0,0,0,0,0,0,0,0
datasets/CleanSet1/html/www.yandex.net_clean.html,1,6,1,5,5,0,6,0,0,0,0,788,0,0,0,0,0,0,0,0,0,0,0,0,0,0,0,0,0,0,0,0,0,0,0,0,0,0,0
datasets/CleanSet1/html/www.yandex.ru_clean.html,0,0,0,0,0,0,1,0,0,0,0,0,0,0,0,0,0,0,0,0,0,0,0,0,0,0,0,0,0,0,0,0,0,0,0,0,0,0,0
datasets/CleanSet1/html/www.youtube.com_clean.html,0,1,0,14,8,0,42,1,0,0,0,214,2,0,0,0,0,0,0,0,0,0,0,0,0,0,0,0,0,1,0,0,0,0,0,1,0,0,0
datasets/CleanSet1/html/www.zoom.us_clean.html,0,9,45,377,367,0,17,0,0,0,0,24931,35,0,0,0,0,0,0,0,0,0,0,0,4,0,0,0,0,0,7,0,0,1,0,20,3,0,0
datasets/CleanSet1/html/wyzecam.com_clean.html,3,6,12,142,17,0,68,0,0,1,0,8044,29,0,3,0,0,0,0,0,0,0,0,0,0,0,0,0,0,0,21,0,0,0,0,2,2,1,0
datasets/CleanSet1/html/x.com_clean.html,1,1,1,6,6,0,10,0,0,0,0,534,0,0,0,0,0,0,0,0,0,0,0,0,0,0,0,0,0,0,0,0,0,0,0,0,0,0,0
datasets/CleanSet1/html/xbox.com_clean.html,1,1,29,163,131,0,26,1,0,0,0,3188,8,0,0,1,0,0,0,0,0,0,0,0,0,0,0,0,0,3,0,0,0,0,0,3,1,0,0
datasets/CleanSet1/html/xboxlive.com_clean.html,1,1,29,146,143,0,25,1,0,0,0,4901,15,0,0,2,1,0,0,0,0,0,0,0,0,0,0,0,0,3,0,0,0,0,0,9,0,0,0
datasets/CleanSet1/html/xerox.com_clean.html,1,2,6,213,207,1,35,2,0,0,0,7809,24,0,2,0,0,0,0,0,0,0,0,0,0,0,0,0,0,0,9,0,0,0,0,10,3,0,0
datasets/CleanSet1/html/xhamster.com_clean.html,2,5,5,391,383,0,18,1,1,0,0,7465,2,0,0,0,0,0,0,0,0,0,0,0,0,0,0,0,0,0,0,0,0,0,1,1,0,0,0
datasets/CleanSet1/html/xiaohongshu.com_clean.html,0,0,0,0,0,0,9,0,0,0,0,9,0,0,0,0,0,0,0,0,0,0,0,0,0,0,0,0,0,0,0,0,0,0,0,0,0,0,0
datasets/CleanSet1/html/xiaomi.com_clean.html,0,2,12,78,55,0,38,2,0,1,0,7246,1,1,0,0,0,0,0,0,0,0,0,0,0,0,0,0,0,0,0,0,0,0,0,0,0,0,0
datasets/CleanSet1/html/xiaomi.net_clean.html,0,2,12,78,55,0,38,2,0,1,0,7246,1,1,0,0,0,0,0,0,0,0,0,0,0,0,0,0,0,0,0,0,0,0,0,0,0,0,0
datasets/CleanSet1/html/xnxx.com_clean.html,1,1,2,52,25,0,10,0,0,0,0,1655,4,0,0,0,0,0,0,0,0,0,0,1,0,0,0,0,0,0,0,0,0,0,1,2,0,0,0
datasets/CleanSet1/html/xvideos.com_clean.html,2,2,9,265,17,0,56,0,0,0,0,8681,3,1,0,0,0,0,0,0,0,0,0,1,0,0,0,0,0,0,0,0,0,0,0,1,0,0,0
datasets/CleanSet1/html/ya.ru_clean.html,1,5,6,9,9,0,47,0,0,0,0,326,0,0,0,0,0,0,0,0,0,0,0,0,0,0,0,0,0,0,0,0,0,0,0,0,0,0,0
datasets/CleanSet1/html/yahoo.co.jp_clean.html,1,5,2,138,136,0,18,1,0,0,0,1740,0,0,0,0,0,0,0,0,0,0,0,0,0,0,0,0,0,0,0,0,0,0,0,0,0,0,0
datasets/CleanSet1/html/yahoo.com_clean.html,1,5,3,25,25,0,9,0,0,0,0,439,0,0,0,0,0,0,0,0,0,0,0,0,0,0,0,0,0,0,0,0,0,0,0,0,0,0,0
datasets/CleanSet1/html/yandex.com_clean.html,1,5,3,9,9,0,32,0,0,0,0,272,0,0,0,0,0,0,0,0,0,0,0,0,0,0,0,0,0,0,0,0,0,0,0,0,0,0,0
datasets/CleanSet1/html/yandex.net_clean.html,1,5,6,9,9,0,49,0,0,0,0,304,0,0,0,0,0,0,0,0,0,0,0,0,0,0,0,0,0,0,0,0,0,0,0,0,0,0,0
datasets/CleanSet1/html/yandex.ru_clean.html,0,0,0,0,0,0,1,0,0,0,0,0,0,0,0,0,0,0,0,0,0,0,0,0,0,0,0,0,0,0,0,0,0,0,0,0,0,0,0
datasets/CleanSet1/html/yelp.com_clean.html,1,6,15,52,13,0,84,1,0,0,0,1083,1,0,0,0,1,0,0,0,0,0,0,0,0,0,0,0,0,0,0,0,0,0,0,0,0,0,0
datasets/CleanSet1/html/yieldmo.com_clean.html,0,0,11,88,75,2,36,1,0,0,0,3264,4,0,0,0,0,0,0,0,0,0,0,0,0,0,0,0,0,0,0,0,0,0,0,4,0,0,0
datasets/CleanSet1/html/yimg.com_clean.html,0,0,0,0,0,0,0,0,0,0,0,0,0,0,0,0,0,0,0,0,0,0,0,0,0,0,0,0,0,0,0,0,0,0,0,0,0,0,0
datasets/CleanSet1/html/youku.com_clean.html,0,1,0,120,9,0,17,0,0,0,0,1969,0,0,0,0,0,0,0,0,0,0,0,0,0,0,0,0,0,0,0,0,0,0,0,0,0,0,0
datasets/CleanSet1/html/youtu.be_clean.html,0,1,0,14,8,0,41,1,0,0,0,214,2,0,0,0,0,0,0,0,0,0,0,0,0,0,0,0,0,1,0,0,0,0,0,1,0,0,0
datasets/CleanSet1/html/youtube.com_clean.html,0,1,0,14,8,0,41,1,0,0,0,214,2,0,0,0,0,0,0,0,0,0,0,0,0,0,0,0,0,1,0,0,0,0,0,1,0,0,0
datasets/CleanSet1/html/ys7.com_clean.html,1,3,1,328,47,1,11,0,0,0,0,4838,0,0,0,0,0,0,0,0,0,0,0,0,0,0,0,0,0,0,0,0,0,0,0,0,0,0,0
datasets/CleanSet1/html/zemanta.com_clean.html,0,0,1,7,7,0,37,2,0,0,0,326,0,0,0,0,0,0,0,0,0,0,0,0,0,0,0,0,0,0,0,0,0,0,0,0,0,0,0
datasets/CleanSet1/html/zendesk.com_clean.html,1,2,22,187,55,0,107,1,0,1,0,8382,13,0,0,2,0,0,0,0,0,0,0,0,0,0,0,0,0,4,0,2,0,0,0,5,0,0,0
datasets/CleanSet1/html/zoho.com_clean.html,0,0,0,20,2,0,9,0,0,0,0,4586,2,0,0,0,0,0,0,0,0,0,0,0,0,0,0,0,0,0,0,0,0,0,0,2,0,0,0
datasets/CleanSet1/html/zoom.us_clean.html,0,9,45,377,367,0,17,0,0,0,0,24931,35,0,0,0,0,0,0,0,0,0,0,0,4,0,0,0,0,0,7,0,0,1,0,20,3,0,0
