filepath,n_forms,n_inputs,n_buttons,n_links,n_http_links,n_mailto_links,n_scripts,n_iframes,n_input_password,n_input_email,n_input_tel,text_len,kw_total,kw_login,kw_log_in,kw_entrar,kw_acessar,kw_senha,kw_password,kw_pix,kw_boleto,kw_cpf,kw_cartão,kw_atualizar,kw_update,kw_confirm,kw_confirmar,kw_verify,kw_verificar,kw_segurança,kw_security,kw_urgente,kw_urgency,kw_click,kw_clique,kw_conta,kw_account,kw_bank,kw_banco
datasets/EvasionSet1/html/123av.com_adv.html,5,16,9,84,0,0,8,0,7,1,0,1701,34,3,0,0,0,0,18,0,0,0,0,0,1,6,0,0,0,0,0,0,0,1,0,1,4,0,0
datasets/EvasionSet1/html/163.com_adv.html,0,0,0,684,0,0,23,2,0,0,0,9144,1,0,0,0,0,0,0,1,0,0,0,0,0,0,0,0,0,0,0,0,0,0,0,0,0,0,0
datasets/EvasionSet1/html/166.com_adv.html,0,0,0,5,0,0,1,0,0,0,0,100,0,0,0,0,0,0,0,0,0,0,0,0,0,0,0,0,0,0,0,0,0,0,0,0,0,0,0
datasets/EvasionSet1/html/1c.ru_adv.html,0,0,3,149,0,0,7,0,0,0,0,5595,0,0,0,0,0,0,0,0,0,0,0,0,0,0,0,0,0,0,0,0,0,0,0,0,0,0,0
datasets/EvasionSet1/html/1drv.com_adv.html,1,1,15,113,0,0,8,0,0,0,0,12389,5,0,0,0,0,0,0,0,0,0,0,0,0,0,0,0,0,0,2,0,0,1,0,1,1,0,0
datasets/EvasionSet1/html/2gis.com_adv.html,1,1,18,29,0,0,19,0,0,0,0,1561,1,1,0,0,0,0,0,0,0,0,0,0,0,0,0,0,0,0,0,0,0,0,0,0,0,0,0
datasets/EvasionSet1/html/360.cn_adv.html,1,3,1,485,0,0,29,0,0,0,0,9223,0,0,0,0,0,0,0,0,0,0,0,0,0,0,0,0,0,0,0,0,0,0,0,0,0,0,0
datasets/EvasionSet1/html/360safe.com_adv.html,1,3,1,441,0,0,26,0,0,0,0,7963,0,0,0,0,0,0,0,0,0,0,0,0,0,0,0,0,0,0,0,0,0,0,0,0,0,0,0
datasets/EvasionSet1/html/360yield.com_adv.html,0,0,0,0,0,0,8,0,0,0,0,22,0,0,0,0,0,0,0,0,0,0,0,0,0,0,0,0,0,0,0,0,0,0,0,0,0,0,0
datasets/EvasionSet1/html/3bmeteo.com_adv.html,1,2,3,278,0,0,23,0,0,0,0,5691,1,0,0,0,0,0,0,0,0,0,0,0,0,0,0,0,0,0,0,0,0,0,0,1,0,0,0
datasets/EvasionSet1/html/3lift.com_adv.html,0,0,0,0,0,0,2,0,0,0,0,0,0,0,0,0,0,0,0,0,0,0,0,0,0,0,0,0,0,0,0,0,0,0,0,0,0,0,0
datasets/EvasionSet1/html/66lottery20.com_adv.html,0,0,0,1,0,0,6,0,0,0,0,78,0,0,0,0,0,0,0,0,0,0,0,0,0,0,0,0,0,0,0,0,0,0,0,0,0,0,0
datasets/EvasionSet1/html/9animetv.to_adv.html,4,9,5,106,0,0,11,0,3,0,0,9099,17,2,0,0,0,0,3,0,0,0,0,0,5,0,0,0,0,0,1,0,0,0,0,1,4,1,0
datasets/EvasionSet1/html/a-mo.net_adv.html,0,0,0,0,0,0,2,0,0,0,0,14,0,0,0,0,0,0,0,0,0,0,0,0,0,0,0,0,0,0,0,0,0,0,0,0,0,0,0
datasets/EvasionSet1/html/aajtak.in_adv.html,0,7,0,433,0,0,91,4,0,0,0,16826,1,0,0,0,0,0,0,0,0,0,0,0,0,0,0,0,0,0,0,0,0,0,0,1,0,0,0
datasets/EvasionSet1/html/abc.es_adv.html,0,1,24,378,0,0,24,0,0,0,0,13652,3,0,0,0,0,0,0,0,0,0,0,0,0,1,0,0,0,0,0,0,0,0,0,2,0,0,0
datasets/EvasionSet1/html/abc.net.au_adv.html,0,0,5,121,0,0,22,1,0,0,0,7662,4,0,0,0,0,0,0,0,0,0,0,0,0,0,0,0,0,0,0,0,0,0,0,2,2,0,0
datasets/EvasionSet1/html/abola.pt_adv.html,2,2,38,621,0,0,19,1,0,0,0,18234,6,0,0,6,0,0,0,0,0,0,0,0,0,0,0,0,0,0,0,0,0,0,0,0,0,0,0
datasets/EvasionSet1/html/about.com_adv.html,0,0,1,30,0,0,8,0,0,0,0,927,2,0,0,0,0,0,0,0,0,0,0,0,0,0,0,0,0,0,0,0,0,0,0,2,0,0,0
datasets/EvasionSet1/html/aboutads.info_adv.html,0,0,1,31,0,0,32,0,0,0,0,1520,2,0,0,0,0,0,0,0,0,0,0,0,0,0,0,0,0,0,0,0,0,1,0,0,1,0,0
datasets/EvasionSet1/html/absher.sa_adv.html,0,0,0,4,0,0,2,0,0,0,0,866,3,3,0,0,0,0,0,0,0,0,0,0,0,0,0,0,0,0,0,0,0,0,0,0,0,0,0
datasets/EvasionSet1/html/academia.edu_adv.html,1,1,6,301,0,0,64,1,0,0,0,8452,3,1,2,0,0,0,0,0,0,0,0,0,0,0,0,0,0,0,0,0,0,0,0,0,0,0,0
datasets/EvasionSet1/html/accuweather.com_adv.html,1,1,0,53,0,0,31,0,0,0,0,1183,0,0,0,0,0,0,0,0,0,0,0,0,0,0,0,0,0,0,0,0,0,0,0,0,0,0,0
datasets/EvasionSet1/html/acesso.gov.br_adv.html,0,0,0,0,0,0,7,0,0,0,0,59,0,0,0,0,0,0,0,0,0,0,0,0,0,0,0,0,0,0,0,0,0,0,0,0,0,0,0
datasets/EvasionSet1/html/acm.org_adv.html,2,3,0,358,0,0,27,3,0,0,0,17686,17,0,1,0,0,0,0,0,0,0,0,0,3,0,0,0,0,0,0,0,0,1,0,11,1,0,0
datasets/EvasionSet1/html/acs.org_adv.html,1,1,4,159,0,0,13,0,0,0,0,5888,5,0,0,0,0,0,0,0,0,0,0,0,3,0,0,0,0,0,1,0,0,0,0,1,0,0,0
datasets/EvasionSet1/html/actu.fr_adv.html,1,1,10,199,0,0,16,0,0,0,0,10861,2,0,0,0,0,0,0,0,0,0,0,0,0,0,0,0,0,0,0,0,0,0,0,2,0,0,0
datasets/EvasionSet1/html/adblockplus.org_adv.html,2,4,8,73,0,0,35,0,0,0,0,4521,2,0,1,0,0,0,0,0,0,0,0,0,0,0,0,0,0,0,0,0,0,1,0,0,0,0,0
datasets/EvasionSet1/html/addtoany.com_adv.html,0,0,0,71,0,0,7,0,0,0,0,2841,4,0,0,0,0,0,0,0,0,0,0,0,0,0,0,0,0,0,0,0,0,1,0,1,2,0,0
datasets/EvasionSet1/html/adjust.com_adv.html,0,0,0,121,0,0,5,0,0,0,0,5671,6,0,2,0,0,0,0,0,0,0,0,0,0,0,0,0,0,0,3,0,0,0,0,1,0,0,0
datasets/EvasionSet1/html/admanmedia.com_adv.html,0,0,1,35,0,0,16,0,0,0,0,177,0,0,0,0,0,0,0,0,0,0,0,0,0,0,0,0,0,0,0,0,0,0,0,0,0,0,0
datasets/EvasionSet1/html/admin.ch_adv.html,2,2,17,142,0,0,12,1,0,0,0,5307,0,0,0,0,0,0,0,0,0,0,0,0,0,0,0,0,0,0,0,0,0,0,0,0,0,0,0
datasets/EvasionSet1/html/adobe.io_adv.html,0,0,4,56,0,0,29,0,0,0,0,1942,0,0,0,0,0,0,0,0,0,0,0,0,0,0,0,0,0,0,0,0,0,0,0,0,0,0,0
datasets/EvasionSet1/html/adriver.ru_adv.html,1,2,3,30,0,0,28,0,0,0,0,953,0,0,0,0,0,0,0,0,0,0,0,0,0,0,0,0,0,0,0,0,0,0,0,0,0,0,0
datasets/EvasionSet1/html/adroll.com_adv.html,0,0,0,145,0,0,12,1,0,0,0,4343,3,0,1,0,0,0,0,0,0,0,0,0,0,0,0,0,0,0,0,0,0,0,0,0,2,0,0
datasets/EvasionSet1/html/adsafeprotected.com_adv.html,0,0,0,0,0,0,1,0,0,0,0,33,0,0,0,0,0,0,0,0,0,0,0,0,0,0,0,0,0,0,0,0,0,0,0,0,0,0,0
datasets/EvasionSet1/html/adsrvr.org_adv.html,0,0,0,14,0,0,4,0,0,0,0,3337,4,0,0,0,0,0,0,0,0,0,0,0,0,0,0,0,0,0,0,0,0,4,0,0,0,0,0
datasets/EvasionSet1/html/adtrafficquality.google_adv.html,0,0,2,27,0,0,10,1,0,0,0,3442,4,0,0,0,0,0,0,0,0,0,0,0,0,0,0,0,0,0,0,0,0,3,0,0,1,0,0
datasets/EvasionSet1/html/afternic.com_adv.html,0,0,10,39,0,0,26,0,0,0,0,2202,4,0,0,0,0,0,0,0,0,0,0,0,0,0,0,0,0,0,0,0,0,1,0,0,3,0,0
datasets/EvasionSet1/html/aftonbladet.se_adv.html,0,0,2,39,0,0,18,1,0,0,0,2095,0,0,0,0,0,0,0,0,0,0,0,0,0,0,0,0,0,0,0,0,0,0,0,0,0,0,0
datasets/EvasionSet1/html/agoda.com_adv.html,0,2,0,0,0,0,29,0,0,0,0,0,0,0,0,0,0,0,0,0,0,0,0,0,0,0,0,0,0,0,0,0,0,0,0,0,0,0,0
datasets/EvasionSet1/html/agora.io_adv.html,0,0,2,195,0,0,30,4,0,0,0,12028,6,1,0,0,0,0,0,0,0,0,0,0,0,0,0,0,0,0,0,0,0,0,0,5,0,0,0
datasets/EvasionSet1/html/airbnb.com_adv.html,1,1,2,13,0,0,55,0,0,0,0,707,1,0,0,1,0,0,0,0,0,0,0,0,0,0,0,0,0,0,0,0,0,0,0,0,0,0,0
datasets/EvasionSet1/html/alibaba.com_adv.html,0,1,1,20,0,0,38,0,0,0,0,2541,1,0,0,0,0,0,0,0,0,0,0,0,0,0,0,0,0,0,0,0,0,0,0,0,0,0,1
datasets/EvasionSet1/html/alidns.com_adv.html,0,0,0,26,0,0,13,0,0,0,0,972,0,0,0,0,0,0,0,0,0,0,0,0,0,0,0,0,0,0,0,0,0,0,0,0,0,0,0
datasets/EvasionSet1/html/aliexpress.com_adv.html,0,1,0,76,0,0,20,0,0,0,0,1871,2,1,0,0,0,0,0,0,0,0,0,0,0,0,0,0,0,0,0,0,0,0,0,1,0,0,0
datasets/EvasionSet1/html/alipaydns.com_adv.html,0,0,0,1,0,0,1,0,0,0,0,37,0,0,0,0,0,0,0,0,0,0,0,0,0,0,0,0,0,0,0,0,0,0,0,0,0,0,0
datasets/EvasionSet1/html/aliyun.com_adv.html,0,0,1,89,0,0,16,0,0,0,0,1436,8,0,1,0,0,0,0,0,0,0,0,0,0,0,0,0,0,0,2,0,0,0,0,3,2,0,0
datasets/EvasionSet1/html/allyonostore.com_adv.html,0,0,71,96,0,0,10,1,0,0,0,5802,4,0,0,0,0,0,0,0,0,0,0,0,0,0,0,0,0,0,0,0,0,1,0,3,0,0,0
datasets/EvasionSet1/html/alphonso.tv_adv.html,0,0,0,25,0,0,38,0,0,0,0,1328,1,0,0,0,0,0,0,0,0,0,0,0,0,0,0,0,0,0,0,0,0,0,0,1,0,0,0
datasets/EvasionSet1/html/alura.com.br_adv.html,2,2,35,296,0,0,46,1,0,0,0,21534,25,0,0,3,0,0,0,2,1,0,3,0,1,0,0,0,0,3,2,0,0,0,0,4,0,1,5
datasets/EvasionSet1/html/amagi.tv_adv.html,0,0,0,0,0,0,1,0,0,0,0,0,0,0,0,0,0,0,0,0,0,0,0,0,0,0,0,0,0,0,0,0,0,0,0,0,0,0,0
datasets/EvasionSet1/html/amazon.ca_adv.html,2,10,5,266,0,0,116,0,0,0,0,11500,3,0,0,0,0,0,0,0,0,0,0,0,1,0,0,0,0,0,1,0,0,0,0,0,1,0,0
datasets/EvasionSet1/html/amazon.co.jp_adv.html,2,8,4,122,0,0,84,0,0,0,0,3866,2,0,0,0,0,0,0,0,0,0,0,0,0,0,0,0,0,0,0,0,0,1,0,0,1,0,0
datasets/EvasionSet1/html/amazon.co.uk_adv.html,1,3,1,2,0,0,5,0,0,0,0,162,1,0,0,0,0,0,0,0,0,0,0,0,0,0,0,0,0,0,0,0,0,1,0,0,0,0,0
datasets/EvasionSet1/html/amazon.com.au_adv.html,2,11,5,160,0,0,87,0,0,0,0,10647,3,0,0,0,0,0,0,0,0,0,0,0,0,0,0,0,0,0,1,0,0,0,0,0,2,0,0
datasets/EvasionSet1/html/amazon.com.br_adv.html,2,13,3,269,0,0,136,2,0,0,0,14452,13,2,0,0,2,0,0,1,1,0,1,1,0,0,0,0,0,1,0,0,0,1,0,3,0,0,0
datasets/EvasionSet1/html/amazon.com.mx_adv.html,2,4,0,20,0,0,40,0,0,0,0,584,0,0,0,0,0,0,0,0,0,0,0,0,0,0,0,0,0,0,0,0,0,0,0,0,0,0,0
datasets/EvasionSet1/html/amazon.com.tr_adv.html,2,9,4,94,0,0,72,0,0,0,0,3065,1,0,0,0,0,0,0,0,0,0,0,0,0,0,0,0,0,0,0,0,0,0,0,0,0,1,0
datasets/EvasionSet1/html/amazon.com_adv.html,1,3,1,2,0,0,5,0,0,0,0,153,1,0,0,0,0,0,0,0,0,0,0,0,0,0,0,0,0,0,0,0,0,1,0,0,0,0,0
datasets/EvasionSet1/html/amazon.de_adv.html,1,3,1,2,0,0,5,0,0,0,0,182,0,0,0,0,0,0,0,0,0,0,0,0,0,0,0,0,0,0,0,0,0,0,0,0,0,0,0
datasets/EvasionSet1/html/amazon.eg_adv.html,2,8,5,96,0,0,68,0,0,0,0,2804,3,0,0,0,0,0,0,0,0,0,0,0,1,0,0,0,0,0,0,0,0,0,0,0,2,0,0
datasets/EvasionSet1/html/amazon.es_adv.html,1,3,1,2,0,0,5,0,0,0,0,168,0,0,0,0,0,0,0,0,0,0,0,0,0,0,0,0,0,0,0,0,0,0,0,0,0,0,0
datasets/EvasionSet1/html/amazon.fr_adv.html,1,3,1,2,0,0,5,0,0,0,0,198,1,0,0,0,0,0,0,0,0,0,0,0,0,0,0,0,0,0,0,0,0,0,1,0,0,0,0
datasets/EvasionSet1/html/amazon.in_adv.html,1,3,1,2,0,0,5,0,0,0,0,159,1,0,0,0,0,0,0,0,0,0,0,0,0,0,0,0,0,0,0,0,0,1,0,0,0,0,0
datasets/EvasionSet1/html/amazon.it_adv.html,1,3,2,2,0,0,5,0,0,0,0,239,0,0,0,0,0,0,0,0,0,0,0,0,0,0,0,0,0,0,0,0,0,0,0,0,0,0,0
datasets/EvasionSet1/html/amazonalexa.com_adv.html,2,12,21,167,0,0,78,0,0,0,0,13671,11,0,0,0,0,0,0,0,0,0,0,0,1,0,0,0,0,0,5,0,0,1,0,0,4,0,0
datasets/EvasionSet1/html/amazonaws.com_adv.html,2,4,84,85,0,0,29,0,0,0,0,9721,17,1,0,0,0,0,0,0,0,0,0,0,0,0,0,0,0,7,1,0,0,0,0,5,0,0,3
datasets/EvasionSet1/html/amazontrust.com_adv.html,0,0,0,5,0,0,5,0,0,0,0,384,3,0,0,0,0,0,0,0,0,0,0,0,0,0,0,0,0,0,0,0,0,0,0,3,0,0,0
datasets/EvasionSet1/html/amazonvideo.com_adv.html,69,137,76,45,0,0,55,0,0,0,0,2386,5,3,0,0,0,0,0,0,0,0,0,0,0,0,0,0,0,0,0,0,0,0,0,2,0,0,0
datasets/EvasionSet1/html/amd.com_adv.html,0,0,38,350,0,0,13,0,0,0,0,11910,5,0,0,0,0,0,0,0,0,0,0,0,0,0,0,0,0,0,0,0,0,0,0,5,0,0,0
datasets/EvasionSet1/html/ameba.jp_adv.html,1,1,17,140,0,0,10,1,0,0,0,2873,0,0,0,0,0,0,0,0,0,0,0,0,0,0,0,0,0,0,0,0,0,0,0,0,0,0,0
datasets/EvasionSet1/html/ameblo.jp_adv.html,0,0,3,147,0,0,19,1,0,0,0,3786,0,0,0,0,0,0,0,0,0,0,0,0,0,0,0,0,0,0,0,0,0,0,0,0,0,0,0
datasets/EvasionSet1/html/americanexpress.com_adv.html,0,13,0,68,0,0,15,0,0,0,0,2016,11,0,1,0,0,0,0,0,0,0,0,0,0,0,0,0,0,0,1,0,0,0,0,2,4,3,0
datasets/EvasionSet1/html/amplitude.com_adv.html,0,0,19,184,0,0,43,1,0,0,0,12171,6,1,0,1,0,0,0,0,0,0,0,0,0,0,0,0,0,2,0,0,0,0,2,0,0,0,0
datasets/EvasionSet1/html/ampproject.org_adv.html,0,0,20,82,0,0,31,0,0,0,0,3594,0,0,0,0,0,0,0,0,0,0,0,0,0,0,0,0,0,0,0,0,0,0,0,0,0,0,0
datasets/EvasionSet1/html/amzn.to_adv.html,2,4,0,24,0,0,41,0,0,0,0,607,1,0,0,0,0,0,0,0,0,0,0,0,0,0,0,0,0,0,0,0,0,0,0,0,1,0,0
datasets/EvasionSet1/html/an1.com_adv.html,1,3,12,316,0,0,11,0,0,0,0,3356,2,0,1,0,0,0,0,0,0,0,0,0,1,0,0,0,0,0,0,0,0,0,0,0,0,0,0
datasets/EvasionSet1/html/ancestry.com_adv.html,0,0,6,58,0,0,57,0,0,0,0,9174,2,0,2,0,0,0,0,0,0,0,0,0,0,0,0,0,0,0,0,0,0,0,0,0,0,0,0
datasets/EvasionSet1/html/android.com_adv.html,4,88,60,83,0,0,15,1,0,0,0,9093,9,0,0,0,0,0,0,0,0,0,0,0,0,5,0,0,0,0,0,0,0,0,0,4,0,0,0
datasets/EvasionSet1/html/aniview.com_adv.html,1,19,2,167,0,0,92,0,0,1,0,6767,7,2,0,0,0,0,0,0,0,0,0,0,0,0,0,0,0,0,0,0,0,0,0,5,0,0,0
datasets/EvasionSet1/html/aniwatchtv.to_adv.html,1,1,0,30,0,0,10,0,0,0,0,7632,4,0,0,0,0,0,0,0,0,0,0,0,2,0,0,0,0,0,0,0,0,1,0,1,0,0,0
datasets/EvasionSet1/html/antarvasna3.com_adv.html,4,11,7,200,0,0,39,2,0,1,0,8595,0,0,0,0,0,0,0,0,0,0,0,0,0,0,0,0,0,0,0,0,0,0,0,0,0,0,0
datasets/EvasionSet1/html/anydesk.com_adv.html,1,5,5,156,0,0,21,1,0,1,0,6477,10,0,0,0,0,0,0,0,0,0,0,0,0,0,0,0,0,5,0,0,0,0,1,4,0,0,0
datasets/EvasionSet1/html/aol.com_adv.html,4,9,35,476,0,0,74,0,0,1,0,25860,13,0,0,0,0,0,0,0,0,0,0,0,0,3,0,0,0,0,4,0,0,1,0,0,1,4,0
datasets/EvasionSet1/html/apa.org_adv.html,0,0,0,0,0,0,2,0,0,0,0,0,0,0,0,0,0,0,0,0,0,0,0,0,0,0,0,0,0,0,0,0,0,0,0,0,0,0,0
datasets/EvasionSet1/html/apache.org_adv.html,0,0,1,172,0,0,25,0,0,0,0,5000,2,0,0,0,0,0,0,0,0,0,0,0,0,0,0,0,0,0,0,0,0,0,0,2,0,0,0
datasets/EvasionSet1/html/apnews.com_adv.html,4,4,101,1345,0,0,61,1,0,0,0,57017,25,0,0,0,0,0,0,0,0,0,0,0,0,0,0,0,0,0,4,0,0,0,0,7,6,8,0
datasets/EvasionSet1/html/apornvideo.com_adv.html,1,1,2,53,0,0,5,0,0,0,0,2378,0,0,0,0,0,0,0,0,0,0,0,0,0,0,0,0,0,0,0,0,0,0,0,0,0,0,0
datasets/EvasionSet1/html/appcenter.ms_adv.html,0,0,0,14,0,0,4,0,0,0,0,1534,0,0,0,0,0,0,0,0,0,0,0,0,0,0,0,0,0,0,0,0,0,0,0,0,0,0,0
datasets/EvasionSet1/html/apple.com_adv.html,1,5,18,120,0,0,17,0,0,0,0,4614,9,0,0,0,0,0,0,0,0,0,0,0,0,0,0,0,0,0,0,0,0,0,0,1,5,3,0
datasets/EvasionSet1/html/apple.news_adv.html,0,0,0,2,0,0,3,0,0,0,0,95,0,0,0,0,0,0,0,0,0,0,0,0,0,0,0,0,0,0,0,0,0,0,0,0,0,0,0
datasets/EvasionSet1/html/applovin.com_adv.html,0,0,0,17,0,0,23,0,0,0,0,233,0,0,0,0,0,0,0,0,0,0,0,0,0,0,0,0,0,0,0,0,0,0,0,0,0,0,0
datasets/EvasionSet1/html/appsflyer.com_adv.html,0,0,2,158,0,0,27,2,0,0,0,8130,6,1,0,0,0,0,0,0,0,0,0,0,0,0,0,0,0,0,1,0,0,2,0,2,0,0,0
datasets/EvasionSet1/html/appspot.com_adv.html,1,8,4,1,0,0,24,0,1,1,0,285,3,2,0,0,0,0,0,0,0,0,0,0,0,0,0,0,0,0,0,0,0,0,0,1,0,0,0
datasets/EvasionSet1/html/arabx.cam_adv.html,1,1,1,128,0,0,10,0,0,0,0,4627,0,0,0,0,0,0,0,0,0,0,0,0,0,0,0,0,0,0,0,0,0,0,0,0,0,0,0
datasets/EvasionSet1/html/arbada.com_adv.html,1,1,1,133,0,0,8,0,0,0,0,4573,0,0,0,0,0,0,0,0,0,0,0,0,0,0,0,0,0,0,0,0,0,0,0,0,0,0,0
datasets/EvasionSet1/html/arcgis.com_adv.html,0,0,0,5,0,0,7,0,0,0,0,13,0,0,0,0,0,0,0,0,0,0,0,0,0,0,0,0,0,0,0,0,0,0,0,0,0,0,0
datasets/EvasionSet1/html/archive.org_adv.html,0,0,0,0,0,0,4,0,0,0,0,145,0,0,0,0,0,0,0,0,0,0,0,0,0,0,0,0,0,0,0,0,0,0,0,0,0,0,0
datasets/EvasionSet1/html/archiveofourown.org_adv.html,2,7,0,76,0,0,19,0,1,0,0,3274,10,0,1,0,0,0,2,0,0,0,0,0,4,0,0,0,0,0,0,0,0,0,0,1,2,0,0
datasets/EvasionSet1/html/argos.co.uk_adv.html,2,7,12,1043,0,0,25,1,0,0,0,23826,10,0,0,0,0,0,0,0,0,0,0,0,0,0,0,0,0,0,3,0,0,0,0,2,4,1,0
datasets/EvasionSet1/html/armgs.team_adv.html,0,0,1,40,0,0,45,1,0,0,0,2878,0,0,0,0,0,0,0,0,0,0,0,0,0,0,0,0,0,0,0,0,0,0,0,0,0,0,0
datasets/EvasionSet1/html/arstechnica.com_adv.html,5,15,25,200,0,0,28,1,0,0,0,9197,11,0,0,0,0,0,0,0,0,0,0,0,4,0,0,0,0,0,3,0,0,2,0,2,0,0,0
datasets/EvasionSet1/html/arxiv.org_adv.html,3,8,9,261,0,0,7,0,0,0,0,7124,9,2,0,0,0,0,0,0,0,0,0,0,0,0,0,0,0,0,1,0,0,3,0,3,0,0,0
datasets/EvasionSet1/html/asu.edu_adv.html,1,9,4,64,0,0,12,1,0,0,0,5081,3,0,0,0,0,0,0,0,0,0,0,0,0,0,0,0,0,0,2,0,0,0,0,1,0,0,0
datasets/EvasionSet1/html/asuracomic.net_adv.html,0,1,13,584,0,0,59,0,0,0,0,13875,6,3,0,0,0,0,0,0,0,0,0,0,3,0,0,0,0,0,0,0,0,0,0,0,0,0,0
datasets/EvasionSet1/html/asus.com_adv.html,0,1,2,104,0,0,31,1,0,0,0,2057,3,0,0,0,0,0,0,0,0,0,0,0,0,0,0,0,0,0,0,0,0,0,0,0,2,1,0
datasets/EvasionSet1/html/atlassian.com_adv.html,0,0,52,333,0,0,9,0,0,0,0,17255,13,0,0,0,0,0,0,0,0,0,0,0,3,0,0,0,0,0,8,0,0,0,0,1,1,0,0
datasets/EvasionSet1/html/atlassian.net_adv.html,1,1,28,180,0,0,25,0,0,0,0,8252,9,0,0,0,0,0,0,0,0,0,0,0,1,0,0,0,0,0,6,0,0,0,0,1,1,0,0
datasets/EvasionSet1/html/att.com_adv.html,1,2,21,29,0,0,34,0,0,0,0,1783,1,0,0,0,0,0,0,0,0,0,0,0,0,0,0,0,0,0,0,0,0,0,0,0,1,0,0
datasets/EvasionSet1/html/att.net_adv.html,2,10,143,514,0,0,76,0,0,0,0,9974,3,0,0,0,0,0,0,0,0,0,0,0,1,0,0,0,0,0,1,0,0,0,0,0,0,1,0
datasets/EvasionSet1/html/attn.tv_adv.html,0,0,6,231,0,0,22,1,0,0,0,14934,8,0,0,0,0,0,0,0,0,0,0,0,6,0,0,0,0,0,2,0,0,0,0,0,0,0,0
datasets/EvasionSet1/html/aucey.com_adv.html,0,0,0,9,0,0,4,0,0,0,0,1654,4,0,0,0,0,0,0,0,0,0,0,0,0,0,0,1,0,0,0,0,0,0,0,3,0,0,0
datasets/EvasionSet1/html/autodesk.com_adv.html,0,3,38,256,0,0,49,0,0,0,0,8131,8,0,0,0,0,0,0,0,0,0,0,0,1,0,0,0,0,0,0,0,0,0,0,4,3,0,0
datasets/EvasionSet1/html/avast.com_adv.html,0,0,29,245,0,0,35,0,0,0,0,14003,48,0,0,0,0,0,0,0,0,0,0,0,0,0,0,0,0,29,10,0,0,1,3,5,0,0,0
datasets/EvasionSet1/html/avira.com_adv.html,0,0,8,201,0,0,28,1,0,0,0,30825,68,0,0,1,0,4,6,0,0,0,0,1,8,0,0,0,1,24,13,0,0,0,4,6,0,0,0
datasets/EvasionSet1/html/avito.ru_adv.html,0,1,3,127,0,0,45,1,0,0,0,2879,0,0,0,0,0,0,0,0,0,0,0,0,0,0,0,0,0,0,0,0,0,0,0,0,0,0,0
datasets/EvasionSet1/html/az24.vn_adv.html,3,9,4,186,0,0,19,0,0,0,0,10476,0,0,0,0,0,0,0,0,0,0,0,0,0,0,0,0,0,0,0,0,0,0,0,0,0,0,0
datasets/EvasionSet1/html/azure.com_adv.html,2,2,93,357,0,0,71,0,0,0,0,17699,23,0,0,0,0,0,0,0,0,0,0,0,0,0,0,0,0,0,11,0,0,0,0,10,2,0,0
datasets/EvasionSet1/html/azure.net_adv.html,1,1,86,327,0,0,64,0,0,0,0,19008,42,0,0,1,0,0,0,0,0,0,0,0,0,0,0,0,0,18,1,0,0,0,0,5,0,0,17
datasets/EvasionSet1/html/b-cdn.net_adv.html,0,0,0,193,0,0,14,0,0,0,0,9581,35,2,0,0,0,0,0,0,0,0,0,0,1,0,0,0,0,0,18,0,0,5,0,9,0,0,0
datasets/EvasionSet1/html/baidu.com_adv.html,1,15,1,61,0,0,34,0,0,0,0,253870,275,4,0,0,0,0,0,1,0,0,0,0,12,0,0,0,0,0,0,0,0,1,0,257,0,0,0
datasets/EvasionSet1/html/bakecaincontrii.com_adv.html,0,0,23,58,0,0,7,0,0,0,0,2845,1,0,0,0,0,0,0,0,0,0,0,0,0,0,0,0,0,0,0,0,0,0,0,1,0,0,0
datasets/EvasionSet1/html/bakusai.com_adv.html,0,1,2,26,0,0,12,0,0,0,0,644,0,0,0,0,0,0,0,0,0,0,0,0,0,0,0,0,0,0,0,0,0,0,0,0,0,0,0
datasets/EvasionSet1/html/bankofamerica.com_adv.html,4,3,9,50,0,0,10,0,0,1,0,3986,27,0,0,0,0,0,0,0,0,0,0,0,0,0,0,0,0,0,9,0,0,0,0,1,4,13,0
datasets/EvasionSet1/html/banxia.la_adv.html,1,1,1,150,0,0,13,0,0,0,0,5093,0,0,0,0,0,0,0,0,0,0,0,0,0,0,0,0,0,0,0,0,0,0,0,0,0,0,0
datasets/EvasionSet1/html/barnesandnoble.com_adv.html,0,11,0,630,0,0,49,1,0,0,0,12760,0,0,0,0,0,0,0,0,0,0,0,0,0,0,0,0,0,0,0,0,0,0,0,0,0,0,0
datasets/EvasionSet1/html/bato.to_adv.html,1,1,7,302,0,0,17,1,0,0,0,7842,2,0,0,0,0,0,0,0,0,0,0,0,1,0,0,0,0,0,0,0,0,0,0,1,0,0,0
datasets/EvasionSet1/html/battwo.com_adv.html,1,1,7,302,0,0,18,1,0,0,0,7840,2,0,0,0,0,0,0,0,0,0,0,0,1,0,0,0,0,0,0,0,0,0,0,1,0,0,0
datasets/EvasionSet1/html/bb2r.com_adv.html,0,0,0,8,0,0,2,0,0,0,0,2147,2,0,0,0,0,0,0,0,0,0,0,0,0,1,0,0,0,0,0,0,0,0,0,1,0,0,0
datasets/EvasionSet1/html/bbc.co.uk_adv.html,0,0,25,197,0,0,57,0,0,0,0,11513,8,0,0,0,0,0,0,0,0,0,0,0,1,1,0,0,0,0,0,0,0,0,0,1,3,2,0
datasets/EvasionSet1/html/bbc.com_adv.html,0,1,33,235,0,0,25,0,0,0,0,13629,6,0,0,0,0,0,0,0,0,0,0,0,0,1,0,1,0,0,0,0,0,1,0,1,2,0,0
datasets/EvasionSet1/html/beboo.ru_adv.html,1,7,1,26,0,0,9,0,0,1,0,3733,0,0,0,0,0,0,0,0,0,0,0,0,0,0,0,0,0,0,0,0,0,0,0,0,0,0,0
datasets/EvasionSet1/html/beeline.ru_adv.html,1,2,8,54,0,0,41,0,0,0,0,1701,0,0,0,0,0,0,0,0,0,0,0,0,0,0,0,0,0,0,0,0,0,0,0,0,0,0,0
datasets/EvasionSet1/html/beget.com_adv.html,0,0,0,0,0,0,2,0,0,0,0,0,0,0,0,0,0,0,0,0,0,0,0,0,0,0,0,0,0,0,0,0,0,0,0,0,0,0,0
datasets/EvasionSet1/html/beget.ru_adv.html,0,0,0,0,0,0,2,0,0,0,0,0,0,0,0,0,0,0,0,0,0,0,0,0,0,0,0,0,0,0,0,0,0,0,0,0,0,0,0
datasets/EvasionSet1/html/berkeley.edu_adv.html,2,2,4,116,0,0,23,0,0,0,0,6124,1,0,0,0,0,0,0,0,0,0,0,0,0,0,0,0,0,0,0,0,0,0,0,1,0,0,0
datasets/EvasionSet1/html/betika.com_adv.html,0,0,0,0,0,0,13,1,0,0,0,68,0,0,0,0,0,0,0,0,0,0,0,0,0,0,0,0,0,0,0,0,0,0,0,0,0,0,0
datasets/EvasionSet1/html/betpawa.ug_adv.html,0,0,0,0,0,0,11,0,0,0,0,168,0,0,0,0,0,0,0,0,0,0,0,0,0,0,0,0,0,0,0,0,0,0,0,0,0,0,0
datasets/EvasionSet1/html/betway.co.za_adv.html,0,0,0,0,0,0,7,0,0,0,0,6,0,0,0,0,0,0,0,0,0,0,0,0,0,0,0,0,0,0,0,0,0,0,0,0,0,0,0
datasets/EvasionSet1/html/betweendigital.com_adv.html,0,0,0,0,0,0,6,1,0,0,0,0,0,0,0,0,0,0,0,0,0,0,0,0,0,0,0,0,0,0,0,0,0,0,0,0,0,0,0
datasets/EvasionSet1/html/bfmtv.com_adv.html,0,0,7,408,0,0,59,0,0,0,0,28204,9,0,0,0,0,0,0,0,0,0,0,0,0,5,0,0,0,0,0,0,0,0,0,3,0,1,0
datasets/EvasionSet1/html/bhojpurisex.site_adv.html,4,11,5,175,0,0,20,0,1,0,0,5481,10,3,0,0,0,0,5,0,0,0,0,0,0,0,0,0,0,0,0,0,0,0,0,0,2,0,0
datasets/EvasionSet1/html/biblegateway.com_adv.html,3,16,3,83,0,0,21,0,0,0,0,13041,9,0,2,0,0,0,0,0,0,0,0,0,2,0,0,0,0,0,0,0,0,0,0,1,4,0,0
datasets/EvasionSet1/html/bidmachine.io_adv.html,0,0,0,20,0,0,7,0,0,0,0,2715,1,0,1,0,0,0,0,0,0,0,0,0,0,0,0,0,0,0,0,0,0,0,0,0,0,0,0
datasets/EvasionSet1/html/bikewale.com_adv.html,0,5,72,229,0,0,66,2,0,0,0,11287,4,1,1,0,0,0,0,0,0,0,0,0,2,0,0,0,0,0,0,0,0,0,0,0,0,0,0
datasets/EvasionSet1/html/bild.de_adv.html,1,1,32,741,0,0,23,0,0,0,0,23562,6,1,0,0,0,0,0,0,0,0,0,0,0,0,0,0,0,0,0,0,0,0,0,0,0,5,0
datasets/EvasionSet1/html/bilibili.com_adv.html,1,1,2,98,0,0,22,0,0,0,0,806,0,0,0,0,0,0,0,0,0,0,0,0,0,0,0,0,0,0,0,0,0,0,0,0,0,0,0
datasets/EvasionSet1/html/bilibili.tv_adv.html,0,0,0,1,0,0,11,0,0,0,0,73,0,0,0,0,0,0,0,0,0,0,0,0,0,0,0,0,0,0,0,0,0,0,0,0,0,0,0
datasets/EvasionSet1/html/bing.com_adv.html,1,1,0,36,0,0,20,0,0,0,0,356,1,0,0,1,0,0,0,0,0,0,0,0,0,0,0,0,0,0,0,0,0,0,0,0,0,0,0
datasets/EvasionSet1/html/biomedcentral.com_adv.html,1,2,2,42,0,0,11,0,0,0,0,2408,2,0,0,0,0,0,0,0,0,0,0,0,0,0,0,0,0,0,0,0,0,0,0,1,1,0,0
datasets/EvasionSet1/html/bit.ly_adv.html,4,19,5,196,0,0,25,0,0,0,0,10249,18,0,2,0,0,0,0,0,0,0,0,0,1,1,0,0,0,0,2,0,0,8,0,2,1,1,0
datasets/EvasionSet1/html/bitdefender.net_adv.html,0,3,4,251,0,0,24,2,0,0,0,8983,49,0,0,3,0,0,1,0,0,0,0,0,0,0,0,0,0,21,20,0,0,0,0,4,0,0,0
datasets/EvasionSet1/html/bitrix24.ru_adv.html,1,4,0,224,0,0,63,0,0,0,0,52279,0,0,0,0,0,0,0,0,0,0,0,0,0,0,0,0,0,0,0,0,0,0,0,0,0,0,0
datasets/EvasionSet1/html/blic.rs_adv.html,2,2,2,478,0,0,30,5,0,0,0,15484,1,0,0,0,0,0,0,0,0,0,0,0,0,0,0,0,0,0,0,0,0,0,0,0,0,1,0
datasets/EvasionSet1/html/blogger.com_adv.html,0,0,0,16,0,0,3,0,0,0,0,3233,3,2,0,0,0,0,0,0,0,0,0,0,0,0,0,0,0,0,0,0,0,0,1,0,0,0,0
datasets/EvasionSet1/html/blogspot.com_adv.html,0,0,0,16,0,0,3,0,0,0,0,3233,3,2,0,0,0,0,0,0,0,0,0,0,0,0,0,0,0,0,0,0,0,0,1,0,0,0,0
datasets/EvasionSet1/html/bloomberg.com_adv.html,0,2,18,367,0,0,83,2,0,0,0,14422,16,4,0,0,0,0,0,0,0,0,0,0,4,0,0,0,0,0,0,0,0,1,0,3,1,3,0
datasets/EvasionSet1/html/boardgamearena.com_adv.html,0,0,0,30,0,0,13,1,0,0,0,21903,3,0,0,0,0,0,0,2,0,0,0,0,0,0,0,0,0,0,0,0,0,0,0,1,0,0,0
datasets/EvasionSet1/html/booking.com_adv.html,1,3,17,224,0,0,152,1,0,0,0,6694,14,6,0,0,1,0,0,0,0,0,0,0,0,0,0,0,0,1,0,0,0,0,0,6,0,0,0
datasets/EvasionSet1/html/bootstrapcdn.com_adv.html,0,24,7,47,0,0,5,1,0,0,0,1137,24,0,0,0,0,0,0,0,0,0,0,0,0,0,0,0,0,0,0,0,0,24,0,0,0,0,0
datasets/EvasionSet1/html/botinok.porn_adv.html,0,0,0,244,0,0,6,0,0,0,0,2923,1,0,0,0,0,0,0,0,0,0,0,0,0,0,0,0,0,0,0,0,0,0,0,1,0,0,0
datasets/EvasionSet1/html/box.com_adv.html,0,0,13,195,0,0,34,1,0,0,0,8690,18,0,2,0,0,0,0,0,0,0,0,0,0,0,0,0,0,0,12,0,0,0,0,4,0,0,0
datasets/EvasionSet1/html/boyfriendtv.com_adv.html,1,5,13,795,0,0,26,3,0,0,0,18683,9,2,0,0,0,0,0,0,0,0,0,0,0,1,0,1,0,0,0,0,0,3,0,2,0,0,0
datasets/EvasionSet1/html/bpexch.net_adv.html,1,5,1,2,0,0,12,0,1,0,0,18,2,2,0,0,0,0,0,0,0,0,0,0,0,0,0,0,0,0,0,0,0,0,0,0,0,0,0
datasets/EvasionSet1/html/branch.io_adv.html,1,0,2,120,0,0,26,1,0,0,0,6395,4,0,0,0,0,0,0,0,0,0,0,0,0,0,0,0,0,0,2,0,0,0,0,2,0,0,0
datasets/EvasionSet1/html/brave.com_adv.html,1,12,10,141,0,0,21,0,0,0,0,10461,8,0,1,0,0,0,0,0,0,0,0,0,1,0,0,0,0,0,3,0,0,2,0,1,0,0,0
datasets/EvasionSet1/html/braze.com_adv.html,0,0,34,148,0,0,63,1,0,0,0,7687,9,1,1,0,0,0,0,0,0,0,0,0,2,0,0,0,0,0,0,0,0,1,0,3,1,0,0
datasets/EvasionSet1/html/britannica.com_adv.html,4,7,21,260,0,0,36,2,0,1,0,11226,8,2,0,0,0,0,0,0,0,0,0,0,0,0,0,0,0,0,0,0,0,4,0,1,1,0,0
datasets/EvasionSet1/html/bsky.app_adv.html,0,0,0,2,0,0,3,0,0,0,0,250,0,0,0,0,0,0,0,0,0,0,0,0,0,0,0,0,0,0,0,0,0,0,0,0,0,0,0
datasets/EvasionSet1/html/business.site_adv.html,0,0,28,146,0,0,13,0,0,0,0,13409,38,5,0,0,0,0,0,0,0,0,0,1,0,0,0,0,1,0,0,0,0,0,0,31,0,0,0
datasets/EvasionSet1/html/businessinsider.com_adv.html,1,1,15,222,0,0,33,3,0,0,0,8734,4,0,1,0,0,0,0,0,0,0,0,0,0,0,0,0,0,0,0,0,0,0,0,1,2,0,0
datasets/EvasionSet1/html/buzzfeed.com_adv.html,0,0,55,123,0,0,30,1,0,0,0,3312,1,0,0,0,0,0,0,0,0,0,0,0,0,0,0,0,0,0,0,0,0,0,0,1,0,0,0
datasets/EvasionSet1/html/ca.gov_adv.html,2,2,6,56,0,0,8,0,0,0,0,2432,2,0,0,0,0,0,0,0,0,0,0,0,1,0,0,0,0,0,0,0,0,0,0,1,0,0,0
datasets/EvasionSet1/html/cafef.vn_adv.html,0,8,0,109,0,0,37,2,0,0,0,6180,2,0,0,0,0,0,0,0,0,0,0,0,0,0,0,0,0,0,0,0,0,0,0,0,0,2,0
datasets/EvasionSet1/html/caixa.gov.br_adv.html,1,29,22,284,0,0,57,1,0,0,0,7719,27,0,0,0,1,0,0,2,1,2,5,0,0,0,0,0,0,3,0,0,0,0,0,12,0,0,1
datasets/EvasionSet1/html/calculator.net_adv.html,1,3,0,56,0,0,4,0,0,0,0,2249,1,0,0,0,0,0,1,0,0,0,0,0,0,0,0,0,0,0,0,0,0,0,0,0,0,0,0
datasets/EvasionSet1/html/calendly.com_adv.html,0,0,0,0,0,0,32,0,0,0,0,54,0,0,0,0,0,0,0,0,0,0,0,0,0,0,0,0,0,0,0,0,0,0,0,0,0,0,0
datasets/EvasionSet1/html/cam4.com_adv.html,0,2,115,524,0,0,17,1,0,0,0,10485,3,1,0,0,0,0,0,0,0,0,0,0,0,0,0,0,0,0,0,0,0,0,0,2,0,0,0
datasets/EvasionSet1/html/canada.ca_adv.html,0,0,0,4,0,0,7,0,0,0,0,165,0,0,0,0,0,0,0,0,0,0,0,0,0,0,0,0,0,0,0,0,0,0,0,0,0,0,0
datasets/EvasionSet1/html/capcut.com_adv.html,0,0,1,156,0,0,42,1,0,0,0,5613,4,0,0,0,0,0,0,0,0,0,0,0,0,0,0,0,0,0,0,0,0,4,0,0,0,0,0
datasets/EvasionSet1/html/cardgames.io_adv.html,0,8,7,148,0,0,22,0,0,0,0,7710,13,2,0,0,0,0,1,0,0,0,0,0,0,0,0,0,0,0,1,0,0,1,0,8,0,0,0
datasets/EvasionSet1/html/carsensor.net_adv.html,3,75,76,529,0,0,62,2,0,0,0,20723,0,0,0,0,0,0,0,0,0,0,0,0,0,0,0,0,0,0,0,0,0,0,0,0,0,0,0
datasets/EvasionSet1/html/carwale.com_adv.html,0,3,9,188,0,0,74,1,0,0,0,9548,2,0,0,0,0,0,0,0,0,0,0,0,2,0,0,0,0,0,0,0,0,0,0,0,0,0,0
datasets/EvasionSet1/html/casalemedia.com_adv.html,1,1,5,125,0,0,18,1,0,0,0,4943,7,3,0,0,0,0,0,0,0,0,0,0,0,0,0,0,0,0,0,0,0,0,0,3,1,0,0
datasets/EvasionSet1/html/cbsnews.com_adv.html,0,0,11,294,0,0,16,5,0,0,0,33735,11,0,0,0,0,0,0,0,0,0,0,0,3,4,0,0,0,0,4,0,0,0,0,0,0,0,0
datasets/EvasionSet1/html/cdc.gov_adv.html,3,3,12,259,0,0,14,0,0,0,0,5595,7,0,0,0,0,0,0,0,0,0,0,0,0,0,0,0,0,0,1,0,0,0,0,6,0,0,0
datasets/EvasionSet1/html/cdiscount.com_adv.html,0,0,0,1,0,0,3,0,0,0,0,301,0,0,0,0,0,0,0,0,0,0,0,0,0,0,0,0,0,0,0,0,0,0,0,0,0,0,0
datasets/EvasionSet1/html/cdnvideo.ru_adv.html,2,8,3,533,0,0,38,0,0,0,0,13136,0,0,0,0,0,0,0,0,0,0,0,0,0,0,0,0,0,0,0,0,0,0,0,0,0,0,0
datasets/EvasionSet1/html/change.org_adv.html,0,0,6,93,0,0,35,0,0,0,0,4223,3,0,0,1,0,0,0,0,0,0,0,0,0,0,0,0,0,0,0,1,0,0,0,1,0,0,0
datasets/EvasionSet1/html/character.ai_adv.html,0,0,0,0,0,0,15,0,0,0,0,71,0,0,0,0,0,0,0,0,0,0,0,0,0,0,0,0,0,0,0,0,0,0,0,0,0,0,0
datasets/EvasionSet1/html/chaturbate.com_adv.html,12,48,0,158,0,0,52,0,0,0,0,5554,6,0,1,0,0,0,0,1,0,0,0,0,0,0,0,0,0,0,1,0,0,1,0,1,1,0,0
datasets/EvasionSet1/html/checkpoint.com_adv.html,1,1,1,260,0,0,38,1,0,0,0,7891,59,0,1,0,0,0,0,0,0,0,0,0,0,0,0,0,0,0,51,0,0,0,0,6,1,0,0
datasets/EvasionSet1/html/chess.com_adv.html,0,1,3,39,0,0,26,0,0,0,0,996,2,0,2,0,0,0,0,0,0,0,0,0,0,0,0,0,0,0,0,0,0,0,0,0,0,0,0
datasets/EvasionSet1/html/chinamobile.com_adv.html,0,0,0,0,0,0,3,0,0,0,0,0,0,0,0,0,0,0,0,0,0,0,0,0,0,0,0,0,0,0,0,0,0,0,0,0,0,0,0
datasets/EvasionSet1/html/cisco.com_adv.html,0,0,33,69,0,0,22,0,0,0,0,3598,10,0,2,0,0,0,0,0,0,0,0,0,1,0,0,0,0,0,6,0,0,0,0,1,0,0,0
datasets/EvasionSet1/html/clarity.ms_adv.html,0,0,0,0,0,0,1,0,0,0,0,2,0,0,0,0,0,0,0,0,0,0,0,0,0,0,0,0,0,0,0,0,0,0,0,0,0,0,0
datasets/EvasionSet1/html/classlink.com_adv.html,2,4,0,142,0,0,28,0,0,1,0,8687,38,2,0,0,0,0,2,0,0,0,0,0,0,0,0,1,0,0,20,0,0,4,0,2,6,1,0
datasets/EvasionSet1/html/clevelandclinic.org_adv.html,0,0,1,143,0,0,17,1,0,0,0,5053,2,0,0,0,0,0,0,0,0,0,0,0,2,0,0,0,0,0,0,0,0,0,0,0,0,0,0
datasets/EvasionSet1/html/clever.com_adv.html,0,0,9,192,0,0,19,1,0,0,0,4911,15,0,4,0,0,0,0,0,0,0,0,0,2,0,0,0,0,0,7,0,0,0,0,1,1,0,0
datasets/EvasionSet1/html/cloud.com_adv.html,0,0,0,19,0,0,11,0,0,0,0,845,2,0,0,0,0,0,0,1,0,0,0,0,0,0,0,0,0,0,0,0,0,0,0,1,0,0,0
datasets/EvasionSet1/html/cloud.microsoft_adv.html,0,0,31,174,0,0,19,0,0,0,0,12574,22,2,0,3,1,0,0,0,0,0,0,0,0,0,0,0,0,5,0,0,0,2,0,6,2,0,1
datasets/EvasionSet1/html/cloudflare-dns.com_adv.html,0,0,6,42,0,0,3,0,0,0,0,6216,24,0,0,0,0,0,1,0,0,0,0,0,0,0,0,0,0,0,1,0,0,21,0,0,1,0,0
datasets/EvasionSet1/html/cloudflare.com_adv.html,0,0,19,283,0,0,32,0,0,0,0,13255,35,0,1,0,0,0,0,0,0,0,0,0,0,0,0,0,0,0,22,0,0,0,0,6,5,1,0
datasets/EvasionSet1/html/cloudflareinsights.com_adv.html,0,0,0,1,0,0,1,0,0,0,0,41,0,0,0,0,0,0,0,0,0,0,0,0,0,0,0,0,0,0,0,0,0,0,0,0,0,0,0
datasets/EvasionSet1/html/cloudinary.com_adv.html,0,0,1,155,0,0,33,1,0,0,0,5868,5,1,0,0,0,0,0,0,0,0,0,0,0,0,0,0,0,0,0,0,0,1,0,3,0,0,0
datasets/EvasionSet1/html/cloudns.net_adv.html,1,1,12,260,0,0,18,0,0,0,0,20282,12,0,1,0,0,0,0,0,0,0,0,0,0,0,0,0,0,0,1,0,0,2,0,5,2,1,0
datasets/EvasionSet1/html/cmoa.jp_adv.html,2,9,0,725,0,0,24,1,0,0,0,9464,0,0,0,0,0,0,0,0,0,0,0,0,0,0,0,0,0,0,0,0,0,0,0,0,0,0,0
datasets/EvasionSet1/html/cmu.edu_adv.html,0,0,19,130,0,0,16,1,0,0,0,7252,2,0,0,0,0,0,0,0,0,0,0,0,0,0,0,0,0,0,2,0,0,0,0,0,0,0,0
datasets/EvasionSet1/html/cnbc.com_adv.html,1,1,29,402,0,0,8,0,0,0,0,11987,8,0,0,0,0,0,0,0,0,0,0,0,0,0,0,0,0,0,2,0,0,0,0,2,1,3,0
datasets/EvasionSet1/html/cnet.com_adv.html,1,2,4,739,0,0,70,0,0,1,0,28075,36,0,0,0,0,0,2,8,0,0,0,0,0,1,0,0,0,0,20,0,0,0,0,2,2,1,0
datasets/EvasionSet1/html/cnn.com_adv.html,3,19,22,479,0,0,14,0,0,0,0,12360,13,0,0,0,0,0,0,0,0,0,0,0,1,0,0,0,0,0,0,0,0,0,0,0,12,0,0
datasets/EvasionSet1/html/cnnbrasil.com.br_adv.html,2,17,13,432,0,0,47,0,0,1,0,14121,8,0,0,0,2,0,0,0,0,0,0,0,0,2,1,0,0,1,0,0,0,0,0,1,0,0,1
datasets/EvasionSet1/html/com.se_adv.html,0,1,4,1,0,0,4,0,0,0,0,504,0,0,0,0,0,0,0,0,0,0,0,0,0,0,0,0,0,0,0,0,0,0,0,0,0,0,0
datasets/EvasionSet1/html/conectate.com.do_adv.html,1,1,3,134,0,0,44,0,0,0,0,3224,1,0,0,0,0,0,0,0,0,0,0,0,0,0,0,0,0,0,0,0,0,0,0,1,0,0,0
datasets/EvasionSet1/html/connatix.com_adv.html,2,20,2,142,0,0,40,1,0,0,0,9706,7,2,0,0,0,0,0,0,0,0,0,0,1,0,0,0,0,0,2,0,0,0,0,2,0,0,0
datasets/EvasionSet1/html/consultant.ru_adv.html,1,2,0,88,0,0,9,0,0,0,0,3700,2,0,0,0,0,0,0,0,0,0,0,0,0,0,0,0,0,0,0,0,0,0,0,2,0,0,0
datasets/EvasionSet1/html/contextweb.com_adv.html,0,0,0,0,0,0,1,0,0,0,0,0,0,0,0,0,0,0,0,0,0,0,0,0,0,0,0,0,0,0,0,0,0,0,0,0,0,0,0
datasets/EvasionSet1/html/conviva.com_adv.html,1,1,9,194,0,0,27,1,0,0,0,18267,5,0,0,0,0,0,0,0,0,0,0,0,1,0,0,0,0,0,0,0,0,0,0,4,0,0,0
datasets/EvasionSet1/html/cookiedatabase.org_adv.html,2,12,11,45,0,0,30,0,0,0,0,6719,4,0,0,0,0,0,0,1,0,0,0,0,0,0,0,0,0,0,1,0,0,0,0,2,0,0,0
datasets/EvasionSet1/html/cookielaw.org_adv.html,2,2,38,144,0,0,16,0,0,0,0,7708,12,1,0,0,0,0,0,1,0,0,0,0,2,0,0,0,0,0,0,0,0,0,0,8,0,0,0
datasets/EvasionSet1/html/cookpad.com_adv.html,2,4,4,73,0,0,18,0,0,0,0,1949,3,3,0,0,0,0,0,0,0,0,0,0,0,0,0,0,0,0,0,0,0,0,0,0,0,0,0
datasets/EvasionSet1/html/cornell.edu_adv.html,1,1,16,153,0,0,25,1,0,0,0,4733,1,0,0,0,0,0,0,0,0,0,0,0,0,0,0,0,0,0,0,0,0,0,0,1,0,0,0
datasets/EvasionSet1/html/corriere.it_adv.html,3,5,5,1205,0,0,38,2,0,0,0,53433,22,2,0,0,0,0,0,0,0,0,0,0,0,0,0,0,1,0,0,0,0,1,0,16,1,0,1
datasets/EvasionSet1/html/costco.com_adv.html,5,6,109,177,0,0,727,0,0,0,0,4695,0,0,0,0,0,0,0,0,0,0,0,0,0,0,0,0,0,0,0,0,0,0,0,0,0,0,0
datasets/EvasionSet1/html/coursera.org_adv.html,1,2,20,83,0,0,13,0,0,0,0,4842,3,0,0,1,0,0,0,0,0,0,0,0,0,0,0,0,0,0,0,0,0,0,0,2,0,0,0
datasets/EvasionSet1/html/cpanel.net_adv.html,0,0,6,95,0,0,17,0,0,0,0,4452,4,2,0,0,0,0,0,0,0,0,0,0,0,0,0,0,0,0,1,0,0,0,0,1,0,0,0
datasets/EvasionSet1/html/crashlytics.com_adv.html,1,2,10,166,0,0,6,0,0,0,0,6488,9,1,0,1,4,0,0,0,0,0,0,0,0,0,0,0,0,2,0,0,0,0,0,1,0,0,0
datasets/EvasionSet1/html/crazygames.com_adv.html,1,1,26,156,0,0,20,0,0,0,0,3755,10,0,0,0,0,0,0,0,0,0,0,0,5,0,0,0,0,0,0,0,0,3,0,2,0,0,0
datasets/EvasionSet1/html/creativecommons.org_adv.html,1,3,3,69,0,0,9,1,0,1,0,4735,2,0,0,0,0,0,0,0,0,0,0,0,0,0,0,0,0,0,0,0,0,0,0,2,0,0,0
datasets/EvasionSet1/html/cricbuzz.com_adv.html,0,0,2,207,0,0,16,1,0,0,0,11052,2,0,0,0,0,0,0,0,0,0,0,0,0,0,0,0,0,0,0,0,0,0,0,1,1,0,0
datasets/EvasionSet1/html/criteo.com_adv.html,2,3,12,228,0,0,35,1,0,0,0,17254,15,0,0,0,0,0,0,0,0,0,0,0,1,0,0,0,0,0,3,0,0,0,0,9,2,0,0
datasets/EvasionSet1/html/crpt.ru_adv.html,1,1,5,51,0,0,8,0,0,0,0,3719,0,0,0,0,0,0,0,0,0,0,0,0,0,0,0,0,0,0,0,0,0,0,0,0,0,0,0
datasets/EvasionSet1/html/cursor.sh_adv.html,4,2,104,132,0,0,168,0,0,0,0,19286,14,0,0,0,0,0,0,0,0,0,0,0,4,0,0,0,0,0,2,0,0,0,0,8,0,0,0
datasets/EvasionSet1/html/dafont.com_adv.html,3,22,0,77,0,0,22,1,0,0,0,1752,4,0,0,1,0,0,0,0,0,0,0,0,0,0,0,0,0,0,0,0,0,0,1,2,0,0,0
datasets/EvasionSet1/html/dagbladet.no_adv.html,1,1,2,230,0,0,44,0,0,0,0,9195,0,0,0,0,0,0,0,0,0,0,0,0,0,0,0,0,0,0,0,0,0,0,0,0,0,0,0
datasets/EvasionSet1/html/dailymail.co.uk_adv.html,1,3,29,1324,0,0,63,1,0,0,0,117595,30,1,0,0,0,0,1,1,0,0,0,0,5,15,0,0,0,0,1,0,0,0,0,3,2,1,0
datasets/EvasionSet1/html/dailymotion.com_adv.html,0,0,0,0,0,0,17,0,0,0,0,11,0,0,0,0,0,0,0,0,0,0,0,0,0,0,0,0,0,0,0,0,0,0,0,0,0,0,0
datasets/EvasionSet1/html/dantri.com.vn_adv.html,0,1,16,748,0,0,16,1,0,0,0,21041,1,0,0,0,0,0,0,0,0,0,0,0,0,0,0,0,0,0,0,0,0,0,0,0,0,1,0
datasets/EvasionSet1/html/datadoghq.com_adv.html,1,0,12,460,0,0,22,2,0,0,0,11440,45,2,0,0,0,0,0,0,0,0,0,0,0,0,0,0,0,0,37,0,0,0,0,6,0,0,0
datasets/EvasionSet1/html/datadome.co_adv.html,1,1,2,183,0,0,35,1,0,0,0,7628,38,3,0,0,0,0,0,0,0,0,0,0,2,0,0,0,0,0,11,0,0,3,0,1,18,0,0
datasets/EvasionSet1/html/datto.com_adv.html,0,0,2,125,0,0,24,0,0,0,0,16229,25,1,0,0,0,0,0,0,0,0,0,0,5,0,0,1,0,0,11,0,1,1,0,5,0,0,0
datasets/EvasionSet1/html/daum.net_adv.html,0,0,0,1,0,0,11,0,0,0,0,213,0,0,0,0,0,0,0,0,0,0,0,0,0,0,0,0,0,0,0,0,0,0,0,0,0,0,0
datasets/EvasionSet1/html/dbankcloud.cn_adv.html,0,0,0,2,0,0,1,0,0,0,0,167,0,0,0,0,0,0,0,0,0,0,0,0,0,0,0,0,0,0,0,0,0,0,0,0,0,0,0
datasets/EvasionSet1/html/dbankcloud.com_adv.html,0,0,0,2,0,0,1,0,0,0,0,161,0,0,0,0,0,0,0,0,0,0,0,0,0,0,0,0,0,0,0,0,0,0,0,0,0,0,0
datasets/EvasionSet1/html/dcinside.com_adv.html,2,8,43,1831,0,0,38,2,1,0,0,32491,0,0,0,0,0,0,0,0,0,0,0,0,0,0,0,0,0,0,0,0,0,0,0,0,0,0,0
datasets/EvasionSet1/html/ddns.net_adv.html,0,8,2,12,0,0,14,2,0,0,0,5927,5,1,0,0,0,0,0,0,0,0,0,0,3,0,0,0,0,0,0,0,0,0,0,0,1,0,0
datasets/EvasionSet1/html/debian.org_adv.html,1,9,0,37,0,0,2,0,0,0,0,1952,1,0,0,0,0,0,0,0,0,0,0,0,0,0,0,0,0,0,0,0,0,0,0,1,0,0,0
datasets/EvasionSet1/html/deepintent.com_adv.html,0,0,0,64,0,0,18,1,0,0,0,6967,5,0,1,0,0,0,0,0,0,0,0,0,1,0,0,0,0,0,0,0,0,0,0,3,0,0,0
datasets/EvasionSet1/html/deepl.com_adv.html,0,0,18,232,0,0,25,0,0,0,0,6996,7,0,0,2,0,0,0,0,0,0,0,0,0,0,0,0,0,0,0,0,0,0,0,5,0,0,0
datasets/EvasionSet1/html/deezer.com_adv.html,0,0,2,72,0,0,7,1,0,0,0,4613,7,2,0,0,0,0,0,0,0,0,1,1,0,0,0,0,0,0,0,0,0,0,1,2,0,0,0
datasets/EvasionSet1/html/dell.com_adv.html,0,4,96,338,0,0,22,0,0,0,0,11097,23,6,0,0,0,0,0,0,0,0,0,0,0,0,0,0,0,5,0,0,0,0,0,12,0,0,0
datasets/EvasionSet1/html/deloitte.com_adv.html,0,1,9,282,0,0,24,0,0,0,0,9972,8,0,0,0,0,1,0,0,0,0,0,0,0,0,0,0,0,1,1,0,0,0,0,4,0,1,0
datasets/EvasionSet1/html/deltaork.com_adv.html,0,0,0,75,0,0,10,0,0,0,0,3435,1,0,0,0,0,0,0,0,0,0,0,0,0,0,0,0,0,0,0,0,0,0,0,1,0,0,0
datasets/EvasionSet1/html/desitales2.com_adv.html,1,1,3,183,0,0,25,1,0,0,0,6086,4,0,0,0,0,0,0,0,0,0,0,0,2,0,0,0,0,0,0,0,0,0,0,2,0,0,0
datasets/EvasionSet1/html/desitelugusex.com_adv.html,1,1,2,56,0,0,4,0,0,0,0,2712,0,0,0,0,0,0,0,0,0,0,0,0,0,0,0,0,0,0,0,0,0,0,0,0,0,0,0
datasets/EvasionSet1/html/deviantart.com_adv.html,1,1,76,231,0,0,13,0,0,0,0,15667,8,0,2,0,0,0,0,1,0,0,0,0,3,0,0,0,0,0,0,0,0,0,0,1,0,1,0
datasets/EvasionSet1/html/digicert.com_adv.html,1,1,3,282,0,0,45,1,0,0,0,11849,18,0,0,0,0,0,0,0,0,0,0,0,0,0,0,0,0,0,11,0,0,0,0,6,1,0,0
datasets/EvasionSet1/html/digikala.com_adv.html,0,0,0,0,0,0,33,0,0,0,0,0,0,0,0,0,0,0,0,0,0,0,0,0,0,0,0,0,0,0,0,0,0,0,0,0,0,0,0
datasets/EvasionSet1/html/digitalocean.com_adv.html,0,0,10,315,0,0,11,0,0,0,0,10681,17,0,2,0,0,0,0,0,0,0,0,0,0,0,0,0,0,0,2,0,0,7,0,5,1,0,0
datasets/EvasionSet1/html/diretta.it_adv.html,0,0,0,387,0,0,55,1,0,0,0,5646,1,0,0,0,0,0,0,0,0,0,0,0,0,0,0,0,0,0,0,0,0,0,0,1,0,0,0
datasets/EvasionSet1/html/discord.com_adv.html,0,0,0,123,0,0,30,0,0,0,0,3640,3,0,3,0,0,0,0,0,0,0,0,0,0,0,0,0,0,0,0,0,0,0,0,0,0,0,0
datasets/EvasionSet1/html/discord.gg_adv.html,0,0,0,123,0,0,30,0,0,0,0,3640,3,0,3,0,0,0,0,0,0,0,0,0,0,0,0,0,0,0,0,0,0,0,0,0,0,0,0
datasets/EvasionSet1/html/discordapp.com_adv.html,0,0,0,123,0,0,30,0,0,0,0,3644,3,0,3,0,0,0,0,0,0,0,0,0,0,0,0,0,0,0,0,0,0,0,0,0,0,0,0
datasets/EvasionSet1/html/disneyplus.com_adv.html,0,0,33,97,0,0,17,0,0,0,0,19856,9,0,1,0,0,0,0,4,0,0,0,0,0,0,0,0,0,0,0,0,0,2,0,0,2,0,0
datasets/EvasionSet1/html/disqus.com_adv.html,0,0,0,0,0,0,5,1,0,0,0,100,0,0,0,0,0,0,0,0,0,0,0,0,0,0,0,0,0,0,0,0,0,0,0,0,0,0,0
datasets/EvasionSet1/html/divar.ir_adv.html,0,1,4,19,0,0,40,1,0,0,0,838,0,0,0,0,0,0,0,0,0,0,0,0,0,0,0,0,0,0,0,0,0,0,0,0,0,0,0
datasets/EvasionSet1/html/dlsite.com_adv.html,14,112,29,570,0,0,18,1,0,0,0,34222,6,3,1,0,0,0,0,0,0,0,0,0,0,0,0,0,0,0,0,0,0,0,0,0,2,0,0
datasets/EvasionSet1/html/dns.google_adv.html,1,1,1,3,0,0,3,0,0,0,0,190,0,0,0,0,0,0,0,0,0,0,0,0,0,0,0,0,0,0,0,0,0,0,0,0,0,0,0
datasets/EvasionSet1/html/dnsmadeeasy.com_adv.html,3,2,3,171,0,0,40,1,0,0,0,9855,27,3,0,0,0,0,0,0,0,0,0,0,1,0,0,0,0,0,18,0,0,0,0,5,0,0,0
datasets/EvasionSet1/html/docker.com_adv.html,1,1,4,133,0,0,27,1,0,0,0,10183,54,0,0,0,0,0,0,0,0,0,0,0,0,0,0,3,0,0,13,0,0,0,0,38,0,0,0
datasets/EvasionSet1/html/docker.io_adv.html,1,1,4,134,0,0,30,1,0,0,0,10238,54,0,0,0,0,0,0,0,0,0,0,0,0,0,0,3,0,0,13,0,0,0,0,38,0,0,0
datasets/EvasionSet1/html/docomo.ne.jp_adv.html,1,4,42,321,0,0,51,2,0,0,0,3376,0,0,0,0,0,0,0,0,0,0,0,0,0,0,0,0,0,0,0,0,0,0,0,0,0,0,0
datasets/EvasionSet1/html/dogdrip.net_adv.html,1,9,10,353,0,0,35,0,1,0,0,4957,2,0,0,0,0,0,0,0,0,0,0,0,0,0,0,0,0,0,0,0,0,1,0,1,0,0,0
datasets/EvasionSet1/html/doi.org_adv.html,1,3,0,30,0,0,8,0,0,0,0,4075,1,0,0,0,0,0,0,0,0,0,0,0,0,0,0,0,0,0,0,0,0,1,0,0,0,0,0
datasets/EvasionSet1/html/donga.com_adv.html,1,1,15,424,0,0,34,0,0,0,0,6948,0,0,0,0,0,0,0,0,0,0,0,0,0,0,0,0,0,0,0,0,0,0,0,0,0,0,0
datasets/EvasionSet1/html/dotomi.com_adv.html,1,8,11,104,0,0,55,4,0,0,0,7613,5,0,0,0,0,0,0,0,0,0,0,0,1,0,0,0,0,0,0,0,0,1,0,3,0,0,0
datasets/EvasionSet1/html/doubleclick.net_adv.html,0,0,16,71,0,0,11,1,0,0,0,6868,3,0,0,0,3,0,0,0,0,0,0,0,0,0,0,0,0,0,0,0,0,0,0,0,0,0,0
datasets/EvasionSet1/html/doubleverify.com_adv.html,7,73,17,156,0,0,42,1,0,7,0,18327,14,0,0,0,0,0,0,0,0,0,0,0,0,0,0,10,0,0,0,0,0,0,0,3,1,0,0
datasets/EvasionSet1/html/doubtnut.com_adv.html,0,0,37,195,0,0,37,3,0,0,0,13525,7,0,0,0,0,0,0,0,0,0,0,0,0,0,0,0,0,0,0,0,0,5,0,2,0,0,0
datasets/EvasionSet1/html/dpboss.boston_adv.html,0,0,10,383,0,0,7,0,0,0,0,66353,59,0,0,0,0,0,0,0,0,0,0,0,57,1,0,0,0,0,0,0,0,0,0,1,0,0,0
datasets/EvasionSet1/html/dreamhost.com_adv.html,1,1,20,82,0,0,34,1,0,0,0,6985,8,2,0,0,0,0,0,0,0,0,0,0,0,0,0,0,0,0,3,0,0,1,0,1,1,0,0
datasets/EvasionSet1/html/dribbble.com_adv.html,1,8,8,378,0,0,71,0,0,0,0,5035,1,0,1,0,0,0,0,0,0,0,0,0,0,0,0,0,0,0,0,0,0,0,0,0,0,0,0
datasets/EvasionSet1/html/drom.ru_adv.html,2,10,5,388,0,0,20,1,0,0,0,10188,0,0,0,0,0,0,0,0,0,0,0,0,0,0,0,0,0,0,0,0,0,0,0,0,0,0,0
datasets/EvasionSet1/html/dropbox.com_adv.html,0,0,10,126,0,0,25,0,0,0,0,4546,6,0,0,2,0,0,0,0,0,0,0,0,0,0,0,0,0,4,0,0,0,0,0,0,0,0,0
datasets/EvasionSet1/html/dropcatch.com_adv.html,0,0,0,0,0,0,4,0,0,0,0,13,0,0,0,0,0,0,0,0,0,0,0,0,0,0,0,0,0,0,0,0,0,0,0,0,0,0,0
datasets/EvasionSet1/html/duckdns.org_adv.html,1,19,0,19,0,0,8,0,0,0,0,248,1,1,0,0,0,0,0,0,0,0,0,0,0,0,0,0,0,0,0,0,0,0,0,0,0,0,0
datasets/EvasionSet1/html/duckduckgo.com_adv.html,0,0,0,0,0,0,29,0,0,0,0,50,0,0,0,0,0,0,0,0,0,0,0,0,0,0,0,0,0,0,0,0,0,0,0,0,0,0,0
datasets/EvasionSet1/html/duolingo.com_adv.html,0,0,0,0,0,0,17,1,0,0,0,8,0,0,0,0,0,0,0,0,0,0,0,0,0,0,0,0,0,0,0,0,0,0,0,0,0,0,0
datasets/EvasionSet1/html/dw.com_adv.html,0,0,0,0,0,0,5,0,0,0,0,46,0,0,0,0,0,0,0,0,0,0,0,0,0,0,0,0,0,0,0,0,0,0,0,0,0,0,0
datasets/EvasionSet1/html/dynatrace.com_adv.html,0,0,10,44,0,0,39,1,0,0,0,4557,3,0,0,0,0,0,0,0,0,0,0,0,0,0,0,0,0,0,2,0,0,0,0,0,0,1,0
datasets/EvasionSet1/html/dyndns.org_adv.html,2,7,0,56,0,0,14,0,1,0,0,5910,17,1,0,0,0,0,3,0,0,0,0,0,4,0,0,0,0,0,0,0,0,0,0,1,8,0,0
datasets/EvasionSet1/html/dzen.ru_adv.html,0,0,0,0,0,0,2,0,0,0,0,0,0,0,0,0,0,0,0,0,0,0,0,0,0,0,0,0,0,0,0,0,0,0,0,0,0,0,0
datasets/EvasionSet1/html/e621.net_adv.html,2,4,3,33,0,0,10,0,0,0,0,41985,34,0,1,0,0,0,5,0,0,0,0,0,3,0,0,0,0,0,6,0,0,2,0,7,10,0,0
datasets/EvasionSet1/html/ea.com_adv.html,0,0,0,126,0,0,16,0,0,0,0,4759,1,0,0,0,0,0,0,0,0,0,0,0,0,0,0,0,0,1,0,0,0,0,0,0,0,0,0
datasets/EvasionSet1/html/ebay.co.uk_adv.html,1,6,56,271,0,0,29,0,0,0,0,5889,1,0,0,0,0,0,0,0,0,0,0,0,0,0,0,0,0,0,0,0,0,0,0,1,0,0,0
datasets/EvasionSet1/html/ebay.com_adv.html,1,6,44,248,0,0,32,1,0,0,0,6843,3,1,0,0,0,0,0,0,0,0,0,0,0,0,0,0,0,1,0,0,0,0,0,1,0,0,0
datasets/EvasionSet1/html/ebay.de_adv.html,1,6,38,242,0,0,29,0,0,0,0,5575,0,0,0,0,0,0,0,0,0,0,0,0,0,0,0,0,0,0,0,0,0,0,0,0,0,0,0
datasets/EvasionSet1/html/ecnavi.jp_adv.html,1,1,9,188,0,0,29,1,0,0,0,3921,0,0,0,0,0,0,0,0,0,0,0,0,0,0,0,0,0,0,0,0,0,0,0,0,0,0,0
datasets/EvasionSet1/html/edna.ru_adv.html,2,36,2,118,0,0,18,1,0,2,1,9990,0,0,0,0,0,0,0,0,0,0,0,0,0,0,0,0,0,0,0,0,0,0,0,0,0,0,0
datasets/EvasionSet1/html/eff.org_adv.html,2,6,2,216,0,0,10,0,0,0,0,9227,21,0,0,0,0,0,0,0,0,0,0,0,6,1,0,0,0,0,8,0,0,0,0,4,1,1,0
datasets/EvasionSet1/html/ekstrabladet.dk_adv.html,1,10,5,401,0,0,60,0,0,0,0,9062,1,0,1,0,0,0,0,0,0,0,0,0,0,0,0,0,0,0,0,0,0,0,0,0,0,0,0
datasets/EvasionSet1/html/elasticbeanstalk.com_adv.html,2,4,84,85,0,0,29,0,0,0,0,9721,17,1,0,0,0,0,0,0,0,0,0,0,0,0,0,0,0,7,1,0,0,0,0,5,0,0,3
datasets/EvasionSet1/html/elconfidencial.com_adv.html,1,1,2,437,0,0,30,1,0,0,0,21881,4,0,0,2,0,0,0,0,0,0,0,0,0,0,0,0,0,0,0,0,0,0,0,1,0,0,1
datasets/EvasionSet1/html/elegantthemes.com_adv.html,2,6,0,167,0,0,24,0,1,0,0,11811,17,0,0,0,0,0,2,0,0,0,0,0,4,0,0,0,0,0,3,0,0,0,0,3,5,0,0
datasets/EvasionSet1/html/elmundo.es_adv.html,0,0,3,452,0,0,65,0,0,0,0,17502,6,0,0,2,0,0,0,1,0,0,0,0,0,0,0,0,0,0,0,0,0,0,0,2,0,0,1
datasets/EvasionSet1/html/elpais.com_adv.html,1,1,14,463,0,0,21,0,0,0,0,26609,9,0,0,0,0,0,0,0,0,0,0,0,0,3,0,0,0,0,1,1,0,0,0,1,0,0,3
datasets/EvasionSet1/html/elsevier.com_adv.html,0,0,24,67,0,0,22,0,0,0,0,3898,0,0,0,0,0,0,0,0,0,0,0,0,0,0,0,0,0,0,0,0,0,0,0,0,0,0,0
datasets/EvasionSet1/html/eltiempo.es_adv.html,0,0,1,66,0,0,36,0,0,0,0,3049,0,0,0,0,0,0,0,0,0,0,0,0,0,0,0,0,0,0,0,0,0,0,0,0,0,0,0
datasets/EvasionSet1/html/emag.ro_adv.html,2,4,5,107,0,0,19,1,0,1,0,2693,4,0,0,0,0,0,0,0,0,0,0,0,0,2,0,0,0,0,0,0,0,1,0,1,0,0,0
datasets/EvasionSet1/html/epa.gov_adv.html,1,6,12,89,0,0,37,1,0,0,0,3401,7,0,0,0,0,0,0,0,0,0,0,0,2,0,0,0,0,0,2,0,0,1,0,2,0,0,0
datasets/EvasionSet1/html/epfindia.gov.in_adv.html,0,0,0,506,0,0,25,0,0,0,0,46483,77,1,0,0,0,0,1,0,0,1,0,0,3,0,0,0,0,0,15,0,0,2,0,2,44,8,0
datasets/EvasionSet1/html/eporner.com_adv.html,1,3,0,410,0,0,20,0,0,0,0,13164,5,0,0,0,0,0,0,0,0,0,0,0,1,0,0,0,0,0,0,0,0,1,0,2,1,0,0
datasets/EvasionSet1/html/erome.com_adv.html,0,0,0,10,0,0,10,0,0,0,0,343,5,4,0,0,0,0,0,0,0,0,0,0,0,0,0,0,0,0,0,0,0,0,0,1,0,0,0
datasets/EvasionSet1/html/ertelecom.ru_adv.html,0,0,0,0,0,0,4,0,0,0,0,0,0,0,0,0,0,0,0,0,0,0,0,0,0,0,0,0,0,0,0,0,0,0,0,0,0,0,0
datasets/EvasionSet1/html/escortbabylon.net_adv.html,1,1,1,6,0,0,13,0,0,0,0,1148,0,0,0,0,0,0,0,0,0,0,0,0,0,0,0,0,0,0,0,0,0,0,0,0,0,0,0
datasets/EvasionSet1/html/eset.com_adv.html,0,0,0,290,0,0,26,2,0,0,0,29896,121,3,0,0,0,14,0,0,0,0,0,0,0,0,0,0,0,69,8,0,0,0,12,14,0,0,1
datasets/EvasionSet1/html/espn.com.ve_adv.html,0,2,10,166,0,0,29,0,0,0,0,5510,2,0,0,2,0,0,0,0,0,0,0,0,0,0,0,0,0,0,0,0,0,0,0,0,0,0,0
datasets/EvasionSet1/html/espn.com_adv.html,0,2,10,183,0,0,31,0,0,0,0,6907,6,0,2,0,0,0,0,0,0,0,0,0,1,0,0,0,0,0,0,0,0,0,0,0,3,0,0
datasets/EvasionSet1/html/eu.com_adv.html,0,2,2,36,0,0,12,1,0,0,0,3969,4,0,0,0,0,0,0,0,0,0,0,0,0,0,0,0,0,0,0,0,0,0,0,4,0,0,0
datasets/EvasionSet1/html/europa.eu_adv.html,0,0,0,28,0,0,11,0,0,0,0,392,0,0,0,0,0,0,0,0,0,0,0,0,0,0,0,0,0,0,0,0,0,0,0,0,0,0,0
datasets/EvasionSet1/html/eventbrite.com_adv.html,1,3,15,176,0,0,17,0,0,0,0,3293,11,0,2,0,0,0,0,0,0,0,0,0,0,0,0,0,0,0,1,0,0,0,0,8,0,0,0
datasets/EvasionSet1/html/evernote.com_adv.html,0,0,3,126,0,0,59,0,0,0,0,4740,12,1,0,3,0,0,0,0,0,0,0,0,0,0,0,0,0,1,0,0,0,0,4,3,0,0,0
datasets/EvasionSet1/html/evotor.ru_adv.html,5,17,4,339,0,0,31,0,0,2,0,19293,0,0,0,0,0,0,0,0,0,0,0,0,0,0,0,0,0,0,0,0,0,0,0,0,0,0,0
datasets/EvasionSet1/html/example.com_adv.html,0,0,0,1,0,0,1,0,0,0,0,142,0,0,0,0,0,0,0,0,0,0,0,0,0,0,0,0,0,0,0,0,0,0,0,0,0,0,0
datasets/EvasionSet1/html/excite.co.jp_adv.html,1,1,1,77,0,0,9,2,0,0,0,849,0,0,0,0,0,0,0,0,0,0,0,0,0,0,0,0,0,0,0,0,0,0,0,0,0,0,0
datasets/EvasionSet1/html/expo2025.or.jp_adv.html,0,0,0,85,0,0,6,1,0,0,0,1036,0,0,0,0,0,0,0,0,0,0,0,0,0,0,0,0,0,0,0,0,0,0,0,0,0,0,0
datasets/EvasionSet1/html/ezvizlife.com_adv.html,1,3,2,112,0,0,13,0,0,0,0,4391,18,0,0,0,0,0,0,0,0,0,0,0,1,0,0,0,0,14,0,0,0,0,0,3,0,0,0
datasets/EvasionSet1/html/ezvizru.com_adv.html,0,0,0,0,0,0,4,0,0,0,0,5,0,0,0,0,0,0,0,0,0,0,0,0,0,0,0,0,0,0,0,0,0,0,0,0,0,0,0
datasets/EvasionSet1/html/f5.com_adv.html,0,1,9,269,0,0,22,0,0,0,0,9279,36,1,0,0,0,0,0,0,0,0,0,0,0,0,0,0,0,0,21,0,0,0,0,13,0,1,0
datasets/EvasionSet1/html/fabguys.com_adv.html,2,6,0,42,0,0,2,0,1,0,0,1158,7,3,0,0,0,0,2,0,0,0,0,0,0,0,0,0,0,0,0,0,0,0,0,1,1,0,0
datasets/EvasionSet1/html/fabswingers.com_adv.html,2,6,0,44,0,0,2,0,1,0,0,1282,8,3,0,0,0,0,2,0,0,0,0,0,1,0,0,0,0,0,0,0,0,0,0,1,1,0,0
datasets/EvasionSet1/html/facebook.com_adv.html,1,7,1,42,0,0,20,0,1,0,0,744,5,0,0,2,0,1,0,0,0,0,0,0,0,0,0,0,0,0,0,0,0,0,0,2,0,0,0
datasets/EvasionSet1/html/fandom.com_adv.html,5,10,8,106,0,0,15,1,0,1,0,4858,5,0,0,0,0,0,0,0,0,0,0,0,0,2,0,0,0,0,0,0,0,0,0,2,1,0,0
datasets/EvasionSet1/html/fanmtl.com_adv.html,0,0,3,110,0,0,8,0,0,0,0,7915,52,0,0,0,0,0,0,0,0,0,0,0,51,0,0,0,0,0,0,0,0,0,0,1,0,0,0
datasets/EvasionSet1/html/fao.org_adv.html,0,6,11,81,0,0,29,5,0,0,0,13012,20,0,0,0,0,0,0,0,0,0,0,0,1,0,0,0,0,0,17,0,0,0,0,1,1,0,0
datasets/EvasionSet1/html/fapello.com_adv.html,1,1,12,150,0,0,14,2,0,0,0,1267,2,0,1,0,0,0,0,0,0,0,0,0,0,0,0,0,0,0,0,0,0,0,0,1,0,0,0
datasets/EvasionSet1/html/faphouse.com_adv.html,4,8,23,913,0,0,12,1,0,0,0,15141,8,2,0,2,0,1,0,1,0,0,0,0,0,1,0,0,0,1,0,0,0,0,0,0,0,0,0
datasets/EvasionSet1/html/faphouse1.com_adv.html,4,8,23,913,0,0,12,1,0,0,0,15155,8,2,0,2,0,1,0,1,0,0,0,0,0,1,0,0,0,1,0,0,0,0,0,0,0,0,0
datasets/EvasionSet1/html/faphouse2.com_adv.html,4,8,23,913,0,0,12,1,0,0,0,15265,8,2,0,2,0,1,0,1,0,0,0,0,0,1,0,0,0,1,0,0,0,0,0,0,0,0,0
datasets/EvasionSet1/html/fast.com_adv.html,0,7,1,38,0,0,2,0,0,0,0,2885,5,0,0,1,2,0,0,0,0,0,0,0,0,0,0,0,1,0,0,0,0,0,0,1,0,0,0
datasets/EvasionSet1/html/fastdl.app_adv.html,1,1,4,46,0,0,9,0,0,0,0,6001,11,1,1,0,0,0,0,0,0,0,0,0,0,0,0,0,0,0,1,0,0,3,0,3,2,0,0
datasets/EvasionSet1/html/fastly.net_adv.html,0,0,29,74,0,0,17,1,0,0,0,7095,8,0,1,0,0,0,0,0,0,0,0,0,1,0,0,0,0,0,4,0,0,0,0,1,1,0,0
datasets/EvasionSet1/html/fatalmodel.com_adv.html,0,2,14,30,0,0,7,0,0,0,0,3533,8,2,0,0,0,0,0,0,0,0,0,0,0,0,0,0,0,0,3,0,0,0,1,2,0,0,0
datasets/EvasionSet1/html/fc2.com_adv.html,0,0,0,32,0,0,12,2,0,0,0,1413,4,0,0,1,0,0,0,0,0,0,0,0,0,0,0,0,0,0,0,0,0,0,0,3,0,0,0
datasets/EvasionSet1/html/fda.gov_adv.html,1,1,4,115,0,0,11,1,0,0,0,4772,3,0,0,0,0,0,0,0,0,0,0,0,0,0,0,0,0,0,0,0,0,0,0,3,0,0,0
datasets/EvasionSet1/html/fedex.com_adv.html,0,0,0,0,0,0,1,0,0,0,0,328,0,0,0,0,0,0,0,0,0,0,0,0,0,0,0,0,0,0,0,0,0,0,0,0,0,0,0
datasets/EvasionSet1/html/fedoraproject.org_adv.html,0,67,1,351,0,0,4,0,0,0,0,19366,23,0,0,0,0,0,0,0,0,0,0,0,2,0,0,0,0,0,6,0,0,2,0,6,7,0,0
datasets/EvasionSet1/html/figma.com_adv.html,0,0,25,205,0,0,127,0,0,0,0,6396,8,0,3,0,0,0,0,0,0,0,0,0,1,0,0,0,0,0,0,0,0,0,0,4,0,0,0
datasets/EvasionSet1/html/filmweb.pl_adv.html,1,1,6,891,0,0,71,0,0,0,0,22539,0,0,0,0,0,0,0,0,0,0,0,0,0,0,0,0,0,0,0,0,0,0,0,0,0,0,0
datasets/EvasionSet1/html/finn.no_adv.html,1,1,2,48,0,0,36,1,0,0,0,64,0,0,0,0,0,0,0,0,0,0,0,0,0,0,0,0,0,0,0,0,0,0,0,0,0,0,0
datasets/EvasionSet1/html/firebaseio.com_adv.html,1,8,4,1,0,0,24,0,1,1,0,280,6,3,0,0,0,0,0,0,0,0,0,0,0,0,0,0,0,0,0,0,0,0,0,3,0,0,0
datasets/EvasionSet1/html/firefox.com_adv.html,1,3,7,107,0,0,13,0,0,0,0,9262,8,0,0,1,1,2,0,0,0,0,0,0,0,0,0,0,0,2,0,0,0,0,0,2,0,0,0
datasets/EvasionSet1/html/flashscore.com_adv.html,0,0,0,398,0,0,69,1,0,0,0,6986,1,0,0,0,0,0,0,0,0,0,0,0,0,0,0,0,0,0,0,0,0,0,0,1,0,0,0
datasets/EvasionSet1/html/flashscore.fr_adv.html,0,0,0,393,0,0,57,1,0,0,0,6819,1,0,0,0,0,0,0,0,0,0,0,0,0,0,0,0,0,0,0,0,0,0,0,1,0,0,0
datasets/EvasionSet1/html/flashscore.mobi_adv.html,0,0,0,316,0,0,9,0,0,0,0,11013,0,0,0,0,0,0,0,0,0,0,0,0,0,0,0,0,0,0,0,0,0,0,0,0,0,0,0
datasets/EvasionSet1/html/flashtalking.com_adv.html,2,4,1,274,0,0,29,2,0,0,0,6046,9,0,2,0,0,0,0,0,0,0,0,0,0,0,0,0,0,0,0,0,0,0,0,7,0,0,0
datasets/EvasionSet1/html/flickr.com_adv.html,4,11,0,62,0,0,13,1,0,1,0,2789,4,1,1,0,0,0,0,0,0,0,0,0,0,0,0,0,0,0,0,0,0,1,0,0,1,0,0
datasets/EvasionSet1/html/flipkart.com_adv.html,1,6,4,427,0,0,22,0,0,0,0,20625,20,2,0,0,0,0,0,4,0,0,0,0,0,0,0,0,0,0,2,0,0,1,0,1,1,9,0
datasets/EvasionSet1/html/fmkorea.com_adv.html,5,18,14,286,0,0,52,0,1,0,0,2915,0,0,0,0,0,0,0,0,0,0,0,0,0,0,0,0,0,0,0,0,0,0,0,0,0,0,0
datasets/EvasionSet1/html/focus.de_adv.html,0,0,67,554,0,0,24,0,0,0,0,47159,11,3,0,0,0,0,0,0,0,0,0,0,0,0,0,0,0,0,0,0,0,0,0,0,0,8,0
datasets/EvasionSet1/html/fontawesome.com_adv.html,0,0,0,0,0,0,12,0,0,0,0,12,0,0,0,0,0,0,0,0,0,0,0,0,0,0,0,0,0,0,0,0,0,0,0,0,0,0,0
datasets/EvasionSet1/html/forbes.com_adv.html,1,1,21,809,0,0,28,0,0,0,0,18829,19,0,0,0,0,0,1,0,0,0,0,0,1,0,0,0,0,0,7,0,0,0,0,2,4,4,0
datasets/EvasionSet1/html/force.com_adv.html,0,0,68,549,0,0,29,0,0,0,0,4730,4,0,0,0,0,0,0,0,0,0,0,0,0,0,0,0,0,0,4,0,0,0,0,0,0,0,0
datasets/EvasionSet1/html/forebet.com_adv.html,1,2,0,1199,0,0,18,1,0,0,0,21407,3,0,0,0,0,0,0,1,0,0,0,0,0,0,0,0,0,0,0,0,0,0,0,1,0,1,0
datasets/EvasionSet1/html/forter.com_adv.html,0,0,1,112,0,0,37,0,0,0,0,4336,17,0,2,0,0,0,0,0,0,0,0,0,2,0,0,0,0,0,2,0,0,0,0,5,6,0,0
datasets/EvasionSet1/html/fortune.com_adv.html,0,1,15,546,0,0,17,1,0,0,0,17866,13,0,0,0,0,0,0,0,0,0,0,0,0,0,0,0,0,0,3,0,0,0,0,0,1,9,0
datasets/EvasionSet1/html/foxnews.com_adv.html,1,2,21,910,0,0,89,0,0,0,0,24499,20,1,1,0,0,0,0,0,0,0,0,0,5,2,0,0,0,0,4,0,0,2,0,4,0,1,0
datasets/EvasionSet1/html/franceinfo.fr_adv.html,3,8,120,687,0,0,78,1,0,2,0,43311,4,0,0,0,0,0,0,1,0,0,0,0,0,0,0,0,0,0,0,0,0,0,0,3,0,0,0
datasets/EvasionSet1/html/free.fr_adv.html,0,0,6,114,0,0,19,0,0,0,0,14950,9,0,0,0,0,0,0,0,0,0,0,0,0,1,0,0,0,0,0,0,0,0,1,7,0,0,0
datasets/EvasionSet1/html/freefiremobile.com_adv.html,0,0,4,46,0,0,13,0,0,0,0,2951,0,0,0,0,0,0,0,0,0,0,0,0,0,0,0,0,0,0,0,0,0,0,0,0,0,0,0
datasets/EvasionSet1/html/freejobalert.com_adv.html,0,0,6,344,0,0,6,0,0,0,0,10719,10,0,0,0,0,0,0,0,0,0,0,0,2,0,0,0,0,0,1,0,0,1,0,1,1,4,0
datasets/EvasionSet1/html/frontiersin.org_adv.html,1,5,23,108,0,0,10,1,0,0,0,8527,5,0,0,0,0,0,0,0,0,0,0,0,1,0,0,0,0,0,0,0,0,0,0,4,0,0,0
datasets/EvasionSet1/html/fsiblog5.com_adv.html,2,2,2,323,0,0,35,4,0,0,0,8853,8,0,0,0,0,0,0,0,0,0,0,0,2,0,0,0,0,0,0,0,0,0,0,6,0,0,0
datasets/EvasionSet1/html/ft.com_adv.html,3,3,15,539,0,0,16,1,0,0,0,16134,15,0,0,0,0,0,0,0,0,0,0,0,2,0,0,0,0,0,2,0,0,0,0,1,0,10,0
datasets/EvasionSet1/html/ftc.gov_adv.html,4,12,17,272,0,0,59,1,0,0,0,9568,11,0,0,0,0,0,0,0,0,0,0,0,4,0,0,0,0,0,3,0,0,0,0,4,0,0,0
datasets/EvasionSet1/html/funpay.com_adv.html,1,1,21,4237,0,0,7,0,0,0,0,41364,679,0,1,0,0,0,0,2,0,0,0,0,0,0,0,0,0,0,0,0,0,0,0,2,674,0,0
datasets/EvasionSet1/html/fuq.com_adv.html,4,5,55,989,0,0,5,0,0,0,0,23382,5,0,0,2,2,0,0,0,0,0,0,0,0,0,0,0,0,0,0,0,0,0,0,1,0,0,0
datasets/EvasionSet1/html/furaffinity.net_adv.html,1,3,1,404,0,0,25,0,0,0,0,5645,14,0,5,0,0,0,0,0,0,0,0,0,2,0,0,0,0,0,0,0,0,0,0,2,5,0,0
datasets/EvasionSet1/html/fwmrm.net_adv.html,1,1,6,63,0,0,23,1,0,0,0,2950,10,0,7,0,0,0,0,0,0,0,0,0,0,0,0,0,0,0,0,0,0,0,0,3,0,0,0
datasets/EvasionSet1/html/g.co_adv.html,0,0,0,3,0,0,4,0,0,0,0,308,0,0,0,0,0,0,0,0,0,0,0,0,0,0,0,0,0,0,0,0,0,0,0,0,0,0,0
datasets/EvasionSet1/html/g.page_adv.html,0,0,28,146,0,0,13,0,0,0,0,13409,38,5,0,0,0,0,0,0,0,0,0,1,0,0,0,0,1,0,0,0,0,0,0,31,0,0,0
datasets/EvasionSet1/html/game8.jp_adv.html,0,0,0,335,0,0,20,1,0,0,0,4602,0,0,0,0,0,0,0,0,0,0,0,0,0,0,0,0,0,0,0,0,0,0,0,0,0,0,0
datasets/EvasionSet1/html/gamepass.com_adv.html,1,6,46,204,0,0,38,1,0,0,0,16183,15,0,0,1,0,0,0,0,0,0,2,0,0,0,0,0,0,3,0,0,0,0,0,8,1,0,0
datasets/EvasionSet1/html/gamewith.jp_adv.html,1,3,1,1180,0,0,25,1,0,0,0,44550,2,1,0,0,0,0,0,1,0,0,0,0,0,0,0,0,0,0,0,0,0,0,0,0,0,0,0
datasets/EvasionSet1/html/ganamos.io_adv.html,0,0,0,0,0,0,16,0,0,0,0,54,0,0,0,0,0,0,0,0,0,0,0,0,0,0,0,0,0,0,0,0,0,0,0,0,0,0,0
datasets/EvasionSet1/html/gandi.net_adv.html,2,2,10,148,0,0,9,0,0,1,0,15453,28,0,2,0,0,0,0,0,0,0,0,0,1,2,0,0,0,0,4,0,0,2,0,12,5,0,0
datasets/EvasionSet1/html/garmin.com_adv.html,0,0,5,14,0,0,55,0,0,0,0,551,2,0,0,1,0,0,0,0,0,0,1,0,0,0,0,0,0,0,0,0,0,0,0,0,0,0,0
datasets/EvasionSet1/html/gazzetta.it_adv.html,4,10,14,619,0,0,39,1,1,0,0,24997,5,1,0,0,0,0,3,0,0,0,0,0,0,0,0,0,0,0,0,0,0,0,0,0,1,0,0
datasets/EvasionSet1/html/gcash.com_adv.html,0,0,0,179,0,0,44,2,0,0,0,4912,3,0,0,0,0,0,0,0,0,0,0,0,0,0,0,0,0,0,1,0,0,0,0,0,0,2,0
datasets/EvasionSet1/html/gdemoideti.ru_adv.html,1,1,7,59,0,0,7,0,0,1,0,3945,0,0,0,0,0,0,0,0,0,0,0,0,0,0,0,0,0,0,0,0,0,0,0,0,0,0,0
datasets/EvasionSet1/html/gekso.xyz_adv.html,1,2,0,85,0,0,5,0,0,0,0,4315,0,0,0,0,0,0,0,0,0,0,0,0,0,0,0,0,0,0,0,0,0,0,0,0,0,0,0
datasets/EvasionSet1/html/gelbooru.com_adv.html,1,2,0,12,0,0,7,0,0,0,0,508,1,0,0,0,0,0,0,0,0,0,0,0,0,0,0,0,0,0,0,0,0,0,0,0,1,0,0
datasets/EvasionSet1/html/genius.com_adv.html,1,1,0,110,0,0,22,0,0,0,0,3485,2,0,0,0,0,0,0,1,0,0,0,0,0,0,0,0,0,0,0,0,0,0,0,1,0,0,0
datasets/EvasionSet1/html/geny.com_adv.html,2,13,3,88,0,0,40,1,1,0,0,3679,2,0,0,0,0,0,0,0,0,0,0,0,0,0,0,0,0,0,0,0,0,0,0,2,0,0,0
datasets/EvasionSet1/html/geocities.com_adv.html,1,5,3,25,0,0,11,0,0,0,0,445,0,0,0,0,0,0,0,0,0,0,0,0,0,0,0,0,0,0,0,0,0,0,0,0,0,0,0
datasets/EvasionSet1/html/getbootstrap.com_adv.html,0,0,29,86,0,0,8,0,0,0,0,10138,8,0,0,0,0,0,0,0,0,0,0,0,2,0,0,0,0,0,1,0,0,0,0,5,0,0,0
datasets/EvasionSet1/html/girlschannel.net_adv.html,1,3,0,399,0,0,9,0,0,0,0,14137,0,0,0,0,0,0,0,0,0,0,0,0,0,0,0,0,0,0,0,0,0,0,0,0,0,0,0
datasets/EvasionSet1/html/gismeteo.ru_adv.html,0,1,4,99,0,0,29,0,0,0,0,3688,0,0,0,0,0,0,0,0,0,0,0,0,0,0,0,0,0,0,0,0,0,0,0,0,0,0,0
datasets/EvasionSet1/html/github.com_adv.html,5,13,47,144,0,0,65,0,0,2,0,9394,21,0,1,2,0,0,0,0,0,0,0,0,0,0,0,0,0,8,5,0,0,0,0,4,1,0,0
datasets/EvasionSet1/html/github.io_adv.html,0,0,0,37,0,0,5,0,0,0,0,3976,11,0,0,0,0,0,0,0,0,0,0,0,0,0,0,0,0,0,1,0,0,8,0,1,1,0,0
datasets/EvasionSet1/html/gitlab.com_adv.html,2,7,23,177,0,0,16,0,0,0,0,4492,14,1,0,0,0,0,0,0,0,0,0,0,0,0,0,0,0,0,9,0,0,0,0,4,0,0,0
datasets/EvasionSet1/html/globalsign.com_adv.html,1,2,12,216,0,0,33,1,0,0,0,12523,33,3,1,0,0,0,0,0,0,0,0,0,1,1,0,0,0,0,11,0,0,4,0,7,5,0,0
datasets/EvasionSet1/html/globenewswire.com_adv.html,0,0,2,24,0,0,18,1,0,0,0,5176,8,0,0,0,0,0,0,0,0,0,0,0,2,0,0,0,0,0,0,0,0,0,0,3,3,0,0
datasets/EvasionSet1/html/globo.com_adv.html,1,0,4,382,0,0,37,1,0,0,0,8198,3,0,0,0,0,0,0,1,0,0,0,0,0,0,0,0,0,0,0,0,0,0,0,2,0,0,0
datasets/EvasionSet1/html/gmail.com_adv.html,1,8,4,1,0,0,24,0,1,1,0,245,3,2,0,0,0,0,0,0,0,0,0,0,0,0,0,0,0,0,0,0,0,0,0,1,0,0,0
datasets/EvasionSet1/html/gnu.org_adv.html,1,6,0,119,0,0,2,0,0,0,0,7882,1,0,0,0,0,0,0,0,0,0,0,0,0,0,0,0,0,0,0,0,0,0,0,1,0,0,0
datasets/EvasionSet1/html/go.com_adv.html,0,0,4,102,0,0,20,0,0,0,0,9278,6,0,0,0,0,0,0,2,0,0,0,0,1,0,0,0,0,0,0,0,0,0,0,1,0,2,0
datasets/EvasionSet1/html/goal.com_adv.html,0,0,54,300,0,0,192,0,0,0,0,15437,5,0,0,0,0,0,0,0,0,0,0,0,0,1,0,0,0,0,0,0,0,0,0,3,0,0,1
datasets/EvasionSet1/html/gofundme.com_adv.html,0,0,14,83,0,0,29,0,0,0,0,3858,6,0,0,1,0,0,0,0,0,0,0,0,0,0,0,0,0,2,0,0,0,0,0,3,0,0,0
datasets/EvasionSet1/html/goodreads.com_adv.html,1,2,0,134,0,0,19,0,0,0,0,4642,2,0,0,0,0,0,0,0,0,0,0,0,0,0,0,0,0,0,0,0,0,0,0,0,2,0,0
datasets/EvasionSet1/html/google-analytics.com_adv.html,0,0,11,65,0,0,11,1,0,0,0,4889,2,2,0,0,0,0,0,0,0,0,0,0,0,0,0,0,0,0,0,0,0,0,0,0,0,0,0
datasets/EvasionSet1/html/google.ca_adv.html,1,8,1,15,0,0,15,0,0,0,0,348,1,1,0,0,0,0,0,0,0,0,0,0,0,0,0,0,0,0,0,0,0,0,0,0,0,0,0
datasets/EvasionSet1/html/google.cn_adv.html,0,0,0,2,0,0,1,0,0,0,0,72,0,0,0,0,0,0,0,0,0,0,0,0,0,0,0,0,0,0,0,0,0,0,0,0,0,0,0
datasets/EvasionSet1/html/google.co.id_adv.html,1,8,1,15,0,0,14,0,0,0,0,348,1,1,0,0,0,0,0,0,0,0,0,0,0,0,0,0,0,0,0,0,0,0,0,0,0,0,0
datasets/EvasionSet1/html/google.co.jp_adv.html,1,8,1,15,0,0,14,0,0,0,0,348,1,1,0,0,0,0,0,0,0,0,0,0,0,0,0,0,0,0,0,0,0,0,0,0,0,0,0
datasets/EvasionSet1/html/google.co.uk_adv.html,1,8,1,15,0,0,15,0,0,0,0,348,1,1,0,0,0,0,0,0,0,0,0,0,0,0,0,0,0,0,0,0,0,0,0,0,0,0,0
datasets/EvasionSet1/html/google.com.au_adv.html,1,8,1,15,0,0,14,0,0,0,0,348,1,1,0,0,0,0,0,0,0,0,0,0,0,0,0,0,0,0,0,0,0,0,0,0,0,0,0
datasets/EvasionSet1/html/google.com.br_adv.html,1,8,1,15,0,0,15,0,0,0,0,348,1,1,0,0,0,0,0,0,0,0,0,0,0,0,0,0,0,0,0,0,0,0,0,0,0,0,0
datasets/EvasionSet1/html/google.com.hk_adv.html,1,8,1,15,0,0,14,0,0,0,0,348,1,1,0,0,0,0,0,0,0,0,0,0,0,0,0,0,0,0,0,0,0,0,0,0,0,0,0
datasets/EvasionSet1/html/google.com_adv.html,1,9,0,29,0,0,14,0,0,0,0,326,2,1,0,0,0,0,0,0,0,0,0,0,0,0,0,0,0,0,0,0,0,0,0,0,1,0,0
datasets/EvasionSet1/html/google.de_adv.html,1,8,1,15,0,0,14,0,0,0,0,348,1,1,0,0,0,0,0,0,0,0,0,0,0,0,0,0,0,0,0,0,0,0,0,0,0,0,0
datasets/EvasionSet1/html/google.fr_adv.html,1,8,1,15,0,0,14,0,0,0,0,348,1,1,0,0,0,0,0,0,0,0,0,0,0,0,0,0,0,0,0,0,0,0,0,0,0,0,0
datasets/EvasionSet1/html/google.it_adv.html,1,8,1,15,0,0,14,0,0,0,0,348,1,1,0,0,0,0,0,0,0,0,0,0,0,0,0,0,0,0,0,0,0,0,0,0,0,0,0
datasets/EvasionSet1/html/google.nl_adv.html,1,8,1,15,0,0,14,0,0,0,0,348,1,1,0,0,0,0,0,0,0,0,0,0,0,0,0,0,0,0,0,0,0,0,0,0,0,0,0
datasets/EvasionSet1/html/google.ru_adv.html,1,8,1,15,0,0,14,0,0,0,0,348,1,1,0,0,0,0,0,0,0,0,0,0,0,0,0,0,0,0,0,0,0,0,0,0,0,0,0
datasets/EvasionSet1/html/googleblog.com_adv.html,1,2,45,236,0,0,13,1,0,0,0,6615,21,0,0,0,0,0,0,12,0,0,0,0,4,1,0,0,0,0,4,0,0,0,0,0,0,0,0
datasets/EvasionSet1/html/googledomains.com_adv.html,0,0,0,6,0,0,1,0,0,0,0,598,3,0,0,0,0,0,0,0,0,0,0,0,0,0,0,0,0,0,0,0,0,0,0,2,1,0,0
datasets/EvasionSet1/html/googlesyndication.com_adv.html,1,8,1,15,0,0,14,0,0,0,0,348,1,1,0,0,0,0,0,0,0,0,0,0,0,0,0,0,0,0,0,0,0,0,0,0,0,0,0
datasets/EvasionSet1/html/googlevideo.com_adv.html,1,9,0,12,0,0,9,0,0,0,0,293,1,1,0,0,0,0,0,0,0,0,0,0,0,0,0,0,0,0,0,0,0,0,0,0,0,0,0
datasets/EvasionSet1/html/gosuslugi.ru_adv.html,0,0,0,0,0,0,2,0,0,0,0,248,0,0,0,0,0,0,0,0,0,0,0,0,0,0,0,0,0,0,0,0,0,0,0,0,0,0,0
datasets/EvasionSet1/html/grammarly.com_adv.html,0,1,30,186,0,0,20,1,0,0,0,7998,19,0,3,0,0,0,0,0,0,0,0,0,0,0,0,0,0,0,5,0,0,1,0,8,2,0,0
datasets/EvasionSet1/html/gravatar.com_adv.html,0,2,3,39,0,0,11,0,0,0,0,4174,5,0,0,0,0,0,0,0,0,0,0,0,4,0,0,0,0,0,0,0,0,0,0,0,1,0,0
datasets/EvasionSet1/html/gsmarena.com_adv.html,2,6,1,197,0,0,18,0,1,1,0,5965,7,1,1,0,0,0,1,1,0,0,0,0,0,1,0,0,0,0,0,0,0,0,0,2,0,0,0
datasets/EvasionSet1/html/gumgum.com_adv.html,2,25,1,124,0,0,35,2,0,2,0,11327,8,2,1,0,0,0,0,0,0,0,0,0,0,0,0,0,0,0,2,0,0,0,0,2,0,1,0
datasets/EvasionSet1/html/haberler.com_adv.html,2,11,15,466,0,0,48,1,0,0,0,15771,1,0,0,0,0,0,0,0,0,0,0,0,0,0,0,0,0,0,0,0,0,0,0,0,0,1,0
datasets/EvasionSet1/html/hamsterix.today_adv.html,2,5,6,395,0,0,20,1,1,0,0,8893,5,0,0,2,0,0,0,0,0,0,0,0,0,0,0,0,0,0,0,0,0,0,1,2,0,0,0
datasets/EvasionSet1/html/harvard.edu_adv.html,0,0,37,172,0,0,19,1,0,0,0,11058,4,0,0,0,0,0,0,0,0,0,0,0,0,0,0,0,0,0,2,0,0,1,0,1,0,0,0
datasets/EvasionSet1/html/hath.network_adv.html,0,0,0,1,0,0,1,0,0,0,0,110,0,0,0,0,0,0,0,0,0,0,0,0,0,0,0,0,0,0,0,0,0,0,0,0,0,0,0
datasets/EvasionSet1/html/hbr.org_adv.html,1,1,18,250,0,0,20,0,0,0,0,7068,14,0,0,0,0,0,0,0,0,0,0,0,1,0,0,0,0,0,0,0,0,0,0,4,9,0,0
datasets/EvasionSet1/html/hdhub4u.build_adv.html,0,0,0,3,0,0,10,1,0,0,0,11233,6,0,0,0,0,0,0,0,0,0,0,0,2,0,0,0,0,0,0,0,0,1,0,0,3,0,0
datasets/EvasionSet1/html/hdhub4u.gs_adv.html,0,0,0,3,0,0,10,1,0,0,0,11233,6,0,0,0,0,0,0,0,0,0,0,0,2,0,0,0,0,0,0,0,0,1,0,0,3,0,0
datasets/EvasionSet1/html/hdtube.porn_adv.html,1,1,4,258,0,0,12,1,0,0,0,6428,3,1,0,0,0,0,0,0,0,0,0,0,1,0,0,1,0,0,0,0,0,0,0,0,0,0,0
datasets/EvasionSet1/html/he.net_adv.html,0,0,0,33,0,0,6,0,0,0,0,1016,2,1,0,0,0,0,0,0,0,0,0,0,0,0,0,0,0,0,0,0,0,0,0,1,0,0,0
datasets/EvasionSet1/html/healthline.com_adv.html,0,0,8,168,0,0,27,1,0,0,0,4462,1,0,0,0,0,0,0,0,0,0,0,0,0,0,0,0,0,0,0,0,0,0,0,1,0,0,0
datasets/EvasionSet1/html/here.com_adv.html,3,3,32,120,0,0,61,2,0,0,0,3366,5,0,0,0,0,0,0,0,0,0,0,0,0,0,0,0,0,0,1,0,0,0,0,4,0,0,0
datasets/EvasionSet1/html/heytapmobi.com_adv.html,0,0,0,4,0,0,2,0,0,0,0,1081,0,0,0,0,0,0,0,0,0,0,0,0,0,0,0,0,0,0,0,0,0,0,0,0,0,0,0
datasets/EvasionSet1/html/hh.ru_adv.html,3,13,19,156,0,0,38,0,0,0,0,7661,0,0,0,0,0,0,0,0,0,0,0,0,0,0,0,0,0,0,0,0,0,0,0,0,0,0,0
datasets/EvasionSet1/html/hichina.com_adv.html,0,0,0,17,0,0,15,0,0,0,0,983,0,0,0,0,0,0,0,0,0,0,0,0,0,0,0,0,0,0,0,0,0,0,0,0,0,0,0
datasets/EvasionSet1/html/hicloud.com_adv.html,0,16,0,11,0,0,10,2,0,0,0,1515,1,0,0,0,0,0,0,0,0,0,0,0,0,0,0,0,0,1,0,0,0,0,0,0,0,0,0
datasets/EvasionSet1/html/hihonorcloud.com_adv.html,0,0,0,0,0,0,6,0,0,0,0,0,0,0,0,0,0,0,0,0,0,0,0,0,0,0,0,0,0,0,0,0,0,0,0,0,0,0,0
datasets/EvasionSet1/html/hindustantimes.com_adv.html,0,2,7,750,0,0,56,1,0,0,0,15544,34,0,0,0,0,0,0,0,0,0,0,0,26,0,0,0,0,0,0,0,0,1,0,2,3,2,0
datasets/EvasionSet1/html/hitomi.la_adv.html,0,1,1,8,0,0,24,0,0,0,0,221,0,0,0,0,0,0,0,0,0,0,0,0,0,0,0,0,0,0,0,0,0,0,0,0,0,0,0
datasets/EvasionSet1/html/hochi.news_adv.html,1,1,19,363,0,0,48,1,0,0,0,14281,0,0,0,0,0,0,0,0,0,0,0,0,0,0,0,0,0,0,0,0,0,0,0,0,0,0,0
datasets/EvasionSet1/html/hostgator.com.br_adv.html,1,1,67,64,0,0,48,0,0,0,0,1994,0,0,0,0,0,0,0,0,0,0,0,0,0,0,0,0,0,0,0,0,0,0,0,0,0,0,0
datasets/EvasionSet1/html/hotjar.com_adv.html,1,2,10,59,0,0,32,1,0,1,0,2612,3,0,0,1,0,0,0,0,0,0,1,0,0,0,0,0,0,1,0,0,0,0,0,0,0,0,0
datasets/EvasionSet1/html/hotpepper.jp_adv.html,0,80,0,371,0,0,11,0,0,0,0,4764,0,0,0,0,0,0,0,0,0,0,0,0,0,0,0,0,0,0,0,0,0,0,0,0,0,0,0
datasets/EvasionSet1/html/hp.com_adv.html,0,3,1,406,0,0,16,2,0,0,0,8764,12,0,0,0,0,0,0,0,0,0,0,0,0,0,0,0,3,2,2,0,0,1,0,4,0,0,0
datasets/EvasionSet1/html/hqporner.com_adv.html,1,1,0,265,0,0,73,0,0,0,0,4789,2,0,0,0,0,0,0,0,0,0,0,0,0,0,0,0,0,0,0,0,0,1,0,1,0,0,0
datasets/EvasionSet1/html/huawei.com_adv.html,0,15,1,234,0,0,23,0,0,0,0,4960,6,0,0,0,0,0,0,0,0,0,0,0,2,0,0,0,0,0,1,0,0,0,0,3,0,0,0
datasets/EvasionSet1/html/hubspot.com_adv.html,0,2,38,236,0,0,48,0,0,0,0,13901,18,0,2,0,0,0,0,0,0,0,0,0,7,0,0,0,0,0,1,0,0,1,0,7,0,0,0
datasets/EvasionSet1/html/huffingtonpost.com_adv.html,1,2,7,292,0,0,55,0,0,1,0,10867,4,0,1,0,0,0,0,0,0,0,0,0,1,0,0,0,0,0,0,0,0,1,0,1,0,0,0
datasets/EvasionSet1/html/huffpost.com_adv.html,1,2,7,292,0,0,55,0,0,1,0,10867,4,0,1,0,0,0,0,0,0,0,0,0,1,0,0,0,0,0,0,0,0,1,0,1,0,0,0
datasets/EvasionSet1/html/hulu.com_adv.html,0,0,33,97,0,0,17,0,0,0,0,19856,9,0,1,0,0,0,0,4,0,0,0,0,0,0,0,0,0,0,0,0,0,2,0,0,2,0,0
datasets/EvasionSet1/html/humoruniv.com_adv.html,3,6,0,281,0,0,15,3,0,0,0,6992,0,0,0,0,0,0,0,0,0,0,0,0,0,0,0,0,0,0,0,0,0,0,0,0,0,0,0
datasets/EvasionSet1/html/iana.org_adv.html,0,0,0,34,0,0,4,0,0,0,0,1316,1,0,0,0,0,0,0,0,0,0,0,0,0,0,0,0,0,0,0,0,0,0,0,1,0,0,0
datasets/EvasionSet1/html/ibm.com_adv.html,0,7,0,39,0,0,60,1,0,0,0,3972,5,0,0,0,0,0,0,0,0,0,0,0,0,0,0,0,0,3,0,0,0,0,0,0,0,0,2
datasets/EvasionSet1/html/icloud-content.com_adv.html,1,15,5,113,0,0,21,0,0,0,0,4136,11,0,0,0,0,0,0,0,0,0,0,0,0,0,0,0,0,0,5,0,0,0,0,4,2,0,0
datasets/EvasionSet1/html/icloud.com_adv.html,0,0,0,0,0,0,9,0,0,0,0,9,0,0,0,0,0,0,0,0,0,0,0,0,0,0,0,0,0,0,0,0,0,0,0,0,0,0,0
datasets/EvasionSet1/html/id5-sync.com_adv.html,0,0,0,0,0,0,1,0,0,0,0,12,0,0,0,0,0,0,0,0,0,0,0,0,0,0,0,0,0,0,0,0,0,0,0,0,0,0,0
datasets/EvasionSet1/html/idnes.cz_adv.html,2,4,0,501,0,0,41,1,0,0,0,18407,0,0,0,0,0,0,0,0,0,0,0,0,0,0,0,0,0,0,0,0,0,0,0,0,0,0,0
datasets/EvasionSet1/html/ieee.org_adv.html,1,1,26,179,0,0,18,1,0,0,0,11969,7,0,0,0,0,0,0,0,0,0,0,0,0,0,0,0,0,0,3,0,0,0,0,2,2,0,0
datasets/EvasionSet1/html/ietf.org_adv.html,3,6,11,165,0,0,7,0,0,0,0,6668,5,0,0,0,0,0,0,0,0,0,0,0,0,0,0,0,0,0,3,0,0,0,0,2,0,0,0
datasets/EvasionSet1/html/ign.com_adv.html,1,2,4,434,0,0,38,0,0,0,0,17927,8,2,0,1,1,1,0,0,0,0,0,0,0,1,0,0,0,1,0,0,0,0,0,0,0,0,1
datasets/EvasionSet1/html/ijavhd.com_adv.html,1,1,0,172,0,0,7,0,0,0,0,5491,1,0,0,0,0,0,0,0,0,0,0,0,0,0,0,0,0,0,0,0,0,0,0,1,0,0,0
datasets/EvasionSet1/html/ikea.com_adv.html,0,0,8,162,0,0,13,0,0,0,0,5292,1,0,0,0,0,0,0,0,0,0,0,0,0,0,0,0,0,0,0,0,0,0,0,1,0,0,0
datasets/EvasionSet1/html/ilmeteo.it_adv.html,3,5,8,302,0,0,41,1,0,0,0,9704,5,0,0,0,0,0,0,0,0,0,0,0,0,0,0,0,0,0,0,0,0,0,0,5,0,0,0
datasets/EvasionSet1/html/ilovepdf.com_adv.html,0,0,0,175,0,0,9,0,0,0,0,6092,15,2,0,0,0,0,2,0,0,0,0,0,0,0,0,0,0,0,6,0,0,2,0,3,0,0,0
datasets/EvasionSet1/html/iltalehti.fi_adv.html,0,0,7,78,0,0,13,0,0,0,0,3819,1,0,0,0,0,0,0,1,0,0,0,0,0,0,0,0,0,0,0,0,0,0,0,0,0,0,0
datasets/EvasionSet1/html/imagefap.com_adv.html,2,11,0,412,0,0,19,0,0,0,0,16311,5,0,0,0,0,0,0,0,0,0,0,0,4,0,0,0,0,0,0,0,0,0,0,1,0,0,0
datasets/EvasionSet1/html/imdb.com_adv.html,2,13,2,124,0,0,182,0,0,0,0,4720,3,3,0,0,0,0,0,0,0,0,0,0,0,0,0,0,0,0,0,0,0,0,0,0,0,0,0
datasets/EvasionSet1/html/imgsmail.ru_adv.html,0,0,0,0,0,0,3,0,0,0,0,0,0,0,0,0,0,0,0,0,0,0,0,0,0,0,0,0,0,0,0,0,0,0,0,0,0,0,0
datasets/EvasionSet1/html/imgsrc.ru_adv.html,0,0,0,85,0,0,3,0,0,0,0,1219,1,0,1,0,0,0,0,0,0,0,0,0,0,0,0,0,0,0,0,0,0,0,0,0,0,0,0
datasets/EvasionSet1/html/imgur.com_adv.html,0,0,0,0,0,0,16,1,0,0,0,158,0,0,0,0,0,0,0,0,0,0,0,0,0,0,0,0,0,0,0,0,0,0,0,0,0,0,0
datasets/EvasionSet1/html/imhentai.xxx_adv.html,2,39,2,139,0,0,31,0,0,0,0,2154,4,2,0,0,0,0,0,0,0,0,0,0,1,0,0,0,0,0,0,0,0,0,0,1,0,0,0
datasets/EvasionSet1/html/immunet.com_adv.html,0,0,35,48,0,0,20,0,0,0,0,5618,22,0,2,0,0,0,0,0,0,0,0,0,0,0,0,0,0,0,19,0,0,0,0,1,0,0,0
datasets/EvasionSet1/html/incometax.gov.in_adv.html,2,9,5,312,0,0,161,0,0,0,0,10233,51,2,0,0,0,0,0,0,0,0,0,0,26,0,0,9,0,0,0,0,0,0,0,2,7,5,0
datasets/EvasionSet1/html/independent.co.uk_adv.html,1,2,5,555,0,0,24,1,0,1,0,13862,5,0,1,0,0,0,0,0,0,0,0,0,1,0,0,0,0,0,2,0,0,0,0,1,0,0,0
datasets/EvasionSet1/html/index.hr_adv.html,3,3,3,354,0,0,58,1,0,1,0,17650,2,2,0,0,0,0,0,0,0,0,0,0,0,0,0,0,0,0,0,0,0,0,0,0,0,0,0
datasets/EvasionSet1/html/indexww.com_adv.html,0,0,0,0,0,0,1,0,0,0,0,5,0,0,0,0,0,0,0,0,0,0,0,0,0,0,0,0,0,0,0,0,0,0,0,0,0,0,0
datasets/EvasionSet1/html/india.com_adv.html,1,7,3,179,0,0,51,2,0,0,0,12082,12,1,0,0,0,0,0,0,0,0,0,0,6,0,0,0,0,0,0,0,0,3,0,1,0,1,0
datasets/EvasionSet1/html/indianbfvideos.com_adv.html,1,1,2,132,0,0,15,0,0,0,0,5412,0,0,0,0,0,0,0,0,0,0,0,0,0,0,0,0,0,0,0,0,0,0,0,0,0,0,0
datasets/EvasionSet1/html/indiatimes.com_adv.html,0,0,9,104,0,0,24,0,0,0,0,4451,3,0,0,0,0,0,0,0,0,0,0,0,0,0,0,0,0,0,0,0,0,0,0,2,0,1,0
datasets/EvasionSet1/html/infobae.com_adv.html,0,0,4,151,0,0,31,1,0,0,0,11865,4,0,0,1,0,0,0,0,0,0,0,0,0,2,0,0,0,0,0,0,0,0,0,1,0,0,0
datasets/EvasionSet1/html/inkuai.com_adv.html,0,0,0,4,0,0,1,0,0,0,0,690,0,0,0,0,0,0,0,0,0,0,0,0,0,0,0,0,0,0,0,0,0,0,0,0,0,0,0
datasets/EvasionSet1/html/inmobi.com_adv.html,0,0,0,20,0,0,14,1,0,0,0,871,0,0,0,0,0,0,0,0,0,0,0,0,0,0,0,0,0,0,0,0,0,0,0,0,0,0,0
datasets/EvasionSet1/html/instagram.com_adv.html,0,0,0,0,0,0,73,0,0,0,0,9,0,0,0,0,0,0,0,0,0,0,0,0,0,0,0,0,0,0,0,0,0,0,0,0,0,0,0
datasets/EvasionSet1/html/instructure.com_adv.html,1,2,3,155,0,0,27,2,0,0,0,9816,7,3,0,0,0,0,0,0,0,0,0,0,0,0,0,1,0,0,1,0,0,0,0,1,0,1,0
datasets/EvasionSet1/html/intentiq.com_adv.html,1,13,11,77,0,0,41,0,0,1,0,2958,6,3,0,0,0,0,0,0,0,0,0,0,0,0,0,0,0,0,0,0,0,0,0,3,0,0,0
datasets/EvasionSet1/html/intercom.io_adv.html,0,0,1,13,0,0,28,0,0,0,0,544,3,0,0,0,0,0,0,0,0,0,0,0,0,0,0,0,0,0,1,0,0,0,0,2,0,0,0
datasets/EvasionSet1/html/interia.pl_adv.html,1,1,3,553,0,0,95,1,0,0,0,20716,2,0,0,0,0,0,0,0,0,0,0,0,0,0,0,0,0,0,0,0,0,0,0,0,0,2,0
datasets/EvasionSet1/html/intuit.com_adv.html,1,2,17,135,0,0,65,0,0,0,0,4937,8,0,0,0,0,0,0,0,0,0,0,0,0,0,0,0,0,0,1,0,0,0,0,1,6,0,0
datasets/EvasionSet1/html/investopedia.com_adv.html,2,2,15,237,0,0,9,2,0,0,0,7055,14,2,0,0,0,0,0,0,0,0,0,0,0,0,0,0,0,0,0,0,0,0,0,1,6,5,0
datasets/EvasionSet1/html/ip-api.com_adv.html,1,1,1,19,0,0,3,0,0,0,0,2379,4,0,0,0,0,0,0,0,0,0,0,0,2,0,0,0,0,0,0,0,0,0,0,2,0,0,0
datasets/EvasionSet1/html/ipify.org_adv.html,0,0,0,53,0,0,10,0,0,0,0,10946,1,0,0,0,0,0,0,0,0,0,0,0,0,0,0,0,0,0,0,0,0,0,0,1,0,0,0
datasets/EvasionSet1/html/ipinfo.io_adv.html,1,1,27,133,0,0,15,0,0,0,0,7947,14,1,0,0,0,0,0,0,0,0,0,0,1,0,0,0,0,0,2,0,0,0,0,10,0,0,0
datasets/EvasionSet1/html/iponweb.net_adv.html,1,2,0,0,0,0,3,0,0,0,0,41,1,0,1,0,0,0,0,0,0,0,0,0,0,0,0,0,0,0,0,0,0,0,0,0,0,0,0
datasets/EvasionSet1/html/irs.gov_adv.html,2,2,6,217,0,0,15,1,0,0,0,6843,18,0,0,0,0,0,0,0,0,0,0,0,5,0,0,0,0,0,0,0,0,0,0,1,9,3,0
datasets/EvasionSet1/html/iso.org_adv.html,1,1,3,137,0,0,11,0,0,0,0,6669,15,0,0,0,0,0,0,0,0,0,0,0,1,0,0,0,0,0,12,0,0,0,0,2,0,0,0
datasets/EvasionSet1/html/issuu.com_adv.html,1,2,5,121,0,0,56,0,0,0,0,6858,6,0,1,0,0,0,0,1,0,0,0,0,0,0,0,0,0,0,0,0,0,1,0,2,1,0,0
datasets/EvasionSet1/html/istockphoto.com_adv.html,0,0,0,2,0,0,19,1,0,0,0,108,0,0,0,0,0,0,0,0,0,0,0,0,0,0,0,0,0,0,0,0,0,0,0,0,0,0,0
datasets/EvasionSet1/html/itmedia.co.jp_adv.html,0,0,0,285,0,0,49,0,0,0,0,17196,1,0,0,0,0,0,0,1,0,0,0,0,0,0,0,0,0,0,0,0,0,0,0,0,0,0,0
datasets/EvasionSet1/html/ivi.ru_adv.html,0,0,3,180,0,0,20,1,0,0,0,5698,0,0,0,0,0,0,0,0,0,0,0,0,0,0,0,0,0,0,0,0,0,0,0,0,0,0,0
datasets/EvasionSet1/html/ixbt.com_adv.html,1,4,1,430,0,0,31,1,0,0,0,14488,0,0,0,0,0,0,0,0,0,0,0,0,0,0,0,0,0,0,0,0,0,0,0,0,0,0,0
datasets/EvasionSet1/html/ixl.com_adv.html,2,12,4,80,0,0,74,0,1,0,0,3448,6,0,0,3,0,0,0,0,0,0,0,0,0,0,0,0,0,0,0,0,0,0,1,2,0,0,0
datasets/EvasionSet1/html/ixxx.com_adv.html,4,4,54,982,0,0,5,0,0,0,0,23251,5,0,0,2,1,0,0,0,0,0,0,0,0,0,0,0,0,0,0,0,0,0,0,1,0,1,0
datasets/EvasionSet1/html/jagran.com_adv.html,1,42,0,222,0,0,29,1,0,0,0,5819,1,0,0,0,0,0,0,0,0,0,0,0,1,0,0,0,0,0,0,0,0,0,0,0,0,0,0
datasets/EvasionSet1/html/jalan.net_adv.html,7,120,4,225,0,0,93,0,0,0,0,6684,0,0,0,0,0,0,0,0,0,0,0,0,0,0,0,0,0,0,0,0,0,0,0,0,0,0,0
datasets/EvasionSet1/html/jd.com_adv.html,0,0,0,31,0,0,27,0,0,0,0,1245,0,0,0,0,0,0,0,0,0,0,0,0,0,0,0,0,0,0,0,0,0,0,0,0,0,0,0
datasets/EvasionSet1/html/jetbrains.com_adv.html,0,0,0,0,0,0,17,1,0,0,0,60,0,0,0,0,0,0,0,0,0,0,0,0,0,0,0,0,0,0,0,0,0,0,0,0,0,0,0
datasets/EvasionSet1/html/jimdo.com_adv.html,0,0,18,70,0,0,34,0,0,0,0,5903,9,0,2,0,0,0,0,0,0,0,0,0,1,2,0,0,0,0,0,0,0,0,0,4,0,0,0
datasets/EvasionSet1/html/jino.ru_adv.html,0,0,9,94,0,0,10,0,0,0,0,4041,0,0,0,0,0,0,0,0,0,0,0,0,0,0,0,0,0,0,0,0,0,0,0,0,0,0,0
datasets/EvasionSet1/html/jotform.com_adv.html,0,0,27,243,0,0,36,1,0,0,0,5971,11,1,0,0,0,0,0,0,0,0,0,0,1,0,0,0,0,0,1,0,0,0,0,7,1,0,0
datasets/EvasionSet1/html/jquery.com_adv.html,1,1,2,69,0,0,6,0,0,0,0,3203,4,0,0,0,0,0,0,0,0,0,0,0,0,0,0,0,0,0,0,0,0,2,0,2,0,0,0
datasets/EvasionSet1/html/jra.go.jp_adv.html,3,7,3,313,0,0,14,0,0,0,0,8599,0,0,0,0,0,0,0,0,0,0,0,0,0,0,0,0,0,0,0,0,0,0,0,0,0,0,0
datasets/EvasionSet1/html/jra.jp_adv.html,3,7,3,313,0,0,14,0,0,0,0,8599,0,0,0,0,0,0,0,0,0,0,0,0,0,0,0,0,0,0,0,0,0,0,0,0,0,0,0
datasets/EvasionSet1/html/jstor.org_adv.html,1,1,0,0,0,0,15,1,0,0,0,1752,0,0,0,0,0,0,0,0,0,0,0,0,0,0,0,0,0,0,0,0,0,0,0,0,0,0,0
datasets/EvasionSet1/html/justindianporn.info_adv.html,1,8,0,320,0,0,11,0,1,0,0,9025,4,1,0,0,0,0,2,0,0,0,0,0,0,0,0,0,0,0,0,0,0,0,0,1,0,0,0
datasets/EvasionSet1/html/jutarnji.hr_adv.html,1,2,23,348,0,0,75,2,0,0,0,20394,4,1,0,0,0,0,0,2,0,0,0,0,0,0,0,0,0,0,0,0,0,0,0,0,0,1,0
datasets/EvasionSet1/html/jw.org_adv.html,2,6,16,216,0,0,11,0,0,0,0,5603,3,1,2,0,0,0,0,0,0,0,0,0,0,0,0,0,0,0,0,0,0,0,0,0,0,0,0
datasets/EvasionSet1/html/jwplayer.com_adv.html,2,20,2,142,0,0,40,1,0,0,0,9706,7,2,0,0,0,0,0,0,0,0,0,0,1,0,0,0,0,0,2,0,0,0,0,2,0,0,0
datasets/EvasionSet1/html/kakuyomu.jp_adv.html,2,2,4,228,0,0,32,0,0,0,0,3932,0,0,0,0,0,0,0,0,0,0,0,0,0,0,0,0,0,0,0,0,0,0,0,0,0,0,0
datasets/EvasionSet1/html/kargo.com_adv.html,1,1,10,71,0,0,43,0,0,0,0,2171,3,0,0,0,0,0,0,0,0,0,0,0,0,0,0,0,0,0,0,0,0,1,0,2,0,0,0
datasets/EvasionSet1/html/kaspersky-labs.com_adv.html,0,0,73,234,0,0,45,1,0,0,0,11746,18,0,0,0,0,8,3,0,0,0,0,0,0,0,0,0,0,0,5,0,0,0,0,2,0,0,0
datasets/EvasionSet1/html/kaspersky.com_adv.html,0,0,22,211,0,0,56,1,0,0,0,13133,11,0,0,0,1,0,2,0,0,0,0,0,0,1,0,0,0,0,5,0,0,0,0,2,0,0,0
datasets/EvasionSet1/html/kaspi.kz_adv.html,0,0,19,124,0,0,7,0,0,0,0,4883,1,0,0,0,0,0,0,0,0,0,0,0,0,0,0,0,0,0,0,0,0,0,0,0,0,1,0
datasets/EvasionSet1/html/kbz0pwvxmv.com_adv.html,0,0,8,46,0,0,29,1,0,0,0,2691,5,0,2,0,0,0,0,0,0,0,0,0,1,0,0,0,0,0,0,0,0,0,0,1,1,0,0
datasets/EvasionSet1/html/kemono.cr_adv.html,0,0,0,0,0,0,9,0,0,0,0,6,0,0,0,0,0,0,0,0,0,0,0,0,0,0,0,0,0,0,0,0,0,0,0,0,0,0,0
datasets/EvasionSet1/html/kernel.org_adv.html,0,0,0,96,0,0,1,0,0,0,0,1594,1,0,0,0,0,0,0,0,0,0,0,0,0,0,0,0,0,0,0,0,0,0,0,1,0,0,0
datasets/EvasionSet1/html/khabaronline.ir_adv.html,1,1,3,788,0,0,20,0,0,0,0,29074,0,0,0,0,0,0,0,0,0,0,0,0,0,0,0,0,0,0,0,0,0,0,0,0,0,0,0
datasets/EvasionSet1/html/kingbokep.pro_adv.html,1,1,3,44,0,0,10,0,0,0,0,1829,3,0,0,0,0,0,0,0,0,0,0,0,3,0,0,0,0,0,0,0,0,0,0,0,0,0,0
datasets/EvasionSet1/html/kingbokep.tv_adv.html,1,1,3,44,0,0,10,0,0,0,0,1829,3,0,0,0,0,0,0,0,0,0,0,0,3,0,0,0,0,0,0,0,0,0,0,0,0,0,0
datasets/EvasionSet1/html/kkstories.com_adv.html,2,8,1,754,0,0,16,2,1,0,0,14262,3,0,2,0,0,0,1,0,0,0,0,0,0,0,0,0,0,0,0,0,0,0,0,0,0,0,0
datasets/EvasionSet1/html/klaviyo.com_adv.html,1,1,16,341,0,0,26,1,0,1,0,11390,11,1,4,0,0,0,0,0,0,0,0,0,0,0,0,0,0,0,3,0,0,0,0,3,0,0,0
datasets/EvasionSet1/html/kleinanzeigen.de_adv.html,1,13,26,260,0,0,45,1,0,0,0,6514,1,0,0,0,0,0,0,0,0,0,0,0,0,0,0,0,0,0,0,0,0,0,0,1,0,0,0
datasets/EvasionSet1/html/komiku.org_adv.html,2,3,8,284,0,0,12,0,0,0,0,7852,3,0,0,0,0,0,0,0,0,0,0,0,2,0,0,0,0,0,0,0,0,0,0,1,0,0,0
datasets/EvasionSet1/html/kompoz2.com_adv.html,1,1,1,82,0,0,18,0,0,0,0,5596,3,0,0,0,0,0,0,0,0,0,0,0,1,0,0,0,0,0,0,0,0,1,0,1,0,0,0
datasets/EvasionSet1/html/kontur.ru_adv.html,0,0,0,0,0,0,4,0,0,0,0,0,0,0,0,0,0,0,0,0,0,0,0,0,0,0,0,0,0,0,0,0,0,0,0,0,0,0,0
datasets/EvasionSet1/html/kooora.com_adv.html,0,20,39,204,0,0,26,0,0,0,0,13230,0,0,0,0,0,0,0,0,0,0,0,0,0,0,0,0,0,0,0,0,0,0,0,0,0,0,0
datasets/EvasionSet1/html/kslawin.com_adv.html,0,0,0,0,0,0,15,0,0,0,0,41,0,0,0,0,0,0,0,0,0,0,0,0,0,0,0,0,0,0,0,0,0,0,0,0,0,0,0
datasets/EvasionSet1/html/kueezrtb.com_adv.html,1,9,0,47,0,0,17,0,0,1,0,4200,2,0,0,0,0,0,0,0,0,0,0,0,0,0,0,0,0,0,0,0,0,0,0,2,0,0,0
datasets/EvasionSet1/html/kwai-pro.com_adv.html,0,0,0,0,0,0,4,0,0,0,0,0,0,0,0,0,0,0,0,0,0,0,0,0,0,0,0,0,0,0,0,0,0,0,0,0,0,0,0
datasets/EvasionSet1/html/kwai.com_adv.html,0,0,0,0,0,0,15,0,0,0,0,41,0,0,0,0,0,0,0,0,0,0,0,0,0,0,0,0,0,0,0,0,0,0,0,0,0,0,0
datasets/EvasionSet1/html/kwai.net_adv.html,0,0,0,0,0,0,15,0,0,0,0,41,0,0,0,0,0,0,0,0,0,0,0,0,0,0,0,0,0,0,0,0,0,0,0,0,0,0,0
datasets/EvasionSet1/html/kwaipros.com_adv.html,0,0,0,0,0,0,4,0,0,0,0,0,0,0,0,0,0,0,0,0,0,0,0,0,0,0,0,0,0,0,0,0,0,0,0,0,0,0,0
datasets/EvasionSet1/html/ladepeche.fr_adv.html,4,14,7,628,0,0,9,1,0,0,0,49319,2,0,0,0,0,0,0,0,0,0,0,0,0,0,0,0,0,0,0,0,0,0,0,2,0,0,0
datasets/EvasionSet1/html/ladies.de_adv.html,0,0,1,2,0,0,3,0,0,0,0,454,0,0,0,0,0,0,0,0,0,0,0,0,0,0,0,0,0,0,0,0,0,0,0,0,0,0,0
datasets/EvasionSet1/html/lanacion.com.ar_adv.html,0,0,22,331,0,0,44,1,0,0,0,20166,2,0,0,0,0,0,0,0,0,0,0,0,0,0,0,0,0,0,0,0,0,0,0,1,0,1,0
datasets/EvasionSet1/html/latimes.com_adv.html,2,2,78,844,0,0,31,0,0,1,0,24275,7,0,0,0,0,0,0,0,0,0,0,0,0,0,0,0,0,0,1,0,1,0,0,2,0,3,0
datasets/EvasionSet1/html/launchdarkly.com_adv.html,1,1,0,135,0,0,22,1,0,0,0,7891,4,0,0,0,0,0,0,0,0,0,0,0,2,0,0,0,0,0,1,0,0,0,0,1,0,0,0
datasets/EvasionSet1/html/launchpad.net_adv.html,1,1,1,39,0,0,11,0,0,0,0,4638,9,0,1,0,0,0,0,0,0,0,0,0,1,0,0,0,0,0,0,0,0,0,0,1,6,0,0
datasets/EvasionSet1/html/lavanguardia.com_adv.html,1,2,19,310,0,0,64,0,0,0,0,19644,4,0,0,1,0,0,0,0,0,0,0,0,0,1,0,0,0,0,0,0,0,0,0,1,0,0,1
datasets/EvasionSet1/html/lc.chat_adv.html,4,16,18,55,0,0,4,2,0,4,0,13650,3,0,1,0,0,0,0,0,0,0,0,0,0,0,0,0,0,0,0,0,0,1,0,1,0,0,0
datasets/EvasionSet1/html/lefigaro.fr_adv.html,1,1,29,728,0,0,46,1,0,0,0,50438,4,0,0,0,0,0,0,0,0,0,0,0,0,1,0,0,0,0,0,0,0,0,1,2,0,0,0
datasets/EvasionSet1/html/leiniao.com_adv.html,0,0,0,0,0,0,5,0,0,0,0,7,0,0,0,0,0,0,0,0,0,0,0,0,0,0,0,0,0,0,0,0,0,0,0,0,0,0,0
datasets/EvasionSet1/html/lemonde.fr_adv.html,0,1,29,355,0,0,26,1,0,0,0,20762,3,0,0,0,0,0,0,2,0,0,0,0,0,0,0,0,0,0,0,0,0,0,0,1,0,0,0
datasets/EvasionSet1/html/lencr.org_adv.html,0,0,4,59,0,0,6,1,0,0,0,3480,10,0,0,0,0,0,0,0,0,0,0,0,2,1,0,3,0,0,3,0,0,0,0,1,0,0,0
datasets/EvasionSet1/html/lenovo.com_adv.html,1,2,9,27,0,0,46,1,0,0,0,2411,6,0,0,0,0,0,0,0,0,0,0,0,0,0,0,0,0,0,0,0,0,2,0,2,2,0,0
datasets/EvasionSet1/html/leparisien.fr_adv.html,0,2,20,544,0,0,20,1,0,0,0,30515,1,0,0,0,0,0,0,0,0,0,0,0,0,0,0,0,0,0,0,0,0,0,0,1,0,0,0
datasets/EvasionSet1/html/lequipe.fr_adv.html,0,1,19,338,0,0,39,0,0,0,0,14730,3,0,0,0,0,0,0,0,0,0,0,0,0,0,0,0,0,0,0,0,0,0,0,3,0,0,0
datasets/EvasionSet1/html/letras.mus.br_adv.html,1,11,19,101,0,0,21,1,0,0,0,2823,4,1,0,1,0,0,0,0,0,0,0,0,0,0,0,0,0,0,0,0,0,0,0,2,0,0,0
datasets/EvasionSet1/html/letsencrypt.org_adv.html,0,0,8,152,0,0,9,1,0,0,0,4107,9,0,0,0,0,0,0,0,0,0,0,0,1,0,0,0,0,0,7,0,0,0,0,1,0,0,0
datasets/EvasionSet1/html/letterboxd.com_adv.html,6,28,28,204,0,0,36,0,1,1,0,9301,7,0,0,0,0,0,2,0,0,0,0,0,0,0,0,0,0,0,0,0,0,0,0,2,3,0,0
datasets/EvasionSet1/html/lfstrm.tv_adv.html,0,0,0,18,0,0,23,0,0,0,0,857,1,0,0,0,0,0,0,0,0,0,0,0,0,0,0,0,0,0,0,0,0,0,0,1,0,0,0
datasets/EvasionSet1/html/licdn.com_adv.html,2,4,42,135,0,0,8,0,0,0,0,5093,8,0,0,4,0,0,0,0,0,0,0,0,0,0,0,0,0,1,0,0,0,0,0,3,0,0,0
datasets/EvasionSet1/html/lichess.org_adv.html,1,4,5,131,0,0,51,0,0,0,0,4274,3,0,0,1,0,0,0,0,0,0,0,0,1,0,0,0,0,0,0,0,0,0,0,1,0,0,0
datasets/EvasionSet1/html/liftoff.io_adv.html,1,6,27,202,0,0,44,0,0,0,0,7688,6,1,3,0,0,0,0,0,0,0,0,0,0,0,0,0,0,0,0,0,0,0,0,2,0,0,0
datasets/EvasionSet1/html/lijit.com_adv.html,0,0,0,6,0,0,2,0,0,0,0,337,1,0,0,0,0,0,0,0,0,0,0,0,0,0,0,0,0,0,0,0,0,0,0,1,0,0,0
datasets/EvasionSet1/html/line.me_adv.html,0,0,0,16,0,0,9,1,0,0,0,477,0,0,0,0,0,0,0,0,0,0,0,0,0,0,0,0,0,0,0,0,0,0,0,0,0,0,0
datasets/EvasionSet1/html/linkedin.com_adv.html,2,4,42,135,0,0,8,0,0,0,0,5093,8,0,0,4,0,0,0,0,0,0,0,0,0,0,0,0,0,1,0,0,0,0,0,3,0,0,0
datasets/EvasionSet1/html/linklist.bio_adv.html,0,0,15,29,0,0,10,1,0,0,0,5398,9,0,0,1,1,0,0,0,0,0,0,0,0,0,0,0,0,0,0,0,0,0,4,3,0,0,0
datasets/EvasionSet1/html/linktr.ee_adv.html,2,4,0,116,0,0,43,2,0,0,0,11959,15,0,2,0,0,0,0,0,0,0,0,0,2,0,0,0,0,0,0,0,0,5,0,5,1,0,0
datasets/EvasionSet1/html/liteapks.com_adv.html,1,1,3,111,0,0,11,0,0,0,0,2507,1,0,0,0,0,0,0,0,0,0,0,0,0,0,0,0,0,0,0,0,0,0,0,1,0,0,0
datasets/EvasionSet1/html/litnet.com_adv.html,1,2,1,363,0,0,99,1,0,0,0,13658,0,0,0,0,0,0,0,0,0,0,0,0,0,0,0,0,0,0,0,0,0,0,0,0,0,0,0
datasets/EvasionSet1/html/live.com_adv.html,0,0,0,0,0,0,5,0,0,0,0,35,0,0,0,0,0,0,0,0,0,0,0,0,0,0,0,0,0,0,0,0,0,0,0,0,0,0,0
datasets/EvasionSet1/html/livechatinc.com_adv.html,5,17,22,140,0,0,26,2,0,4,0,12717,9,0,2,0,0,0,0,0,0,0,0,0,2,0,0,0,0,0,1,0,0,2,0,2,0,0,0
datasets/EvasionSet1/html/livedoor.com_adv.html,1,2,0,110,0,0,19,1,0,0,0,1940,0,0,0,0,0,0,0,0,0,0,0,0,0,0,0,0,0,0,0,0,0,0,0,0,0,0,0
datasets/EvasionSet1/html/livehindustan.com_adv.html,1,2,1,390,0,0,55,1,0,0,0,11518,3,0,0,0,0,0,0,0,0,0,0,0,0,0,0,0,0,0,0,0,0,0,0,1,0,2,0
datasets/EvasionSet1/html/livejournal.com_adv.html,3,9,11,72,0,0,17,0,1,0,0,1541,10,0,5,0,0,0,1,0,0,0,0,0,0,0,0,0,0,0,0,0,0,0,0,0,4,0,0
datasets/EvasionSet1/html/livescore.com_adv.html,0,1,1,84,0,0,23,1,0,0,0,2617,2,0,0,0,0,0,0,0,0,0,0,0,1,0,0,0,0,0,0,0,0,0,0,1,0,0,0
datasets/EvasionSet1/html/livescore.cz_adv.html,0,0,0,355,0,0,9,0,0,0,0,12632,0,0,0,0,0,0,0,0,0,0,0,0,0,0,0,0,0,0,0,0,0,0,0,0,0,0,0
datasets/EvasionSet1/html/lk21official.cc_adv.html,4,2,41,460,0,0,9,0,0,0,0,17925,4,0,0,0,0,0,0,0,0,0,0,0,3,0,0,0,0,0,0,0,0,0,0,1,0,0,0
datasets/EvasionSet1/html/lotterysambadresult.in_adv.html,0,0,0,19,0,0,9,0,0,0,0,6096,20,0,0,0,0,0,0,0,0,0,0,0,11,0,0,0,0,0,0,0,0,5,0,4,0,0,0
datasets/EvasionSet1/html/lowes.com_adv.html,0,0,0,0,0,0,3,0,0,0,0,207,0,0,0,0,0,0,0,0,0,0,0,0,0,0,0,0,0,0,0,0,0,0,0,0,0,0,0
datasets/EvasionSet1/html/luticlip.com_adv.html,3,11,2,56,0,0,19,0,1,0,0,2391,10,3,0,0,0,0,5,0,0,0,0,0,0,0,0,0,0,0,0,0,0,0,0,0,2,0,0
datasets/EvasionSet1/html/lwsdns.com_adv.html,0,0,0,17,0,0,3,0,0,0,0,2623,2,0,0,0,0,0,0,0,0,0,0,0,0,0,0,0,0,0,0,0,0,0,0,2,0,0,0
datasets/EvasionSet1/html/mail.ru_adv.html,0,0,0,0,0,0,3,0,0,0,0,0,0,0,0,0,0,0,0,0,0,0,0,0,0,0,0,0,0,0,0,0,0,0,0,0,0,0,0
datasets/EvasionSet1/html/mailchi.mp_adv.html,2,4,45,283,0,0,38,0,0,1,0,14802,18,0,0,0,0,0,0,0,0,0,0,0,0,0,0,0,0,1,0,0,0,0,3,14,0,0,0
datasets/EvasionSet1/html/mailchimp.com_adv.html,2,4,45,283,0,0,38,0,0,1,0,14802,18,0,0,0,0,0,0,0,0,0,0,0,0,0,0,0,0,1,0,0,0,0,3,14,0,0,0
datasets/EvasionSet1/html/mamastar.jp_adv.html,0,1,0,130,0,0,18,1,0,0,0,3340,0,0,0,0,0,0,0,0,0,0,0,0,0,0,0,0,0,0,0,0,0,0,0,0,0,0,0
datasets/EvasionSet1/html/mangabuddy.com_adv.html,1,2,0,6,0,0,5,0,0,0,0,449,1,0,0,0,0,0,0,0,0,0,0,0,0,0,0,0,0,0,1,0,0,0,0,0,0,0,0
datasets/EvasionSet1/html/mangakakalot.gg_adv.html,1,2,0,536,0,0,34,0,0,0,0,11352,4,0,0,0,0,0,0,0,0,0,0,0,3,0,0,0,0,0,0,0,0,0,0,1,0,0,0
datasets/EvasionSet1/html/mangaraw.ac_adv.html,1,1,3,107,0,0,15,0,0,0,0,2369,0,0,0,0,0,0,0,0,0,0,0,0,0,0,0,0,0,0,0,0,0,0,0,0,0,0,0
datasets/EvasionSet1/html/manhwaweb.com_adv.html,0,0,0,0,0,0,4,0,0,0,0,22,0,0,0,0,0,0,0,0,0,0,0,0,0,0,0,0,0,0,0,0,0,0,0,0,0,0,0
datasets/EvasionSet1/html/manoramaonline.com_adv.html,0,2,97,534,0,0,53,1,0,0,0,11959,4,0,0,0,0,0,1,0,0,0,0,0,1,0,0,0,0,0,0,0,0,0,0,1,1,0,0
datasets/EvasionSet1/html/marca.com_adv.html,1,5,4,574,0,0,72,0,0,0,0,17973,3,0,0,0,0,0,0,0,0,0,0,0,0,1,1,0,0,0,0,0,0,0,0,1,0,0,0
datasets/EvasionSet1/html/marketwatch.com_adv.html,0,1,13,198,0,0,65,0,0,0,0,9479,5,0,1,0,0,0,0,0,0,0,0,0,0,0,0,0,0,0,1,0,0,0,0,1,1,1,0
datasets/EvasionSet1/html/marktplaats.nl_adv.html,1,4,4,503,0,0,23,0,0,0,0,11129,1,0,0,0,0,0,0,0,0,0,0,0,0,0,0,0,0,0,0,0,0,0,0,1,0,0,0
datasets/EvasionSet1/html/marriott.com_adv.html,1,9,64,251,0,0,42,0,0,0,0,5272,2,0,0,0,0,0,0,0,0,0,0,0,1,0,0,0,0,0,0,0,0,0,0,1,0,0,0
datasets/EvasionSet1/html/mashable.com_adv.html,1,7,25,376,0,0,21,1,0,1,0,9183,12,0,0,0,0,0,0,3,0,0,0,0,3,1,0,0,0,0,1,0,0,1,0,2,1,0,0
datasets/EvasionSet1/html/mat6tube.com_adv.html,1,1,1,6,0,0,9,0,0,0,0,108,1,0,0,0,0,0,0,0,0,0,0,0,0,0,0,0,0,0,0,0,0,0,0,1,0,0,0
datasets/EvasionSet1/html/mathtag.com_adv.html,0,0,0,111,0,0,26,2,0,0,0,61759,95,2,0,0,0,0,0,30,0,0,0,0,4,2,0,6,0,0,11,0,0,8,0,26,5,1,0
datasets/EvasionSet1/html/matterport.com_adv.html,0,0,9,22,0,0,19,0,0,0,0,1235,2,0,0,0,0,0,0,0,0,0,0,0,0,0,0,0,0,0,0,0,0,0,0,2,0,0,0
datasets/EvasionSet1/html/mayoclinic.org_adv.html,0,0,16,247,0,0,28,0,0,0,0,6097,7,0,1,0,0,0,0,0,0,0,0,0,0,0,0,0,0,0,0,0,0,0,0,5,1,0,0
datasets/EvasionSet1/html/mcafee.com_adv.html,0,12,35,365,0,0,33,0,0,0,0,30362,104,0,2,0,0,0,9,0,0,0,0,0,6,1,0,0,0,0,28,0,0,3,0,5,35,15,0
datasets/EvasionSet1/html/me.com_adv.html,0,0,0,0,0,0,9,0,0,0,0,9,0,0,0,0,0,0,0,0,0,0,0,0,0,0,0,0,0,0,0,0,0,0,0,0,0,0,0
datasets/EvasionSet1/html/meb.gov.tr_adv.html,2,2,39,135,0,0,16,0,0,0,0,10761,0,0,0,0,0,0,0,0,0,0,0,0,0,0,0,0,0,0,0,0,0,0,0,0,0,0,0
datasets/EvasionSet1/html/mechacomic.jp_adv.html,1,1,1,174,0,0,37,1,0,0,0,2053,0,0,0,0,0,0,0,0,0,0,0,0,0,0,0,0,0,0,0,0,0,0,0,0,0,0,0
datasets/EvasionSet1/html/medallia.com_adv.html,0,5,0,186,0,0,37,1,0,0,0,13711,14,5,0,0,0,0,0,0,0,0,0,0,0,0,0,0,0,0,3,0,0,0,0,6,0,0,0
datasets/EvasionSet1/html/media.net_adv.html,1,2,0,31,0,0,21,1,0,1,0,2802,1,0,0,0,0,0,0,0,0,0,0,0,0,0,0,0,0,0,0,0,0,0,0,1,0,0,0
datasets/EvasionSet1/html/mediafire.com_adv.html,2,0,2,49,0,0,28,4,0,0,0,5703,5,0,1,0,0,0,0,0,0,0,0,0,0,0,0,0,0,0,0,0,0,2,0,1,1,0,0
datasets/EvasionSet1/html/mediatek.com_adv.html,1,3,0,325,0,0,34,1,0,0,0,14942,9,0,0,0,0,0,0,0,0,0,0,0,1,0,0,0,0,0,2,0,0,0,0,6,0,0,0
datasets/EvasionSet1/html/medicalnewstoday.com_adv.html,0,0,8,309,0,0,27,1,0,0,0,10614,2,0,0,0,0,0,0,0,0,0,0,0,1,0,0,0,0,0,0,0,0,0,0,1,0,0,0
datasets/EvasionSet1/html/medium.com_adv.html,0,0,3,21,0,0,19,0,0,0,0,299,0,0,0,0,0,0,0,0,0,0,0,0,0,0,0,0,0,0,0,0,0,0,0,0,0,0,0
datasets/EvasionSet1/html/meethue.com_adv.html,0,0,4,67,0,0,8,0,0,0,0,2882,2,0,0,0,0,0,0,0,0,0,0,0,0,0,0,0,0,1,0,0,0,0,0,1,0,0,0
datasets/EvasionSet1/html/mega.co.nz_adv.html,0,0,0,0,0,0,2,0,0,0,0,4,0,0,0,0,0,0,0,0,0,0,0,0,0,0,0,0,0,0,0,0,0,0,0,0,0,0,0
datasets/EvasionSet1/html/mega.nz_adv.html,0,0,0,1,0,0,2,1,0,0,0,4,0,0,0,0,0,0,0,0,0,0,0,0,0,0,0,0,0,0,0,0,0,0,0,0,0,0,0
datasets/EvasionSet1/html/meraki.com_adv.html,2,2,2,211,0,0,36,1,0,0,0,7692,21,1,2,0,0,0,0,0,0,0,0,0,0,0,0,0,0,0,13,0,0,0,0,5,0,0,0
datasets/EvasionSet1/html/mercadolibre.com.ar_adv.html,1,1,29,278,0,0,14,0,0,0,0,12357,0,0,0,0,0,0,0,0,0,0,0,0,0,0,0,0,0,0,0,0,0,0,0,0,0,0,0
datasets/EvasionSet1/html/mercadolibre.com.mx_adv.html,1,1,30,270,0,0,14,0,0,0,0,11770,0,0,0,0,0,0,0,0,0,0,0,0,0,0,0,0,0,0,0,0,0,0,0,0,0,0,0
datasets/EvasionSet1/html/mercadolivre.com.br_adv.html,1,1,30,276,0,0,14,0,0,0,0,11912,23,0,0,1,0,0,0,1,1,0,2,0,0,0,0,0,0,3,0,0,0,0,0,15,0,0,0
datasets/EvasionSet1/html/merkur.de_adv.html,1,6,2,372,0,0,22,1,0,0,0,30268,0,0,0,0,0,0,0,0,0,0,0,0,0,0,0,0,0,0,0,0,0,0,0,0,0,0,0
datasets/EvasionSet1/html/merriam-webster.com_adv.html,4,7,14,210,0,0,23,2,0,0,0,6406,5,0,2,0,0,0,0,0,0,0,0,0,0,0,0,0,0,0,0,0,0,0,0,1,2,0,0
datasets/EvasionSet1/html/messenger.com_adv.html,0,0,0,1,0,0,1,0,0,0,0,209,0,0,0,0,0,0,0,0,0,0,0,0,0,0,0,0,0,0,0,0,0,0,0,0,0,0,0
datasets/EvasionSet1/html/meteociel.fr_adv.html,2,8,0,261,0,0,19,0,0,0,0,3894,1,0,0,0,0,0,0,0,0,0,0,0,0,0,0,0,0,0,0,0,0,0,0,1,0,0,0
datasets/EvasionSet1/html/meteofrance.com_adv.html,1,2,11,209,0,0,6,2,0,0,0,11090,1,0,0,0,0,0,0,0,0,0,0,0,0,0,0,0,0,0,0,0,0,0,0,1,0,0,0
datasets/EvasionSet1/html/metropoles.com_adv.html,1,13,10,418,0,0,34,0,0,0,0,11660,6,0,0,0,0,0,0,1,0,0,0,0,0,2,1,0,0,1,0,0,0,0,0,0,0,0,1
datasets/EvasionSet1/html/mfadsrvr.com_adv.html,0,0,0,5,0,0,4,0,0,0,0,304,1,0,0,0,0,0,0,0,0,0,0,0,0,0,0,0,0,0,0,0,0,0,0,1,0,0,0
datasets/EvasionSet1/html/mgid.com_adv.html,0,0,16,84,0,0,8,1,0,0,0,4637,11,0,2,0,0,0,0,0,0,0,0,0,1,0,0,0,0,0,0,0,0,3,0,2,2,1,0
datasets/EvasionSet1/html/mi.com_adv.html,0,2,12,78,0,0,39,2,0,1,0,7246,1,1,0,0,0,0,0,0,0,0,0,0,0,0,0,0,0,0,0,0,0,0,0,0,0,0,0
datasets/EvasionSet1/html/microsoft.com_adv.html,1,1,15,113,0,0,8,0,0,0,0,12389,5,0,0,0,0,0,0,0,0,0,0,0,0,0,0,0,0,0,2,0,0,1,0,1,1,0,0
datasets/EvasionSet1/html/midilibre.fr_adv.html,5,20,6,531,0,0,9,1,0,0,0,41618,1,0,0,0,0,0,0,0,0,0,0,0,0,0,0,0,0,0,0,0,0,0,0,1,0,0,0
datasets/EvasionSet1/html/miit.gov.cn_adv.html,0,2,0,185,0,0,21,0,0,0,0,4763,0,0,0,0,0,0,0,0,0,0,0,0,0,0,0,0,0,0,0,0,0,0,0,0,0,0,0
datasets/EvasionSet1/html/mikrotik.com_adv.html,1,1,0,90,0,0,13,0,0,0,0,6195,7,0,0,0,0,0,0,0,0,0,0,0,2,0,0,0,0,0,2,0,0,1,0,1,1,0,0
datasets/EvasionSet1/html/milliyet.com.tr_adv.html,1,21,2,377,0,0,33,2,0,0,0,18619,0,0,0,0,0,0,0,0,0,0,0,0,0,0,0,0,0,0,0,0,0,0,0,0,0,0,0
datasets/EvasionSet1/html/mirror.co.uk_adv.html,0,2,170,505,0,0,48,1,0,0,0,18344,12,0,0,0,0,0,0,0,0,0,0,0,4,3,0,0,0,0,0,0,0,0,0,3,0,2,0
datasets/EvasionSet1/html/mirtesen.ru_adv.html,0,0,12,56,0,0,7,0,0,0,0,4071,0,0,0,0,0,0,0,0,0,0,0,0,0,0,0,0,0,0,0,0,0,0,0,0,0,0,0
datasets/EvasionSet1/html/mit.edu_adv.html,1,2,4,65,0,0,7,1,0,0,0,2805,1,0,0,0,0,0,0,0,0,0,0,0,0,0,0,0,0,0,0,0,0,0,0,1,0,0,0
datasets/EvasionSet1/html/miui.com_adv.html,0,0,0,26,0,0,13,0,0,0,0,16508,0,0,0,0,0,0,0,0,0,0,0,0,0,0,0,0,0,0,0,0,0,0,0,0,0,0,0
datasets/EvasionSet1/html/miwifi.com_adv.html,0,0,0,19,0,0,6,2,0,0,0,404,0,0,0,0,0,0,0,0,0,0,0,0,0,0,0,0,0,0,0,0,0,0,0,0,0,0,0
datasets/EvasionSet1/html/mixpanel.com_adv.html,0,0,0,330,0,0,17,0,0,0,0,14731,28,0,3,0,0,0,0,0,0,0,0,0,2,0,0,0,0,0,8,0,0,0,0,11,4,0,0
datasets/EvasionSet1/html/mlb.com_adv.html,0,0,65,210,0,0,43,0,0,0,0,7531,6,0,1,0,0,0,0,0,0,0,0,0,2,0,0,0,0,0,0,0,0,0,0,3,0,0,0
datasets/EvasionSet1/html/mobiledokan.com_adv.html,6,20,19,179,0,0,20,1,2,2,0,10010,10,3,0,0,0,0,3,2,0,0,0,0,0,0,0,0,0,0,0,0,0,0,0,1,1,0,0
datasets/EvasionSet1/html/moe.video_adv.html,1,5,5,38,0,0,8,0,0,1,0,3327,0,0,0,0,0,0,0,0,0,0,0,0,0,0,0,0,0,0,0,0,0,0,0,0,0,0,0
datasets/EvasionSet1/html/moengage.com_adv.html,0,0,2,122,0,0,15,1,0,0,0,11119,13,2,0,0,0,0,0,0,0,0,0,0,2,0,0,0,0,0,3,0,0,1,0,2,0,3,0
datasets/EvasionSet1/html/mojohost.com_adv.html,2,2,3,104,0,0,37,1,0,0,0,4876,8,2,0,0,0,0,0,0,0,0,0,0,0,0,0,0,0,0,0,0,0,0,0,2,4,0,0
datasets/EvasionSet1/html/moloco.com_adv.html,1,7,0,139,0,0,21,1,0,1,0,8426,6,0,0,0,0,0,0,0,0,0,0,0,1,0,0,0,0,0,2,0,0,1,0,2,0,0,0
datasets/EvasionSet1/html/momon-ga.com_adv.html,1,4,0,200,0,0,24,1,0,0,0,4028,0,0,0,0,0,0,0,0,0,0,0,0,0,0,0,0,0,0,0,0,0,0,0,0,0,0,0
datasets/EvasionSet1/html/moneycontrol.com_adv.html,9,93,18,1889,0,0,154,2,0,0,0,69639,79,4,0,0,0,0,0,0,0,0,0,0,3,0,0,0,0,0,2,0,0,0,0,1,9,60,0
datasets/EvasionSet1/html/mongodb.com_adv.html,1,2,17,144,0,0,17,0,0,0,0,8780,5,0,1,0,0,0,0,0,0,0,0,0,1,0,0,0,0,0,1,0,0,0,0,2,0,0,0
datasets/EvasionSet1/html/motherless.com_adv.html,1,2,23,918,0,0,41,0,0,0,0,10264,2,1,0,0,0,0,0,0,0,0,0,0,0,0,0,0,0,0,0,0,0,0,0,1,0,0,0
datasets/EvasionSet1/html/moviebox.ph_adv.html,0,1,2,666,0,0,5,0,0,0,0,15485,3,0,0,0,0,0,0,0,0,0,0,0,0,0,0,0,0,0,0,0,0,0,0,1,2,0,0
datasets/EvasionSet1/html/moviesda12.com_adv.html,1,3,0,47,0,0,5,0,0,0,0,3448,3,0,0,0,0,0,0,0,0,0,0,0,3,0,0,0,0,0,0,0,0,0,0,0,0,0,0
datasets/EvasionSet1/html/mozilla.com_adv.html,1,3,7,107,0,0,13,0,0,0,0,9262,8,0,0,1,1,2,0,0,0,0,0,0,0,0,0,0,0,2,0,0,0,0,0,2,0,0,0
datasets/EvasionSet1/html/mozilla.net_adv.html,2,5,7,79,0,0,13,0,0,1,0,11775,9,0,0,0,0,0,0,2,0,0,0,0,0,1,0,0,0,4,0,0,0,0,0,2,0,0,0
datasets/EvasionSet1/html/mozilla.org_adv.html,2,5,7,79,0,0,13,0,0,1,0,11775,9,0,0,0,0,0,0,2,0,0,0,0,0,1,0,0,0,4,0,0,0,0,0,2,0,0,0
datasets/EvasionSet1/html/msn.com_adv.html,0,0,0,0,0,0,12,0,0,0,0,3,0,0,0,0,0,0,0,0,0,0,0,0,0,0,0,0,0,0,0,0,0,0,0,0,0,0,0
datasets/EvasionSet1/html/mtgglobals.com_adv.html,0,0,0,0,0,0,4,0,0,0,0,9,0,0,0,0,0,0,0,0,0,0,0,0,0,0,0,0,0,0,0,0,0,0,0,0,0,0,0
datasets/EvasionSet1/html/mto.to_adv.html,1,1,7,302,0,0,18,1,0,0,0,7737,2,0,0,0,0,0,0,0,0,0,0,0,1,0,0,0,0,0,0,0,0,0,0,1,0,0,0
datasets/EvasionSet1/html/mts.ru_adv.html,3,4,8,207,0,0,8,0,0,0,3,4814,0,0,0,0,0,0,0,0,0,0,0,0,0,0,0,0,0,0,0,0,0,0,0,0,0,0,0
datasets/EvasionSet1/html/mundodeportivo.com_adv.html,2,3,1138,445,0,0,63,1,0,0,0,21699,4,0,0,0,0,0,0,0,0,0,0,0,0,0,0,0,0,0,0,0,0,0,0,2,0,1,1
datasets/EvasionSet1/html/musicdel.ir_adv.html,0,0,5,300,0,0,14,0,0,0,0,10075,0,0,0,0,0,0,0,0,0,0,0,0,0,0,0,0,0,0,0,0,0,0,0,0,0,0,0
datasets/EvasionSet1/html/myfritz.net_adv.html,0,0,0,0,0,0,9,0,0,0,0,149,0,0,0,0,0,0,0,0,0,0,0,0,0,0,0,0,0,0,0,0,0,0,0,0,0,0,0
datasets/EvasionSet1/html/mzstatic.com_adv.html,1,5,18,120,0,0,17,0,0,0,0,4614,9,0,0,0,0,0,0,0,0,0,0,0,0,0,0,0,0,0,0,0,0,0,0,1,5,3,0
datasets/EvasionSet1/html/namasha.com_adv.html,2,2,18,123,0,0,11,0,0,0,0,5279,0,0,0,0,0,0,0,0,0,0,0,0,0,0,0,0,0,0,0,0,0,0,0,0,0,0,0
datasets/EvasionSet1/html/name.com_adv.html,4,4,17,73,0,0,13,1,0,0,0,6552,4,0,0,0,0,0,0,0,0,0,0,0,0,0,0,0,0,0,0,0,0,3,0,1,0,0,0
datasets/EvasionSet1/html/namestudio.com_adv.html,0,1,0,5,0,0,4,0,0,0,0,893,0,0,0,0,0,0,0,0,0,0,0,0,0,0,0,0,0,0,0,0,0,0,0,0,0,0,0
datasets/EvasionSet1/html/namu.wiki_adv.html,1,2,1,165,0,0,10,0,0,0,0,3244,0,0,0,0,0,0,0,0,0,0,0,0,0,0,0,0,0,0,0,0,0,0,0,0,0,0,0
datasets/EvasionSet1/html/nasa.gov_adv.html,3,17,12,274,0,0,27,2,0,0,0,8799,6,0,0,0,0,0,0,0,0,0,0,0,3,0,0,0,0,0,0,0,0,0,0,2,1,0,0
datasets/EvasionSet1/html/nationalgeographic.com_adv.html,0,0,17,217,0,0,25,1,0,0,0,7261,0,0,0,0,0,0,0,0,0,0,0,0,0,0,0,0,0,0,0,0,0,0,0,0,0,0,0
datasets/EvasionSet1/html/natomanga.com_adv.html,1,2,0,523,0,0,34,0,0,0,0,10730,3,0,0,0,0,0,0,0,0,0,0,0,2,0,0,0,0,0,0,0,0,0,0,1,0,0,0
datasets/EvasionSet1/html/nature.com_adv.html,2,10,5,139,0,0,16,0,0,1,0,10165,3,0,1,0,0,0,0,0,0,0,0,0,0,0,0,0,0,0,0,0,0,0,0,2,0,0,0
datasets/EvasionSet1/html/naukri.com_adv.html,0,0,0,0,0,0,16,1,0,0,0,0,0,0,0,0,0,0,0,0,0,0,0,0,0,0,0,0,0,0,0,0,0,0,0,0,0,0,0
datasets/EvasionSet1/html/naver.com_adv.html,1,14,3,8,0,0,15,0,0,0,0,120,0,0,0,0,0,0,0,0,0,0,0,0,0,0,0,0,0,0,0,0,0,0,0,0,0,0,0
datasets/EvasionSet1/html/nbcnews.com_adv.html,2,2,20,278,0,0,47,0,0,0,0,12978,2,0,0,0,0,0,0,0,0,0,0,0,1,0,0,0,0,0,0,0,0,0,0,1,0,0,0
datasets/EvasionSet1/html/ndr.de_adv.html,1,1,4,184,0,0,4,0,0,0,0,9509,0,0,0,0,0,0,0,0,0,0,0,0,0,0,0,0,0,0,0,0,0,0,0,0,0,0,0
datasets/EvasionSet1/html/nease.net_adv.html,0,0,0,4,0,0,1,0,0,0,0,65,0,0,0,0,0,0,0,0,0,0,0,0,0,0,0,0,0,0,0,0,0,0,0,0,0,0,0
datasets/EvasionSet1/html/netangels.ru_adv.html,1,5,4,98,0,0,18,0,0,0,0,18172,0,0,0,0,0,0,0,0,0,0,0,0,0,0,0,0,0,0,0,0,0,0,0,0,0,0,0
datasets/EvasionSet1/html/netease.com_adv.html,0,0,0,35,0,0,3,0,0,0,0,2937,0,0,0,0,0,0,0,0,0,0,0,0,0,0,0,0,0,0,0,0,0,0,0,0,0,0,0
datasets/EvasionSet1/html/netflix.com_adv.html,0,2,20,21,0,0,10,0,0,2,0,4013,9,0,0,1,0,0,0,0,0,0,2,0,0,0,0,0,0,1,0,0,0,0,1,4,0,0,0
datasets/EvasionSet1/html/netflix.net_adv.html,1,7,1,0,0,0,7,0,1,0,0,123,2,0,0,2,0,0,0,0,0,0,0,0,0,0,0,0,0,0,0,0,0,0,0,0,0,0,0
datasets/EvasionSet1/html/netgear.com_adv.html,2,20,10,358,0,0,34,3,0,2,0,8557,19,0,0,0,0,0,0,0,0,0,0,0,2,0,0,0,0,0,4,0,0,2,0,5,6,0,0
datasets/EvasionSet1/html/networkadvertising.org_adv.html,0,0,16,110,0,0,24,0,0,0,0,4416,6,0,0,0,0,0,0,0,0,0,0,0,2,0,0,0,0,0,1,0,0,0,0,2,1,0,0
datasets/EvasionSet1/html/newrelic.com_adv.html,1,1,14,200,0,0,22,0,0,0,0,10859,19,0,0,4,0,0,0,0,0,0,1,0,0,0,0,0,0,11,1,0,0,0,0,0,0,0,2
datasets/EvasionSet1/html/newsweek.com_adv.html,1,1,25,620,0,0,96,0,0,1,0,19953,10,0,0,0,0,0,0,0,0,0,0,0,0,0,0,0,0,0,5,0,0,1,0,4,0,0,0
datasets/EvasionSet1/html/newyorker.com_adv.html,0,0,22,131,0,0,30,1,0,0,0,11460,3,0,0,0,0,0,0,0,0,0,0,0,0,0,0,0,0,0,0,0,0,0,0,1,2,0,0
datasets/EvasionSet1/html/nflxvideo.net_adv.html,0,2,20,21,0,0,10,0,0,2,0,4008,9,0,0,1,0,0,0,0,0,0,2,0,0,0,0,0,0,1,0,0,0,0,1,4,0,0,0
datasets/EvasionSet1/html/ngenix.net_adv.html,5,126,16,124,0,0,54,1,0,3,1,9403,0,0,0,0,0,0,0,0,0,0,0,0,0,0,0,0,0,0,0,0,0,0,0,0,0,0,0
datasets/EvasionSet1/html/nginx.com_adv.html,0,1,9,253,0,0,22,0,0,0,0,8983,36,1,0,0,0,0,0,0,0,0,0,0,1,0,0,0,0,0,19,0,0,0,0,14,0,1,0
datasets/EvasionSet1/html/nginx.org_adv.html,0,1,0,50,0,0,1,0,0,0,0,1565,1,0,0,0,0,0,0,0,0,0,0,0,0,0,0,0,0,0,1,0,0,0,0,0,0,0,0
datasets/EvasionSet1/html/nhk.or.jp_adv.html,0,0,0,1,0,0,5,0,0,0,0,71,0,0,0,0,0,0,0,0,0,0,0,0,0,0,0,0,0,0,0,0,0,0,0,0,0,0,0
datasets/EvasionSet1/html/nic.io_adv.html,2,7,4,29,0,0,10,0,1,0,0,2654,6,0,0,0,0,0,1,0,0,0,0,0,0,0,0,0,0,0,0,0,0,2,0,1,2,0,0
datasets/EvasionSet1/html/nic.network_adv.html,1,3,0,56,0,0,13,0,0,0,0,9768,23,0,0,0,0,0,3,0,0,0,0,0,0,0,0,0,0,0,12,0,0,1,0,5,2,0,0
datasets/EvasionSet1/html/nic.ru_adv.html,0,0,0,0,0,0,2,0,0,0,0,0,0,0,0,0,0,0,0,0,0,0,0,0,0,0,0,0,0,0,0,0,0,0,0,0,0,0,0
datasets/EvasionSet1/html/nic.tv_adv.html,0,0,0,0,0,0,27,0,0,0,0,62,0,0,0,0,0,0,0,0,0,0,0,0,0,0,0,0,0,0,0,0,0,0,0,0,0,0,0
datasets/EvasionSet1/html/nic.video_adv.html,1,3,0,56,0,0,13,0,0,0,0,9768,23,0,0,0,0,0,3,0,0,0,0,0,0,0,0,0,0,0,12,0,0,1,0,5,2,0,0
datasets/EvasionSet1/html/nic.zone_adv.html,1,3,0,56,0,0,13,0,0,0,0,9768,23,0,0,0,0,0,3,0,0,0,0,0,0,0,0,0,0,0,12,0,0,1,0,5,2,0,0
datasets/EvasionSet1/html/nickfinder.com_adv.html,0,0,0,0,0,0,3,0,0,0,0,78,1,0,0,0,0,0,0,0,0,0,0,0,0,0,0,1,0,0,0,0,0,0,0,0,0,0,0
datasets/EvasionSet1/html/nih.gov_adv.html,1,3,10,103,0,0,11,1,0,0,0,4079,4,0,0,0,0,0,0,0,0,0,0,0,1,0,0,0,0,0,0,0,0,0,0,3,0,0,0
datasets/EvasionSet1/html/nike.com_adv.html,1,5,14,519,0,0,59,1,0,0,0,7344,3,0,0,0,0,0,0,0,0,0,0,0,0,0,0,0,0,0,0,0,0,0,0,3,0,0,0
datasets/EvasionSet1/html/nikkansports.com_adv.html,2,3,0,364,0,0,65,1,0,0,0,6299,0,0,0,0,0,0,0,0,0,0,0,0,0,0,0,0,0,0,0,0,0,0,0,0,0,0,0
datasets/EvasionSet1/html/nikkei.com_adv.html,1,1,5,816,0,0,9,0,0,0,0,10312,0,0,0,0,0,0,0,0,0,0,0,0,0,0,0,0,0,0,0,0,0,0,0,0,0,0,0
datasets/EvasionSet1/html/ninisite.com_adv.html,4,13,5,290,0,0,14,0,1,0,0,7405,0,0,0,0,0,0,0,0,0,0,0,0,0,0,0,0,0,0,0,0,0,0,0,0,0,0,0
datasets/EvasionSet1/html/nintendo.com_adv.html,2,6,102,182,0,0,16,0,0,0,0,11042,7,0,0,0,0,0,0,1,1,0,1,0,0,0,0,0,0,2,0,0,0,0,0,2,0,0,0
datasets/EvasionSet1/html/nirvam.it_adv.html,2,17,2,28,0,0,8,0,2,0,0,7955,7,0,0,0,0,0,3,0,0,0,0,0,0,0,0,0,0,0,0,0,0,2,0,2,0,0,0
datasets/EvasionSet1/html/nist.gov_adv.html,1,1,9,157,0,0,12,2,0,0,0,5653,11,0,0,0,0,0,0,0,0,0,0,0,2,0,0,0,0,0,5,0,0,0,0,4,0,0,0
datasets/EvasionSet1/html/njuskalo.hr_adv.html,1,1,32,160,0,0,25,1,0,0,0,6167,1,0,0,0,0,0,0,1,0,0,0,0,0,0,0,0,0,0,0,0,0,0,0,0,0,0,0
datasets/EvasionSet1/html/no-ip.com_adv.html,1,2,8,160,0,0,24,0,0,0,0,14944,40,1,0,3,6,1,0,0,0,0,1,0,2,0,0,0,2,11,2,0,0,0,1,9,1,0,0
datasets/EvasionSet1/html/noaa.gov_adv.html,2,6,1,70,0,0,60,1,0,0,0,2398,2,0,0,0,0,0,0,0,0,0,0,0,1,0,0,0,0,0,0,0,0,0,0,1,0,0,0
datasets/EvasionSet1/html/notamedia.ru_adv.html,2,16,7,91,0,0,41,1,0,0,0,5216,0,0,0,0,0,0,0,0,0,0,0,0,0,0,0,0,0,0,0,0,0,0,0,0,0,0,0
datasets/EvasionSet1/html/nova.rs_adv.html,2,5,2,557,0,0,48,1,0,0,0,19635,0,0,0,0,0,0,0,0,0,0,0,0,0,0,0,0,0,0,0,0,0,0,0,0,0,0,0
datasets/EvasionSet1/html/novinky.cz_adv.html,1,2,20,400,0,0,6,1,0,0,0,11165,1,0,0,0,0,0,0,0,0,0,0,0,0,0,0,0,0,0,0,0,0,0,0,0,0,1,0
datasets/EvasionSet1/html/npr.org_adv.html,0,6,26,288,0,0,21,1,0,0,0,21280,3,0,0,0,0,0,0,2,0,0,0,0,0,0,0,0,0,0,0,0,0,0,0,1,0,0,0
datasets/EvasionSet1/html/nps.gov_adv.html,2,6,12,263,0,0,18,1,0,0,0,5989,4,0,0,0,0,0,0,0,0,0,0,0,1,0,0,0,0,0,0,0,0,0,0,2,0,1,0
datasets/EvasionSet1/html/nsone.net_adv.html,0,0,0,0,0,0,20,0,0,0,0,21,0,0,0,0,0,0,0,0,0,0,0,0,0,0,0,0,0,0,0,0,0,0,0,0,0,0,0
datasets/EvasionSet1/html/ntp.org_adv.html,0,0,7,17,0,0,6,0,0,0,0,1343,0,0,0,0,0,0,0,0,0,0,0,0,0,0,0,0,0,0,0,0,0,0,0,0,0,0,0
datasets/EvasionSet1/html/ntppool.org_adv.html,0,2,2,143,0,0,3,0,0,0,0,6795,2,1,0,0,0,0,0,0,0,0,0,0,0,0,0,0,0,0,0,0,0,0,0,0,1,0,0
datasets/EvasionSet1/html/nvidia.com_adv.html,2,6,58,580,0,0,27,0,0,0,0,47190,41,1,0,0,0,0,0,0,0,0,0,0,0,0,0,0,0,25,0,1,0,11,0,2,0,1,0
datasets/EvasionSet1/html/nya2.com_adv.html,0,0,0,8,0,0,2,0,0,0,0,2147,2,0,0,0,0,0,0,0,0,0,0,0,0,1,0,0,0,0,0,0,0,0,0,1,0,0,0
datasets/EvasionSet1/html/nypost.com_adv.html,2,10,4,619,0,0,101,3,0,1,0,24874,9,0,1,0,0,0,0,0,0,0,0,0,1,2,0,0,0,0,0,0,0,1,0,2,0,2,0
datasets/EvasionSet1/html/nytimes.com_adv.html,0,0,37,656,0,0,28,1,0,0,0,20396,3,0,0,0,0,0,0,0,0,0,0,0,2,0,0,0,0,0,0,0,0,0,0,1,0,0,0
datasets/EvasionSet1/html/oddspark.com_adv.html,2,5,0,129,0,0,19,2,1,0,0,1929,0,0,0,0,0,0,0,0,0,0,0,0,0,0,0,0,0,0,0,0,0,0,0,0,0,0,0
datasets/EvasionSet1/html/odoo.com_adv.html,0,2,2,249,0,0,8,0,0,0,0,7039,10,0,0,2,0,0,0,0,0,0,1,0,0,0,0,0,0,1,0,0,0,0,1,5,0,0,0
datasets/EvasionSet1/html/office.com_adv.html,0,0,32,168,0,0,20,0,0,0,0,15686,31,2,0,5,2,0,0,0,0,0,0,0,0,0,0,0,0,6,0,0,0,2,0,12,2,0,0
datasets/EvasionSet1/html/office365.com_adv.html,1,1,15,113,0,0,8,0,0,0,0,12389,5,0,0,0,0,0,0,0,0,0,0,0,0,0,0,0,0,0,2,0,0,1,0,1,1,0,0
datasets/EvasionSet1/html/ojogodobicho.com_adv.html,0,0,0,26,0,0,14,1,0,0,0,2009,3,1,0,1,0,0,0,0,0,0,0,0,0,0,0,0,0,0,0,0,0,0,0,1,0,0,0
datasets/EvasionSet1/html/ok.ru_adv.html,2,13,7,47,0,0,40,1,1,0,0,858,5,0,4,0,0,0,1,0,0,0,0,0,0,0,0,0,0,0,0,0,0,0,0,0,0,0,0
datasets/EvasionSet1/html/okta.com_adv.html,0,0,19,340,0,0,20,1,0,0,0,11726,38,1,0,0,0,0,0,0,0,0,0,0,4,0,0,0,0,0,17,0,0,0,0,16,0,0,0
datasets/EvasionSet1/html/okxxx1.com_adv.html,1,4,4,284,0,0,59,2,0,0,0,6859,2,0,0,0,0,0,0,0,0,0,0,0,0,0,0,0,0,0,0,0,0,0,0,2,0,0,0
datasets/EvasionSet1/html/olx.pl_adv.html,1,2,17,139,0,0,49,0,0,0,0,3586,0,0,0,0,0,0,0,0,0,0,0,0,0,0,0,0,0,0,0,0,0,0,0,0,0,0,0
datasets/EvasionSet1/html/one.one_adv.html,1,4,2,156,0,0,13,1,0,0,0,12189,28,0,0,1,0,0,0,0,0,0,1,0,0,0,0,0,0,10,0,0,0,0,3,13,0,0,0
datasets/EvasionSet1/html/onedrive.com_adv.html,1,1,15,113,0,0,8,0,0,0,0,12389,5,0,0,0,0,0,0,0,0,0,0,0,0,0,0,0,0,0,2,0,0,1,0,1,1,0,0
datasets/EvasionSet1/html/onelink.me_adv.html,1,0,7,169,0,0,35,1,0,0,0,10454,8,2,0,0,0,0,0,0,0,0,0,0,0,0,0,0,0,0,2,0,0,1,0,2,1,0,0
datasets/EvasionSet1/html/onesignal.com_adv.html,0,0,1,129,0,0,25,1,0,0,0,10243,9,2,2,0,0,0,0,0,0,0,0,0,1,0,0,0,0,0,2,0,0,1,0,1,0,0,0
datasets/EvasionSet1/html/onet.pl_adv.html,1,1,2,306,0,0,73,2,0,0,0,3966,0,0,0,0,0,0,0,0,0,0,0,0,0,0,0,0,0,0,0,0,0,0,0,0,0,0,0
datasets/EvasionSet1/html/onetag-sys.com_adv.html,0,0,0,2,0,0,1,0,0,0,0,132,2,0,0,0,0,0,0,0,0,0,0,0,0,0,0,0,0,0,0,0,0,2,0,0,0,0,0
datasets/EvasionSet1/html/onetrust.com_adv.html,3,2,32,157,0,0,19,0,0,0,0,7645,8,0,0,0,0,0,0,0,0,0,0,0,0,0,0,0,0,0,1,0,0,0,0,7,0,0,0
datasets/EvasionSet1/html/onlinepbx.ru_adv.html,0,0,31,150,0,0,98,0,0,0,0,19880,1,0,0,0,0,0,0,1,0,0,0,0,0,0,0,0,0,0,0,0,0,0,0,0,0,0,0
datasets/EvasionSet1/html/opendns.com_adv.html,0,0,1,29,0,0,8,0,0,0,0,1373,4,2,0,0,0,0,0,0,0,0,0,0,0,0,0,0,0,0,2,0,0,0,0,0,0,0,0
datasets/EvasionSet1/html/openstreetmap.org_adv.html,4,12,21,23,0,0,6,0,0,0,0,909,2,0,0,1,0,0,0,0,0,0,0,0,0,0,0,0,0,0,0,0,0,0,0,1,0,0,0
datasets/EvasionSet1/html/opera.com_adv.html,1,7,0,79,0,0,7,1,0,0,0,4099,7,0,0,0,0,0,0,0,0,0,0,0,0,0,0,0,0,5,0,0,0,0,0,2,0,0,0
datasets/EvasionSet1/html/optimizely.com_adv.html,1,348,14,40,0,0,26,0,0,1,1,7936,3,1,0,0,0,0,0,0,0,0,0,0,0,0,0,0,0,0,0,0,0,1,0,1,0,0,0
datasets/EvasionSet1/html/otto.de_adv.html,2,1,1,583,0,0,61,0,0,0,0,15853,4,0,0,0,0,0,0,0,0,0,0,0,3,0,0,0,0,0,0,0,0,0,0,0,0,1,0
datasets/EvasionSet1/html/oup.com_adv.html,0,0,10,78,0,0,34,2,0,0,0,3972,2,0,0,0,0,0,0,0,0,0,0,0,0,0,0,0,0,0,0,0,0,0,0,2,0,0,0
datasets/EvasionSet1/html/outbrain.com_adv.html,0,0,1,67,0,0,5,1,0,0,0,5224,4,0,1,0,0,0,0,0,0,0,0,0,0,0,0,0,0,0,1,0,0,0,0,1,1,0,0
datasets/EvasionSet1/html/outlook.com_adv.html,0,0,0,0,0,0,5,0,0,0,0,35,0,0,0,0,0,0,0,0,0,0,0,0,0,0,0,0,0,0,0,0,0,0,0,0,0,0,0
datasets/EvasionSet1/html/overload.su_adv.html,1,1,10,10,0,0,28,0,0,0,0,6033,23,0,0,0,0,0,0,0,0,0,0,0,0,0,0,0,0,0,22,0,0,0,0,1,0,0,0
datasets/EvasionSet1/html/ovh.net_adv.html,0,0,0,15,0,0,2,0,0,0,0,211,0,0,0,0,0,0,0,0,0,0,0,0,0,0,0,0,0,0,0,0,0,0,0,0,0,0,0
datasets/EvasionSet1/html/pages.dev_adv.html,1,1,2,33,0,0,14,1,0,0,0,5059,4,0,1,0,0,0,0,0,0,0,0,0,0,0,0,0,0,0,1,0,0,0,0,0,1,1,0
datasets/EvasionSet1/html/palmplaystore.com_adv.html,0,0,0,0,0,0,2,0,0,0,0,2326,4,0,0,0,0,0,0,0,0,0,0,0,0,0,0,0,0,0,4,0,0,0,0,0,0,0,0
datasets/EvasionSet1/html/paloaltonetworks.com_adv.html,1,10,19,202,0,0,19,0,0,0,0,11528,68,3,1,0,0,0,0,0,0,0,0,0,0,0,0,0,0,0,60,0,0,0,0,4,0,0,0
datasets/EvasionSet1/html/pandora.com_adv.html,0,0,0,7,0,0,1,0,0,0,0,412,2,0,0,0,0,0,0,0,0,0,0,0,0,0,0,0,0,0,0,0,0,0,0,1,1,0,0
datasets/EvasionSet1/html/patreon.com_adv.html,2,2,28,166,0,0,17,0,0,0,0,4992,10,0,3,0,0,0,0,0,0,0,0,0,6,0,0,0,0,0,0,0,0,0,0,0,1,0,0
datasets/EvasionSet1/html/paypal.com_adv.html,0,0,11,82,0,0,24,0,0,0,0,3465,19,0,0,2,0,0,0,0,0,0,0,0,0,0,0,0,0,6,0,0,0,0,2,9,0,0,0
datasets/EvasionSet1/html/pbs.org_adv.html,2,2,11,106,0,0,50,0,0,1,0,2123,4,0,0,0,0,0,0,0,0,0,0,0,1,0,0,0,0,0,0,0,0,0,0,1,2,0,0
datasets/EvasionSet1/html/pccc.com_adv.html,0,0,1,30,0,0,42,0,0,0,0,7946,29,0,0,0,0,0,0,0,0,0,0,0,0,0,0,0,0,0,20,0,0,1,0,4,4,0,0
datasets/EvasionSet1/html/pendo.io_adv.html,1,0,19,225,0,0,37,9,0,0,0,17729,10,1,2,0,0,0,0,0,0,0,0,0,0,1,0,0,0,0,4,0,0,1,0,0,0,1,0
datasets/EvasionSet1/html/people.com_adv.html,2,2,19,300,0,0,8,2,0,0,0,13231,13,0,2,0,0,0,0,0,0,0,0,0,3,0,0,0,0,0,0,0,0,0,2,3,3,0,0
datasets/EvasionSet1/html/php.net_adv.html,1,3,5,259,0,0,10,0,0,0,0,16869,16,0,0,0,0,0,0,0,0,0,0,0,0,0,0,0,0,0,13,0,0,0,0,3,0,0,0
datasets/EvasionSet1/html/pinimg.com_adv.html,0,0,0,1,0,0,56,0,0,0,0,79,0,0,0,0,0,0,0,0,0,0,0,0,0,0,0,0,0,0,0,0,0,0,0,0,0,0,0
datasets/EvasionSet1/html/pinterest.com_adv.html,0,0,0,1,0,0,58,0,0,0,0,79,0,0,0,0,0,0,0,0,0,0,0,0,0,0,0,0,0,0,0,0,0,0,0,0,0,0,0
datasets/EvasionSet1/html/pki.goog_adv.html,0,0,1,24,0,0,8,1,0,0,0,2098,14,0,1,0,0,0,0,0,0,0,0,0,1,1,0,0,0,0,8,0,0,0,0,2,1,0,0
datasets/EvasionSet1/html/playrix.com_adv.html,0,0,0,0,0,0,5,1,0,0,0,7,0,0,0,0,0,0,0,0,0,0,0,0,0,0,0,0,0,0,0,0,0,0,0,0,0,0,0
datasets/EvasionSet1/html/playstation.com_adv.html,0,6,8,125,0,0,32,3,0,0,0,12449,6,0,0,0,0,1,0,0,0,0,0,0,0,1,0,0,0,2,0,1,0,0,0,1,0,0,0
datasets/EvasionSet1/html/plesk.com_adv.html,0,0,0,250,0,0,72,0,0,0,0,5603,20,5,0,0,0,0,0,0,0,0,0,0,2,0,0,0,0,0,8,0,0,0,0,5,0,0,0
datasets/EvasionSet1/html/pornhub.com_adv.html,3,16,12,538,0,0,73,1,1,0,0,15181,3,0,0,0,0,0,0,0,0,0,0,0,0,0,0,0,0,3,0,0,0,0,0,0,0,0,0
datasets/EvasionSet1/html/primevideo.com_adv.html,69,137,76,45,0,0,55,0,0,0,0,2386,5,3,0,0,0,0,0,0,0,0,0,0,0,0,0,0,0,0,0,0,0,0,0,2,0,0,0
datasets/EvasionSet1/html/prnewswire.com_adv.html,2,31,5,563,0,0,18,1,0,1,0,16115,28,7,0,0,0,0,0,1,0,0,0,0,1,0,0,0,0,0,3,0,0,0,0,9,1,6,0
datasets/EvasionSet1/html/pubmatic.com_adv.html,2,3,1,138,0,0,26,2,0,0,0,6129,4,2,0,0,0,0,0,0,0,0,0,0,0,0,0,0,0,0,0,0,0,0,0,2,0,0,0
datasets/EvasionSet1/html/python.org_adv.html,1,1,1,208,0,0,14,0,0,0,0,6615,3,0,0,0,0,0,0,0,0,0,0,0,0,0,0,0,0,0,2,0,0,0,0,1,0,0,0
datasets/EvasionSet1/html/qq.com_adv.html,0,1,1,129,0,0,14,2,0,0,0,1304,0,0,0,0,0,0,0,0,0,0,0,0,0,0,0,0,0,0,0,0,0,0,0,0,0,0,0
datasets/EvasionSet1/html/qualtrics.com_adv.html,26,199,41,34,0,0,23,1,0,4,3,15887,1,0,0,0,0,0,0,0,0,0,0,0,0,0,0,0,0,0,0,0,0,0,0,1,0,0,0
datasets/EvasionSet1/html/quickconnect.to_adv.html,0,2,0,3,0,0,6,0,0,0,0,2006,7,2,0,0,1,2,0,0,0,0,0,0,0,0,0,0,0,0,0,0,0,0,0,1,1,0,0
datasets/EvasionSet1/html/rackspace.com_adv.html,1,1,4,394,0,0,11,2,0,0,0,18294,39,0,2,0,0,0,0,0,0,0,0,0,0,0,0,0,0,0,34,0,0,0,0,3,0,0,0
datasets/EvasionSet1/html/rainberrytv.com_adv.html,0,0,0,1,0,0,5,0,0,0,0,11,0,0,0,0,0,0,0,0,0,0,0,0,0,0,0,0,0,0,0,0,0,0,0,0,0,0,0
datasets/EvasionSet1/html/rakuten.co.jp_adv.html,0,0,0,0,0,0,1,0,0,0,0,42,0,0,0,0,0,0,0,0,0,0,0,0,0,0,0,0,0,0,0,0,0,0,0,0,0,0,0
datasets/EvasionSet1/html/rakuten.com_adv.html,0,0,0,2,0,0,14,1,0,0,0,135,1,0,0,0,0,0,0,0,0,0,0,0,0,0,0,0,0,0,0,0,0,0,0,1,0,0,0
datasets/EvasionSet1/html/rambler.ru_adv.html,1,1,4,170,0,0,26,0,0,0,0,14448,0,0,0,0,0,0,0,0,0,0,0,0,0,0,0,0,0,0,0,0,0,0,0,0,0,0,0
datasets/EvasionSet1/html/rayjump.com_adv.html,0,0,0,4,0,0,2,0,0,0,0,267,0,0,0,0,0,0,0,0,0,0,0,0,0,0,0,0,0,0,0,0,0,0,0,0,0,0,0
datasets/EvasionSet1/html/rbc.ru_adv.html,2,7,2,280,0,0,33,0,0,0,0,6860,0,0,0,0,0,0,0,0,0,0,0,0,0,0,0,0,0,0,0,0,0,0,0,0,0,0,0
datasets/EvasionSet1/html/redd.it_adv.html,1,1,6,92,0,0,50,0,0,0,0,3521,2,0,0,1,0,0,0,0,0,0,0,0,0,0,0,0,0,0,0,0,0,0,0,1,0,0,0
datasets/EvasionSet1/html/reddit.com_adv.html,1,1,10,25,0,0,48,0,0,0,0,2091,5,0,0,1,0,0,0,0,0,0,0,0,0,0,0,0,0,0,0,0,0,3,0,1,0,0,0
datasets/EvasionSet1/html/redhat.com_adv.html,1,1,2,311,0,0,37,0,0,0,0,14950,46,0,4,0,0,0,0,0,0,0,0,0,1,0,0,0,0,0,13,0,0,0,0,19,6,3,0
datasets/EvasionSet1/html/reg.ru_adv.html,0,0,0,0,0,0,2,0,0,0,0,0,0,0,0,0,0,0,0,0,0,0,0,0,0,0,0,0,0,0,0,0,0,0,0,0,0,0,0
datasets/EvasionSet1/html/registrar-servers.com_adv.html,0,0,0,1,0,0,1,0,0,0,0,85,0,0,0,0,0,0,0,0,0,0,0,0,0,0,0,0,0,0,0,0,0,0,0,0,0,0,0
datasets/EvasionSet1/html/repubblica.it_adv.html,3,5,12,611,0,0,21,0,0,0,0,23191,4,0,0,0,0,0,0,0,0,0,0,0,0,0,0,0,0,0,0,0,0,0,0,4,0,0,0
datasets/EvasionSet1/html/reuters.com_adv.html,0,0,10,285,0,0,18,0,0,0,0,11938,4,0,0,0,0,0,0,0,0,0,0,0,0,1,0,0,0,0,1,0,0,0,0,0,0,2,0
datasets/EvasionSet1/html/ring.com_adv.html,0,0,1,39,0,0,49,0,0,0,0,1881,3,0,2,1,0,0,0,0,0,0,0,0,0,0,0,0,0,0,0,0,0,0,0,0,0,0,0
datasets/EvasionSet1/html/roblox.com_adv.html,0,0,0,0,0,0,167,0,0,0,0,6,0,0,0,0,0,0,0,0,0,0,0,0,0,0,0,0,0,0,0,0,0,0,0,0,0,0,0
datasets/EvasionSet1/html/roku.com_adv.html,0,0,0,2,0,0,9,1,0,0,0,78,0,0,0,0,0,0,0,0,0,0,0,0,0,0,0,0,0,0,0,0,0,0,0,0,0,0,0
datasets/EvasionSet1/html/rspamd.com_adv.html,0,0,0,0,0,0,2,0,0,0,0,35,1,0,0,0,0,0,0,0,0,0,0,0,0,0,0,0,0,0,1,0,0,0,0,0,0,0,0
datasets/EvasionSet1/html/rt.ru_adv.html,0,1,1,1,0,0,5,0,0,0,0,582,0,0,0,0,0,0,0,0,0,0,0,0,0,0,0,0,0,0,0,0,0,0,0,0,0,0,0
datasets/EvasionSet1/html/rubiconproject.com_adv.html,2,5,27,118,0,0,14,1,0,1,0,5743,5,3,0,0,0,0,0,0,0,0,0,0,0,0,0,0,0,0,0,0,0,1,0,1,0,0,0
datasets/EvasionSet1/html/rutube.ru_adv.html,1,1,29,319,0,0,29,0,0,0,0,3397,0,0,0,0,0,0,0,0,0,0,0,0,0,0,0,0,0,0,0,0,0,0,0,0,0,0,0
datasets/EvasionSet1/html/ryanair.com_adv.html,0,0,0,0,0,0,5,0,0,0,0,7,0,0,0,0,0,0,0,0,0,0,0,0,0,0,0,0,0,0,0,0,0,0,0,0,0,0,0
datasets/EvasionSet1/html/sagepub.com_adv.html,3,13,68,47,0,0,29,1,1,1,0,4147,8,0,0,0,0,0,5,0,0,0,0,0,0,0,0,0,0,0,0,0,0,0,0,0,3,0,0
datasets/EvasionSet1/html/salesforce.com_adv.html,0,0,72,563,0,0,29,0,0,0,0,8988,6,0,0,1,0,0,0,0,0,0,1,0,0,0,0,0,0,0,0,0,0,0,2,2,0,0,0
datasets/EvasionSet1/html/salesforceliveagent.com_adv.html,0,0,72,563,0,0,29,0,0,0,0,8988,6,0,0,1,0,0,0,0,0,0,1,0,0,0,0,0,0,0,0,0,0,0,2,2,0,0,0
datasets/EvasionSet1/html/samsung.com_adv.html,7,105,60,270,0,0,26,1,0,0,0,7553,17,2,0,4,0,0,0,1,0,0,2,0,0,0,0,0,1,2,0,0,0,0,0,2,3,0,0
datasets/EvasionSet1/html/samsungapps.com_adv.html,0,0,0,0,0,0,1,0,0,0,0,0,0,0,0,0,0,0,0,0,0,0,0,0,0,0,0,0,0,0,0,0,0,0,0,0,0,0,0
datasets/EvasionSet1/html/samsungosp.com_adv.html,0,0,0,3,0,0,2,0,0,0,0,599,0,0,0,0,0,0,0,0,0,0,0,0,0,0,0,0,0,0,0,0,0,0,0,0,0,0,0
datasets/EvasionSet1/html/sapo.pt_adv.html,1,7,6,567,0,0,12,1,0,1,0,16448,6,1,0,0,0,0,0,0,0,0,0,0,0,0,0,0,0,1,0,0,0,0,0,3,0,0,1
datasets/EvasionSet1/html/sberbank.ru_adv.html,0,0,0,0,0,0,5,0,0,0,0,92,0,0,0,0,0,0,0,0,0,0,0,0,0,0,0,0,0,0,0,0,0,0,0,0,0,0,0
datasets/EvasionSet1/html/scorecardresearch.com_adv.html,1,0,0,23,0,0,14,1,0,0,0,2009,5,0,0,0,0,0,0,0,0,0,0,0,4,0,0,0,0,0,0,0,0,0,0,1,0,0,0
datasets/EvasionSet1/html/scribd.com_adv.html,2,2,29,164,0,0,20,1,0,0,0,7341,4,2,0,0,1,0,0,0,0,0,0,0,0,0,0,0,0,0,0,0,0,0,0,1,0,0,0
datasets/EvasionSet1/html/sedo.com_adv.html,0,0,0,22,0,0,10,0,0,0,0,4514,5,0,0,0,0,0,0,0,0,0,1,0,0,1,0,0,0,0,0,0,0,0,0,3,0,0,0
datasets/EvasionSet1/html/seedtag.com_adv.html,0,0,0,71,0,0,7,0,0,0,0,2469,3,0,0,0,0,0,0,0,0,0,0,0,0,0,0,0,0,0,0,0,0,0,0,3,0,0,0
datasets/EvasionSet1/html/segment.io_adv.html,2,14,63,355,0,0,20,0,0,1,1,24823,29,0,2,0,0,0,0,0,0,0,0,0,2,0,0,0,0,0,16,0,0,1,0,7,1,0,0
datasets/EvasionSet1/html/sentinelone.net_adv.html,0,0,0,0,0,0,5,0,0,0,0,98,0,0,0,0,0,0,0,0,0,0,0,0,0,0,0,0,0,0,0,0,0,0,0,0,0,0,0
datasets/EvasionSet1/html/sentry.io_adv.html,1,4,35,135,0,0,54,0,0,1,0,11562,18,2,0,0,0,0,0,0,0,0,0,0,3,0,0,0,0,0,3,0,0,4,0,4,2,0,0
datasets/EvasionSet1/html/service.gov.uk_adv.html,3,4,13,106,0,0,9,0,0,0,0,5386,6,0,0,0,0,0,0,0,0,0,0,0,0,0,0,0,0,0,0,0,0,0,0,1,5,0,0
datasets/EvasionSet1/html/seznam.cz_adv.html,2,8,120,503,0,0,11,0,0,0,0,29251,2,0,0,0,0,0,0,0,0,0,0,0,0,0,0,0,0,0,0,0,0,0,0,0,0,2,0
datasets/EvasionSet1/html/shalltry.com_adv.html,0,0,0,2,0,0,1,0,0,0,0,318,0,0,0,0,0,0,0,0,0,0,0,0,0,0,0,0,0,0,0,0,0,0,0,0,0,0,0
datasets/EvasionSet1/html/sharepoint.com_adv.html,1,1,15,113,0,0,8,0,0,0,0,12389,5,0,0,0,0,0,0,0,0,0,0,0,0,0,0,0,0,0,2,0,0,1,0,1,1,0,0
datasets/EvasionSet1/html/sharethrough.com_adv.html,2,11,1,142,0,0,23,1,0,2,0,14948,9,0,2,0,0,0,0,0,0,0,0,0,1,1,0,0,0,0,0,0,0,0,0,4,0,1,0
datasets/EvasionSet1/html/shein.com_adv.html,1,1,2,79,0,0,34,0,0,0,0,1102,0,0,0,0,0,0,0,0,0,0,0,0,0,0,0,0,0,0,0,0,0,0,0,0,0,0,0
datasets/EvasionSet1/html/shopee.co.id_adv.html,0,0,0,0,0,0,17,1,0,0,0,0,0,0,0,0,0,0,0,0,0,0,0,0,0,0,0,0,0,0,0,0,0,0,0,0,0,0,0
datasets/EvasionSet1/html/shopee.com.br_adv.html,0,0,0,0,0,0,17,1,0,0,0,0,0,0,0,0,0,0,0,0,0,0,0,0,0,0,0,0,0,0,0,0,0,0,0,0,0,0,0
datasets/EvasionSet1/html/shopeemobile.com_adv.html,0,0,0,0,0,0,17,1,0,0,0,0,0,0,0,0,0,0,0,0,0,0,0,0,0,0,0,0,0,0,0,0,0,0,0,0,0,0,0
datasets/EvasionSet1/html/shopify.com_adv.html,0,0,9,315,0,0,4,0,0,0,0,10084,3,0,1,0,0,0,0,0,0,0,0,0,2,0,0,0,0,0,0,0,0,0,0,0,0,0,0
datasets/EvasionSet1/html/shutterstock.com_adv.html,0,2,13,28,0,0,35,0,0,0,0,664,1,0,0,1,0,0,0,0,0,0,0,0,0,0,0,0,0,0,0,0,0,0,0,0,0,0,0
datasets/EvasionSet1/html/sina.com.cn_adv.html,7,21,0,959,0,0,101,0,0,0,0,30746,0,0,0,0,0,0,0,0,0,0,0,0,0,0,0,0,0,0,0,0,0,0,0,0,0,0,0
datasets/EvasionSet1/html/singular.net_adv.html,1,3,3,215,0,0,30,1,0,0,0,5492,9,0,2,0,0,0,0,0,0,0,0,0,0,0,0,0,0,0,3,0,0,0,0,4,0,0,0
datasets/EvasionSet1/html/skype.com_adv.html,1,2,12,8,0,0,9,0,0,0,0,1554,3,0,0,1,0,1,0,0,0,0,0,0,0,0,0,0,0,0,0,0,0,0,0,1,0,0,0
datasets/EvasionSet1/html/slack.com_adv.html,0,0,17,260,0,0,25,0,0,0,0,11281,8,0,0,2,0,0,0,0,0,0,0,0,0,0,0,0,0,6,0,0,0,0,0,0,0,0,0
datasets/EvasionSet1/html/slideshare.net_adv.html,1,7,23,56,0,0,22,1,0,0,0,5353,3,1,0,1,0,0,0,0,0,0,0,0,0,0,0,0,0,0,0,0,0,0,0,1,0,0,0
datasets/EvasionSet1/html/smartadserver.com_adv.html,1,2,3,157,0,0,20,1,0,0,0,7690,3,0,0,0,0,0,0,0,0,0,0,0,0,0,0,0,0,0,0,0,0,1,0,2,0,0,0
datasets/EvasionSet1/html/smartthings.com_adv.html,7,111,119,336,0,0,34,0,0,0,0,19935,30,0,0,0,0,0,0,0,0,0,0,0,4,0,0,0,0,0,1,0,0,1,0,2,22,0,0
datasets/EvasionSet1/html/snapchat.com_adv.html,0,1,2,44,0,0,13,0,0,0,0,1242,4,0,0,0,0,0,0,3,0,0,0,0,0,0,0,0,0,0,0,0,0,0,0,0,1,0,0
datasets/EvasionSet1/html/sohu.com_adv.html,0,1,0,150,0,0,23,0,0,0,0,53178,1,0,0,0,0,0,0,0,0,0,0,0,0,0,0,0,0,0,0,0,0,0,0,1,0,0,0
datasets/EvasionSet1/html/soundcloud.com_adv.html,0,0,0,9,0,0,23,0,0,0,0,425,0,0,0,0,0,0,0,0,0,0,0,0,0,0,0,0,0,0,0,0,0,0,0,0,0,0,0
datasets/EvasionSet1/html/spamhaus.org_adv.html,2,2,7,78,0,0,7,1,0,0,0,3971,5,2,0,0,0,0,0,0,0,0,0,0,1,0,0,0,0,0,0,0,0,0,0,1,1,0,0
datasets/EvasionSet1/html/speedtest.net_adv.html,0,0,0,88,0,0,16,1,0,0,0,1164,2,0,0,0,0,0,0,0,0,0,0,0,0,0,0,0,0,0,0,0,0,0,0,0,2,0,0
datasets/EvasionSet1/html/spiegel.de_adv.html,2,4,228,942,0,0,25,1,0,0,0,40773,6,1,0,0,0,0,0,3,0,0,0,0,0,0,0,0,0,0,0,0,0,1,0,0,1,0,0
datasets/EvasionSet1/html/split.io_adv.html,0,0,0,39,0,0,12,1,0,0,0,4491,6,1,0,0,0,0,0,0,0,0,0,0,0,0,0,0,0,0,0,0,0,0,0,3,2,0,0
datasets/EvasionSet1/html/sportradar.com_adv.html,1,21,11,200,0,0,41,3,0,1,1,13538,14,0,0,0,0,0,0,0,0,0,0,0,2,1,0,0,0,0,1,0,0,4,0,6,0,0,0
datasets/EvasionSet1/html/spotify.com_adv.html,0,0,0,0,0,0,12,0,0,0,0,20,0,0,0,0,0,0,0,0,0,0,0,0,0,0,0,0,0,0,0,0,0,0,0,0,0,0,0
datasets/EvasionSet1/html/springer.com_adv.html,0,0,1,78,0,0,6,1,0,0,0,2231,2,0,0,0,0,0,0,0,0,0,0,0,0,0,0,0,0,0,0,0,0,0,0,2,0,0,0
datasets/EvasionSet1/html/squarespace.com_adv.html,1,1,60,275,0,0,35,1,0,0,0,23641,24,2,0,2,0,0,0,0,0,0,3,0,0,0,0,0,0,5,0,0,0,0,0,12,0,0,0
datasets/EvasionSet1/html/stackadapt.com_adv.html,0,16,7,121,0,0,39,1,0,0,0,7624,6,0,1,0,0,0,0,0,0,0,0,0,0,0,0,0,0,0,0,0,0,2,0,3,0,0,0
datasets/EvasionSet1/html/stanford.edu_adv.html,1,3,3,114,0,0,17,1,0,0,0,7068,1,0,0,0,0,0,0,0,0,0,0,0,0,0,0,0,0,0,0,0,0,0,0,1,0,0,0
datasets/EvasionSet1/html/staples.com_adv.html,0,3,1,113,0,0,43,0,0,0,0,5083,1,0,0,0,0,0,0,0,0,0,0,0,0,0,0,0,0,0,0,0,0,1,0,0,0,0,0
datasets/EvasionSet1/html/statista.com_adv.html,4,3,27,352,0,0,20,1,0,0,0,20507,19,0,0,0,0,0,0,0,0,0,0,0,0,0,0,0,0,0,0,0,0,0,0,8,11,0,0
datasets/EvasionSet1/html/steamcommunity.com_adv.html,3,10,0,101,0,0,36,0,0,0,0,2445,0,0,0,0,0,0,0,0,0,0,0,0,0,0,0,0,0,0,0,0,0,0,0,0,0,0,0
datasets/EvasionSet1/html/steampowered.com_adv.html,0,4,5,316,0,0,25,0,0,0,0,19496,5,0,0,0,0,0,0,2,0,0,0,1,0,0,0,0,0,0,0,0,0,0,2,0,0,0,0
datasets/EvasionSet1/html/stripe.com_adv.html,1,1,19,419,0,0,10,1,0,0,0,21510,18,0,0,2,0,0,0,0,0,0,4,0,0,0,0,0,0,0,0,0,0,0,0,11,0,0,1
datasets/EvasionSet1/html/substack.com_adv.html,0,0,8,7,0,0,100,0,0,0,0,326,1,0,1,0,0,0,0,0,0,0,0,0,0,0,0,0,0,0,0,0,0,0,0,0,0,0,0
datasets/EvasionSet1/html/supercell.com_adv.html,0,0,3,75,0,0,13,1,0,0,0,1782,1,0,0,0,0,0,0,0,0,0,0,0,1,0,0,0,0,0,0,0,0,0,0,0,0,0,0
datasets/EvasionSet1/html/surveymonkey.com_adv.html,0,0,9,223,0,0,88,0,0,0,0,7928,14,0,4,0,0,0,0,0,0,0,0,0,0,0,0,0,0,0,3,0,0,0,0,7,0,0,0
datasets/EvasionSet1/html/synology.com_adv.html,0,2,0,50,0,0,38,0,0,0,0,1486,1,0,0,0,0,0,0,0,0,0,0,0,0,0,0,0,0,0,0,0,0,0,0,1,0,0,0
datasets/EvasionSet1/html/t-online.de_adv.html,3,10,29,893,0,0,53,0,0,1,0,21287,4,2,0,0,0,0,0,0,0,0,0,0,0,0,0,0,0,0,0,0,0,0,0,0,0,2,0
datasets/EvasionSet1/html/t.co_adv.html,0,0,0,13,0,0,2,0,0,0,0,310,1,0,0,0,0,0,0,0,0,0,0,0,0,0,0,0,0,0,0,0,0,0,0,1,0,0,0
datasets/EvasionSet1/html/t.me_adv.html,0,0,0,61,0,0,4,0,0,0,0,2072,4,0,0,0,1,0,0,0,0,0,0,0,0,0,0,0,0,1,0,0,0,0,0,2,0,0,0
datasets/EvasionSet1/html/taboola.com_adv.html,0,3,4,138,0,0,12,1,0,0,0,5389,7,2,0,0,0,0,0,0,0,0,0,0,1,0,0,0,0,0,0,0,0,0,0,2,2,0,0
datasets/EvasionSet1/html/taobao.com_adv.html,0,0,0,41,0,0,28,0,0,0,0,514,0,0,0,0,0,0,0,0,0,0,0,0,0,0,0,0,0,0,0,0,0,0,0,0,0,0,0
datasets/EvasionSet1/html/tapad.com_adv.html,0,0,1,77,0,0,15,0,0,0,0,2568,2,0,1,0,0,0,0,0,0,0,0,0,0,0,0,0,0,0,1,0,0,0,0,0,0,0,0
datasets/EvasionSet1/html/target.com_adv.html,3,5,14,61,0,0,87,0,0,0,0,2419,0,0,0,0,0,0,0,0,0,0,0,0,0,0,0,0,0,0,0,0,0,0,0,0,0,0,0
datasets/EvasionSet1/html/teads.tv_adv.html,0,0,0,1,0,0,1,0,0,0,0,53,0,0,0,0,0,0,0,0,0,0,0,0,0,0,0,0,0,0,0,0,0,0,0,0,0,0,0
datasets/EvasionSet1/html/teamviewer.com_adv.html,0,0,25,210,0,0,15,1,0,0,0,12519,5,0,0,0,0,0,0,0,0,0,0,0,0,0,0,0,0,0,0,0,0,0,0,5,0,0,0
datasets/EvasionSet1/html/techcrunch.com_adv.html,2,2,8,341,0,0,38,0,0,1,0,11852,12,0,0,0,0,0,0,0,0,0,0,0,2,1,0,0,0,0,7,0,0,0,0,2,0,0,0
datasets/EvasionSet1/html/ted.com_adv.html,2,4,10,57,0,0,45,0,0,2,0,2352,1,0,0,0,0,0,0,0,0,0,0,0,1,0,0,0,0,0,0,0,0,0,0,0,0,0,0
datasets/EvasionSet1/html/telegram.me_adv.html,0,0,0,61,0,0,4,0,0,0,0,2072,4,0,0,0,1,0,0,0,0,0,0,0,0,0,0,0,0,1,0,0,0,0,0,2,0,0,0
datasets/EvasionSet1/html/telegram.org_adv.html,0,0,0,61,0,0,4,0,0,0,0,2072,4,0,0,0,1,0,0,0,0,0,0,0,0,0,0,0,0,1,0,0,0,0,0,2,0,0,0
datasets/EvasionSet1/html/telekom.de_adv.html,0,0,81,402,0,0,18,0,0,0,0,10977,3,3,0,0,0,0,0,0,0,0,0,0,0,0,0,0,0,0,0,0,0,0,0,0,0,0,0
datasets/EvasionSet1/html/telekom.net_adv.html,2,1,2,222,0,0,13,0,0,0,0,6987,6,0,0,0,0,0,0,0,0,0,0,0,0,0,0,0,0,0,2,0,0,0,0,4,0,0,0
datasets/EvasionSet1/html/temu.com_adv.html,0,0,0,0,0,0,2,0,0,0,0,0,0,0,0,0,0,0,0,0,0,0,0,0,0,0,0,0,0,0,0,0,0,0,0,0,0,0,0
datasets/EvasionSet1/html/tencent.com_adv.html,0,0,0,118,0,0,17,1,0,0,0,2894,0,0,0,0,0,0,0,0,0,0,0,0,0,0,0,0,0,0,0,0,0,0,0,0,0,0,0
datasets/EvasionSet1/html/theatlantic.com_adv.html,2,2,11,310,0,0,29,0,0,1,0,8659,6,0,0,0,0,0,0,0,0,0,0,0,0,0,0,0,0,0,1,0,0,0,0,4,0,1,0
datasets/EvasionSet1/html/theguardian.com_adv.html,2,11,37,335,0,0,21,0,0,0,0,19226,6,0,0,0,0,0,0,0,0,0,0,0,0,1,0,0,0,0,0,0,0,1,0,1,3,0,0
datasets/EvasionSet1/html/themeforest.net_adv.html,21,22,40,518,0,0,14,2,0,0,0,7852,4,0,0,0,0,0,0,1,0,0,0,0,0,0,0,0,0,0,0,0,0,0,0,0,1,2,0
datasets/EvasionSet1/html/theverge.com_adv.html,1,1,48,250,0,0,30,0,0,0,0,15765,8,1,0,0,0,0,0,1,0,0,0,0,3,0,0,0,0,0,1,0,0,1,0,1,0,0,0
datasets/EvasionSet1/html/threads.com_adv.html,0,0,0,0,0,0,67,0,0,0,0,7,0,0,0,0,0,0,0,0,0,0,0,0,0,0,0,0,0,0,0,0,0,0,0,0,0,0,0
datasets/EvasionSet1/html/tiktok.com_adv.html,0,0,0,5,0,0,24,0,0,0,0,937,5,0,2,0,0,0,0,0,0,0,0,0,0,1,0,0,0,0,0,0,0,0,0,0,2,0,0
datasets/EvasionSet1/html/tiktokv.com_adv.html,0,0,0,5,0,0,24,0,0,0,0,937,5,0,2,0,0,0,0,0,0,0,0,0,0,1,0,0,0,0,0,0,0,0,0,0,2,0,0
datasets/EvasionSet1/html/tiktokw.us_adv.html,0,0,0,5,0,0,24,0,0,0,0,937,5,0,2,0,0,0,0,0,0,0,0,0,0,1,0,0,0,0,0,0,0,0,0,0,2,0,0
datasets/EvasionSet1/html/time.com_adv.html,1,2,25,197,0,0,103,0,0,1,0,7936,3,0,0,0,0,0,0,0,0,0,0,0,2,0,0,0,0,0,0,0,0,0,0,1,0,0,0
datasets/EvasionSet1/html/timeweb.ru_adv.html,1,1,18,85,0,0,17,1,0,0,0,17247,0,0,0,0,0,0,0,0,0,0,0,0,0,0,0,0,0,0,0,0,0,0,0,0,0,0,0
datasets/EvasionSet1/html/tinyurl.com_adv.html,0,0,0,0,0,0,7,0,0,0,0,56,0,0,0,0,0,0,0,0,0,0,0,0,0,0,0,0,0,0,0,0,0,0,0,0,0,0,0
datasets/EvasionSet1/html/tp-link.com_adv.html,4,9,13,261,0,0,16,0,0,0,0,8445,17,1,0,0,0,0,0,1,0,0,0,0,0,1,0,0,0,2,3,0,0,2,0,7,0,0,0
datasets/EvasionSet1/html/tplinkcloud.com_adv.html,0,7,0,5,0,0,10,0,1,0,0,3638,5,0,0,0,0,0,2,1,0,0,0,0,1,0,0,0,0,0,0,0,0,0,0,0,1,0,0
datasets/EvasionSet1/html/tradingview.com_adv.html,0,0,60,562,0,0,62,0,0,0,0,28159,42,0,0,0,0,0,0,0,0,0,0,0,26,5,0,0,0,0,2,0,0,0,0,0,3,6,0
datasets/EvasionSet1/html/trendmicro.com_adv.html,2,3,10,330,0,0,23,0,0,0,0,26939,152,4,0,0,1,0,0,0,0,0,0,0,0,0,0,0,1,96,47,0,0,0,0,3,0,0,0
datasets/EvasionSet1/html/trustpilot.com_adv.html,1,2,32,235,0,0,19,0,0,0,0,13459,22,2,3,0,0,0,0,2,0,0,0,0,2,1,0,1,0,0,0,0,0,0,0,3,2,6,0
datasets/EvasionSet1/html/tumblr.com_adv.html,1,1,6,11,0,0,7,0,0,0,0,177,2,0,0,1,0,0,0,0,0,0,0,0,0,0,0,0,0,0,0,0,0,0,0,1,0,0,0
datasets/EvasionSet1/html/twitch.tv_adv.html,0,0,0,0,0,0,63,0,0,0,0,6,0,0,0,0,0,0,0,0,0,0,0,0,0,0,0,0,0,0,0,0,0,0,0,0,0,0,0
datasets/EvasionSet1/html/twitter.com_adv.html,1,1,1,6,0,0,12,0,0,0,0,534,0,0,0,0,0,0,0,0,0,0,0,0,0,0,0,0,0,0,0,0,0,0,0,0,0,0,0
datasets/EvasionSet1/html/typeform.com_adv.html,0,0,3,143,0,0,50,1,0,0,0,5137,5,0,1,0,0,0,0,0,0,0,0,0,1,0,0,0,0,0,1,0,0,0,0,2,0,0,0
datasets/EvasionSet1/html/ubnt.com_adv.html,0,0,0,0,0,0,11,0,0,0,0,79,0,0,0,0,0,0,0,0,0,0,0,0,0,0,0,0,0,0,0,0,0,0,0,0,0,0,0
datasets/EvasionSet1/html/ubuntu.com_adv.html,1,2,2,254,0,0,16,1,0,0,0,8530,42,0,1,0,0,0,0,0,0,0,0,0,6,0,0,0,0,0,18,0,0,0,0,16,1,0,0
datasets/EvasionSet1/html/ui.com_adv.html,0,0,0,0,0,0,11,0,0,0,0,79,0,0,0,0,0,0,0,0,0,0,0,0,0,0,0,0,0,0,0,0,0,0,0,0,0,0,0
datasets/EvasionSet1/html/uk.com_adv.html,0,2,2,41,0,0,12,1,0,0,0,3886,4,0,0,0,0,0,0,0,0,0,0,0,0,0,0,0,0,0,0,0,0,0,0,4,0,0,0
datasets/EvasionSet1/html/un.org_adv.html,0,0,6,12,0,0,5,0,0,0,0,1192,0,0,0,0,0,0,0,0,0,0,0,0,0,0,0,0,0,0,0,0,0,0,0,0,0,0,0
datasets/EvasionSet1/html/unesco.org_adv.html,2,5,4,273,0,0,10,1,0,0,0,13144,3,0,0,0,0,0,0,0,0,0,0,0,1,0,0,0,0,0,0,0,0,0,0,0,2,0,0
datasets/EvasionSet1/html/unity3d.com_adv.html,0,1,1,74,0,0,69,0,0,0,0,4529,3,0,0,0,0,0,0,0,0,0,0,0,0,0,0,0,0,1,0,0,0,0,0,1,0,0,1
datasets/EvasionSet1/html/unpkg.com_adv.html,0,0,0,42,0,0,5,0,0,0,0,6741,2,0,0,0,0,0,0,0,0,0,0,0,0,0,0,0,0,0,0,0,0,1,0,1,0,0,0
datasets/EvasionSet1/html/unrulymedia.com_adv.html,0,0,0,0,0,0,1,0,0,0,0,0,0,0,0,0,0,0,0,0,0,0,0,0,0,0,0,0,0,0,0,0,0,0,0,0,0,0,0
datasets/EvasionSet1/html/uol.com.br_adv.html,1,2,6,571,0,0,41,0,0,0,0,17065,12,0,0,0,0,1,0,0,0,0,1,0,0,0,0,0,0,4,0,1,0,0,1,0,0,3,1
datasets/EvasionSet1/html/usatoday.com_adv.html,1,1,4,215,0,0,11,0,0,1,0,6647,4,0,0,0,0,0,0,0,0,0,0,0,0,0,0,0,0,0,2,0,0,0,0,1,1,0,0
datasets/EvasionSet1/html/userapi.com_adv.html,0,0,0,0,0,0,57,0,0,0,0,15,0,0,0,0,0,0,0,0,0,0,0,0,0,0,0,0,0,0,0,0,0,0,0,0,0,0,0
datasets/EvasionSet1/html/usps.com_adv.html,9,16,2,232,0,0,22,1,0,0,0,7178,13,0,0,0,0,0,0,0,0,0,0,0,2,0,0,2,0,0,0,0,0,5,0,4,0,0,0
datasets/EvasionSet1/html/utorrent.com_adv.html,0,0,34,52,0,0,21,1,0,0,0,2636,2,0,0,0,0,0,0,0,0,0,0,0,0,0,0,0,0,0,2,0,0,0,0,0,0,0,0
datasets/EvasionSet1/html/verisign.com_adv.html,2,5,11,170,0,0,14,0,0,0,0,4589,17,2,2,0,0,0,0,0,0,0,0,0,0,0,0,0,0,0,1,0,0,0,0,8,4,0,0
datasets/EvasionSet1/html/viber.com_adv.html,0,0,1,79,0,0,15,1,0,0,0,2134,4,0,0,0,0,0,0,0,0,0,0,0,0,0,0,0,0,4,0,0,0,0,0,0,0,0,0
datasets/EvasionSet1/html/vimeo.com_adv.html,0,0,85,324,0,0,110,0,0,0,0,11240,22,2,2,0,0,0,1,0,0,0,0,0,0,0,0,0,0,0,8,0,0,1,0,7,1,0,0
datasets/EvasionSet1/html/visualstudio.com_adv.html,1,1,21,196,0,0,41,0,0,0,0,9443,9,0,0,0,0,0,0,0,0,0,0,0,1,0,0,0,0,0,4,0,0,0,0,1,3,0,0
datasets/EvasionSet1/html/vivo.com.cn_adv.html,0,1,0,213,0,0,13,0,0,0,0,2075,0,0,0,0,0,0,0,0,0,0,0,0,0,0,0,0,0,0,0,0,0,0,0,0,0,0,0
datasets/EvasionSet1/html/vivoglobal.com_adv.html,0,0,0,5,0,0,1,0,0,0,0,93,0,0,0,0,0,0,0,0,0,0,0,0,0,0,0,0,0,0,0,0,0,0,0,0,0,0,0
datasets/EvasionSet1/html/vk.com_adv.html,0,0,0,0,0,0,57,0,0,0,0,15,0,0,0,0,0,0,0,0,0,0,0,0,0,0,0,0,0,0,0,0,0,0,0,0,0,0,0
datasets/EvasionSet1/html/vkontakte.ru_adv.html,0,0,0,0,0,0,57,0,0,0,0,15,0,0,0,0,0,0,0,0,0,0,0,0,0,0,0,0,0,0,0,0,0,0,0,0,0,0,0
datasets/EvasionSet1/html/vungle.com_adv.html,1,6,27,202,0,0,52,0,0,0,0,7688,6,1,3,0,0,0,0,0,0,0,0,0,0,0,0,0,0,0,0,0,0,0,0,2,0,0,0
datasets/EvasionSet1/html/w3.org_adv.html,0,0,2,98,0,0,5,0,0,0,0,5727,4,0,0,0,0,0,0,0,0,0,0,0,0,0,0,0,0,0,1,0,0,0,0,2,1,0,0
datasets/EvasionSet1/html/w3schools.com_adv.html,1,11,3,756,0,0,21,2,0,0,0,13757,17,0,2,0,0,0,0,0,0,0,0,0,0,0,0,0,0,0,6,0,0,2,0,5,2,0,0
datasets/EvasionSet1/html/walmart.com_adv.html,0,0,0,5,0,0,7,0,0,0,0,220,1,0,0,0,0,0,0,0,0,0,0,0,0,1,0,0,0,0,0,0,0,0,0,0,0,0,0
datasets/EvasionSet1/html/warnerbros.com_adv.html,0,1,2,99,0,0,10,1,0,0,0,2769,0,0,0,0,0,0,0,0,0,0,0,0,0,0,0,0,0,0,0,0,0,0,0,0,0,0,0
datasets/EvasionSet1/html/washington.edu_adv.html,0,0,11,151,0,0,16,1,0,0,0,4014,1,0,0,0,0,0,0,0,0,0,0,0,0,0,0,0,0,0,0,0,0,0,0,1,0,0,0
datasets/EvasionSet1/html/wattpad.com_adv.html,1,2,31,129,0,0,9,1,0,0,0,2698,2,1,0,0,0,0,0,0,0,0,0,0,0,0,0,0,0,0,0,0,0,0,0,1,0,0,0
datasets/EvasionSet1/html/weather.com_adv.html,2,2,9,249,0,0,24,0,0,0,0,8136,4,0,0,1,0,0,0,0,0,0,0,0,0,0,0,0,0,0,0,0,0,0,0,3,0,0,0
datasets/EvasionSet1/html/webex.com_adv.html,0,0,7,209,0,0,19,0,0,0,0,8964,19,0,0,0,0,0,0,0,0,0,0,0,0,0,0,0,0,0,5,0,0,0,0,14,0,0,0
datasets/EvasionSet1/html/webmd.com_adv.html,2,9,14,210,0,0,25,0,0,0,0,5988,4,0,1,0,0,0,0,0,0,0,0,0,1,0,0,0,0,0,0,0,0,1,0,1,0,0,0
datasets/EvasionSet1/html/weebly.com_adv.html,0,0,0,92,0,0,11,0,0,0,0,2999,3,0,2,0,0,0,0,0,0,0,0,0,0,0,0,0,0,0,0,0,0,0,0,1,0,0,0
datasets/EvasionSet1/html/weibo.com_adv.html,0,0,0,0,0,0,4,0,0,0,0,19,0,0,0,0,0,0,0,0,0,0,0,0,0,0,0,0,0,0,0,0,0,0,0,0,0,0,0
datasets/EvasionSet1/html/welt.de_adv.html,0,0,43,503,0,0,156,0,0,0,0,37768,14,2,0,0,0,0,0,0,0,0,0,0,0,0,0,0,0,0,1,0,0,0,0,0,0,11,0
datasets/EvasionSet1/html/whitehouse.gov_adv.html,3,7,3,69,0,0,17,1,0,2,0,1677,4,0,0,0,0,0,0,0,0,0,0,0,2,0,0,0,0,0,0,0,0,0,0,2,0,0,0
datasets/EvasionSet1/html/who.int_adv.html,0,18,0,241,0,0,41,1,0,0,0,4479,4,0,0,0,0,0,0,0,0,0,0,0,0,0,0,0,0,0,2,0,0,0,0,1,1,0,0
datasets/EvasionSet1/html/wikimedia.org_adv.html,0,0,0,23,0,0,3,0,0,0,0,1440,2,0,0,0,0,0,0,0,0,0,0,0,0,0,0,0,0,0,0,0,0,0,0,2,0,0,0
datasets/EvasionSet1/html/wikipedia.org_adv.html,1,13,4,375,0,0,6,0,0,0,0,8868,1,0,0,0,0,0,0,0,0,0,0,0,1,0,0,0,0,0,0,0,0,0,0,0,0,0,0
datasets/EvasionSet1/html/wiley.com_adv.html,1,1,1,148,0,0,30,0,0,0,0,9938,5,0,0,0,0,0,0,0,0,0,0,0,0,0,0,0,0,0,0,0,0,0,0,2,3,0,0
datasets/EvasionSet1/html/windows.com_adv.html,1,4,24,145,0,0,16,0,0,0,0,6752,14,0,0,2,0,1,0,0,0,0,0,0,0,0,0,0,1,6,0,0,0,0,0,4,0,0,0
datasets/EvasionSet1/html/windows.net_adv.html,1,1,29,130,0,0,20,0,0,0,0,6831,4,0,0,1,0,0,0,0,0,0,0,0,0,0,0,0,0,1,0,0,0,0,0,1,0,0,1
datasets/EvasionSet1/html/wired.com_adv.html,0,0,1,177,0,0,30,1,0,0,0,8286,8,0,0,0,0,0,0,0,0,0,0,0,0,0,0,0,0,0,4,0,0,0,0,1,3,0,0
datasets/EvasionSet1/html/withgoogle.com_adv.html,1,8,0,15,0,0,15,0,0,0,0,340,1,1,0,0,0,0,0,0,0,0,0,0,0,0,0,0,0,0,0,0,0,0,0,0,0,0,0
datasets/EvasionSet1/html/wix.com_adv.html,0,2,56,251,0,0,65,0,0,1,0,18864,17,0,0,0,0,0,0,1,0,0,0,0,0,0,0,0,0,0,6,0,0,5,0,4,1,0,0
datasets/EvasionSet1/html/wixsite.com_adv.html,0,2,41,168,0,0,64,0,0,1,0,16810,13,0,0,0,0,0,0,0,0,0,1,0,0,0,0,0,0,4,0,0,0,5,1,2,0,0,0
datasets/EvasionSet1/html/wordpress.org_adv.html,1,1,9,76,0,0,18,1,0,0,0,3339,9,0,0,0,0,0,1,0,0,0,0,0,0,0,0,0,0,0,0,0,0,0,0,0,8,0,0
datasets/EvasionSet1/html/workers.dev_adv.html,0,0,36,34,0,0,11,0,0,0,0,7617,6,1,0,0,0,0,0,0,0,0,0,0,3,0,0,0,0,0,0,0,0,0,0,2,0,0,0
datasets/EvasionSet1/html/worldbank.org_adv.html,0,0,0,53,0,0,3,0,0,0,0,10479,50,0,0,0,0,0,0,0,0,0,0,0,5,0,0,0,0,0,0,0,0,0,0,7,0,38,0
datasets/EvasionSet1/html/wp.pl_adv.html,1,3,11,474,0,0,28,0,0,0,0,17464,3,0,0,0,0,0,0,0,0,0,0,0,0,0,0,0,0,0,0,0,0,0,0,0,0,3,0
datasets/EvasionSet1/html/wps.com_adv.html,0,0,0,25,0,0,14,0,0,0,0,8893,6,0,0,1,0,0,0,0,0,0,0,0,0,0,0,0,0,1,2,0,0,0,2,0,0,0,0
datasets/EvasionSet1/html/www.163.com_adv.html,0,0,0,688,0,0,22,2,0,0,0,9004,0,0,0,0,0,0,0,0,0,0,0,0,0,0,0,0,0,0,0,0,0,0,0,0,0,0,0
datasets/EvasionSet1/html/www.adobe.io_adv.html,0,0,4,56,0,0,29,0,0,0,0,1835,0,0,0,0,0,0,0,0,0,0,0,0,0,0,0,0,0,0,0,0,0,0,0,0,0,0,0
datasets/EvasionSet1/html/www.adriver.ru_adv.html,1,2,3,30,0,0,28,0,0,0,0,953,0,0,0,0,0,0,0,0,0,0,0,0,0,0,0,0,0,0,0,0,0,0,0,0,0,0,0
datasets/EvasionSet1/html/www.aliexpress.com_adv.html,0,0,0,0,0,0,2,0,0,0,0,0,0,0,0,0,0,0,0,0,0,0,0,0,0,0,0,0,0,0,0,0,0,0,0,0,0,0,0
datasets/EvasionSet1/html/www.amazon.com_adv.html,1,3,1,2,0,0,5,0,0,0,0,153,1,0,0,0,0,0,0,0,0,0,0,0,0,0,0,0,0,0,0,0,0,1,0,0,0,0,0
datasets/EvasionSet1/html/www.amazonvideo.com_adv.html,69,137,76,45,0,0,54,0,0,0,0,2246,2,0,0,0,0,0,0,0,0,0,0,0,0,0,0,0,0,0,0,0,0,0,0,0,2,0,0
datasets/EvasionSet1/html/www.americanas.com.br_adv.html,0,0,0,0,0,0,24,0,0,0,0,62,0,0,0,0,0,0,0,0,0,0,0,0,0,0,0,0,0,0,0,0,0,0,0,0,0,0,0
datasets/EvasionSet1/html/www.android.com_adv.html,4,88,48,83,0,0,15,1,0,0,0,9093,9,0,0,0,0,0,0,0,0,0,0,0,0,5,0,0,0,0,0,0,0,0,0,4,0,0,0
datasets/EvasionSet1/html/www.apache.org_adv.html,0,0,1,165,0,0,15,0,0,0,0,4812,2,0,0,0,0,0,0,0,0,0,0,0,0,0,0,0,0,0,0,0,0,0,0,2,0,0,0
datasets/EvasionSet1/html/www.apple.com_adv.html,1,5,18,120,0,0,17,0,0,0,0,4614,9,0,0,0,0,0,0,0,0,0,0,0,0,0,0,0,0,0,0,0,0,0,0,1,5,3,0
datasets/EvasionSet1/html/www.applovin.com_adv.html,0,0,0,17,0,0,23,0,0,0,0,233,0,0,0,0,0,0,0,0,0,0,0,0,0,0,0,0,0,0,0,0,0,0,0,0,0,0,0
datasets/EvasionSet1/html/www.archive.org_adv.html,0,0,0,0,0,0,4,0,0,0,0,145,0,0,0,0,0,0,0,0,0,0,0,0,0,0,0,0,0,0,0,0,0,0,0,0,0,0,0
datasets/EvasionSet1/html/www.azure.com_adv.html,2,2,93,365,0,0,67,0,0,0,0,17112,20,0,0,0,0,0,0,0,0,0,0,0,0,0,0,0,0,0,6,0,0,0,0,12,2,0,0
datasets/EvasionSet1/html/www.b3.com.br_adv.html,0,0,0,0,0,0,3,0,0,0,0,0,0,0,0,0,0,0,0,0,0,0,0,0,0,0,0,0,0,0,0,0,0,0,0,0,0,0,0
datasets/EvasionSet1/html/www.baidu.com_adv.html,1,15,1,61,0,0,34,0,0,0,0,254002,275,4,0,0,0,0,0,1,0,0,0,0,12,0,0,0,0,0,0,0,0,1,0,257,0,0,0
datasets/EvasionSet1/html/www.bbc.com_adv.html,0,1,23,193,0,0,25,0,0,0,0,10929,7,0,0,0,0,0,0,0,0,0,0,0,2,0,0,2,0,0,0,0,0,0,0,3,0,0,0
datasets/EvasionSet1/html/www.bing.com_adv.html,0,0,0,4,0,0,47,0,0,0,0,40,1,0,0,1,0,0,0,0,0,0,0,0,0,0,0,0,0,0,0,0,0,0,0,0,0,0,0
datasets/EvasionSet1/html/www.bit.ly_adv.html,4,19,5,196,0,0,25,0,0,0,0,10249,18,0,2,0,0,0,0,0,0,0,0,0,1,1,0,0,0,0,2,0,0,8,0,2,1,1,0
datasets/EvasionSet1/html/www.blogspot.com_adv.html,0,0,0,16,0,0,3,0,0,0,0,2996,1,0,0,0,0,0,0,0,0,0,0,0,0,0,0,0,0,0,0,0,0,1,0,0,0,0,0
datasets/EvasionSet1/html/www.claro.com.br_adv.html,1,1,46,303,0,0,56,1,0,0,0,9026,10,0,0,0,0,2,0,1,0,1,0,0,0,0,0,0,0,6,0,0,0,0,0,0,0,0,0
datasets/EvasionSet1/html/www.cloud.microsoft_adv.html,0,0,31,197,0,0,19,0,0,0,0,11932,19,2,0,0,0,0,0,0,0,0,0,0,0,0,0,0,0,0,5,0,0,2,0,4,6,0,0
datasets/EvasionSet1/html/www.cloudflare.com_adv.html,0,0,19,283,0,0,32,0,0,0,0,13260,32,0,1,0,0,0,0,0,0,0,0,0,0,0,0,0,0,0,19,0,0,0,0,6,5,1,0
datasets/EvasionSet1/html/www.cnn.com_adv.html,3,19,22,442,0,0,14,0,0,0,0,10751,14,0,0,0,0,0,0,0,0,0,0,0,2,0,0,0,0,0,0,0,0,0,0,0,12,0,0
datasets/EvasionSet1/html/www.cnnbrasil.com.br_adv.html,2,17,11,441,0,0,47,0,0,1,0,14638,9,0,0,0,0,0,0,2,0,0,0,0,0,1,1,0,2,1,0,0,0,0,0,0,0,0,2
datasets/EvasionSet1/html/www.coursera.org_adv.html,1,2,22,119,0,0,15,0,0,0,0,5039,5,0,1,0,0,0,0,0,0,0,0,0,0,0,0,0,0,0,3,0,0,0,0,1,0,0,0
datasets/EvasionSet1/html/www.criteo.com_adv.html,2,3,12,228,0,0,34,1,0,0,0,17254,15,0,0,0,0,0,0,0,0,0,0,0,1,0,0,0,0,0,3,0,0,0,0,9,2,0,0
datasets/EvasionSet1/html/www.digicert.com_adv.html,1,1,3,283,0,0,45,1,0,0,0,11773,18,0,0,0,0,0,0,0,0,0,0,0,0,0,0,0,0,0,11,0,0,0,0,6,1,0,0
datasets/EvasionSet1/html/www.discord.gg_adv.html,0,0,0,123,0,0,30,0,0,0,0,3640,3,0,3,0,0,0,0,0,0,0,0,0,0,0,0,0,0,0,0,0,0,0,0,0,0,0,0
datasets/EvasionSet1/html/www.doubleclick.net_adv.html,0,0,16,85,0,0,11,1,0,0,0,7208,0,0,0,0,0,0,0,0,0,0,0,0,0,0,0,0,0,0,0,0,0,0,0,0,0,0,0
datasets/EvasionSet1/html/www.doubleverify.com_adv.html,7,73,17,156,0,0,42,1,0,7,0,18327,14,0,0,0,0,0,0,0,0,0,0,0,0,0,0,10,0,0,0,0,0,0,0,3,1,0,0
datasets/EvasionSet1/html/www.dropbox.com_adv.html,0,0,10,126,0,0,25,0,0,0,0,3644,7,0,1,0,0,0,0,0,0,0,0,0,1,0,0,0,0,0,2,0,0,0,0,3,0,0,0
datasets/EvasionSet1/html/www.dzen.ru_adv.html,0,0,0,0,0,0,2,0,0,0,0,0,0,0,0,0,0,0,0,0,0,0,0,0,0,0,0,0,0,0,0,0,0,0,0,0,0,0,0
datasets/EvasionSet1/html/www.europa.eu_adv.html,0,0,0,28,0,0,11,0,0,0,0,392,0,0,0,0,0,0,0,0,0,0,0,0,0,0,0,0,0,0,0,0,0,0,0,0,0,0,0
datasets/EvasionSet1/html/www.facebook.com_adv.html,1,7,1,42,0,0,20,0,1,0,0,744,5,0,0,2,0,1,0,0,0,0,0,0,0,0,0,0,0,0,0,0,0,0,0,2,0,0,0
datasets/EvasionSet1/html/www.fastly.net_adv.html,0,0,29,74,0,0,17,1,0,0,0,7095,8,0,1,0,0,0,0,0,0,0,0,0,1,0,0,0,0,0,4,0,0,0,0,1,1,0,0
datasets/EvasionSet1/html/www.fbcdn.net_adv.html,1,7,1,42,0,0,20,0,1,0,0,744,5,0,0,2,0,1,0,0,0,0,0,0,0,0,0,0,0,0,0,0,0,0,0,2,0,0,0
datasets/EvasionSet1/html/www.flickr.com_adv.html,4,11,0,62,0,0,14,1,0,1,0,2789,4,1,1,0,0,0,0,0,0,0,0,0,0,0,0,0,0,0,0,0,0,1,0,0,1,0,0
datasets/EvasionSet1/html/www.gandi.net_adv.html,2,2,10,148,0,0,9,0,0,1,0,15473,28,0,2,0,0,0,0,0,0,0,0,0,1,2,0,0,0,0,4,0,0,2,0,12,5,0,0
datasets/EvasionSet1/html/www.github.com_adv.html,5,13,47,144,0,0,65,0,0,2,0,8177,19,0,1,0,0,0,0,0,0,0,0,0,3,1,0,0,0,0,11,0,0,0,0,2,1,0,0
datasets/EvasionSet1/html/www.github.io_adv.html,0,0,0,37,0,0,5,0,0,0,0,3976,11,0,0,0,0,0,0,0,0,0,0,0,0,0,0,0,0,0,1,0,0,8,0,1,1,0,0
datasets/EvasionSet1/html/www.globo.com_adv.html,1,0,4,374,0,0,37,1,0,0,0,7855,6,0,0,0,0,0,0,1,0,0,0,0,0,2,0,0,0,1,0,0,0,0,0,2,0,0,0
datasets/EvasionSet1/html/www.google-analytics.com_adv.html,0,0,13,71,0,0,11,1,0,0,0,4947,0,0,0,0,0,0,0,0,0,0,0,0,0,0,0,0,0,0,0,0,0,0,0,0,0,0,0
datasets/EvasionSet1/html/www.google.com_adv.html,1,9,0,29,0,0,14,0,0,0,0,326,2,1,0,0,0,0,0,0,0,0,0,0,0,0,0,0,0,0,0,0,0,0,0,0,1,0,0
datasets/EvasionSet1/html/www.googledomains.com_adv.html,0,0,0,6,0,0,1,0,0,0,0,598,3,0,0,0,0,0,0,0,0,0,0,0,0,0,0,0,0,0,0,0,0,0,0,2,1,0,0
datasets/EvasionSet1/html/www.gov.br_adv.html,0,0,3,699,0,0,42,1,0,0,0,19545,24,0,0,0,0,0,0,0,0,12,3,1,0,0,0,0,0,1,0,0,0,0,0,4,0,0,3
datasets/EvasionSet1/html/www.gov.uk_adv.html,3,4,13,106,0,0,9,0,0,0,0,5386,6,0,0,0,0,0,0,0,0,0,0,0,0,0,0,0,0,0,0,0,0,0,0,1,5,0,0
datasets/EvasionSet1/html/www.gravatar.com_adv.html,0,2,3,39,0,0,11,0,0,0,0,4133,8,0,3,0,0,0,0,0,0,0,0,0,4,0,0,0,0,0,0,0,0,0,0,0,1,0,0
datasets/EvasionSet1/html/www.hef.co.ke_adv.html,0,0,1,28,0,0,27,0,0,0,0,4509,7,0,0,0,0,0,0,0,0,0,0,0,0,0,0,0,0,0,0,0,0,1,0,4,1,1,0
datasets/EvasionSet1/html/www.ibm.com_adv.html,0,7,0,35,0,0,61,1,0,0,0,3163,3,0,0,0,0,0,0,0,0,0,0,0,0,0,0,0,0,0,3,0,0,0,0,0,0,0,0
datasets/EvasionSet1/html/www.icloud.com_adv.html,0,0,0,0,0,0,9,0,0,0,0,9,0,0,0,0,0,0,0,0,0,0,0,0,0,0,0,0,0,0,0,0,0,0,0,0,0,0,0
datasets/EvasionSet1/html/www.ifood.com.br_adv.html,1,1,6,33,0,0,26,1,0,0,0,1303,6,0,0,1,0,0,0,0,0,0,0,0,0,0,0,0,0,2,0,0,0,0,0,3,0,0,0
datasets/EvasionSet1/html/www.instagram.com_adv.html,0,0,0,0,0,0,78,0,0,0,0,9,0,0,0,0,0,0,0,0,0,0,0,0,0,0,0,0,0,0,0,0,0,0,0,0,0,0,0
datasets/EvasionSet1/html/www.inter.co_adv.html,0,0,5,42,0,0,37,1,0,0,0,2421,14,0,0,0,0,2,0,0,1,0,0,0,0,0,0,0,0,0,0,0,0,0,0,9,0,0,2
datasets/EvasionSet1/html/www.kabum.com.br_adv.html,2,2,84,56,0,0,18,1,0,0,0,3318,3,0,0,0,0,0,0,1,0,0,0,0,0,0,0,0,0,0,0,0,0,1,0,1,0,0,0
datasets/EvasionSet1/html/www.kaspersky.com_adv.html,0,0,22,211,0,0,57,1,0,0,0,13165,11,0,0,0,1,0,2,0,0,0,0,0,0,1,0,0,0,0,5,0,0,0,0,2,0,0,0
datasets/EvasionSet1/html/www.khanacademy.org_adv.html,0,0,0,0,0,0,9,0,0,0,0,12,0,0,0,0,0,0,0,0,0,0,0,0,0,0,0,0,0,0,0,0,0,0,0,0,0,0,0
datasets/EvasionSet1/html/www.linkedin.com_adv.html,1,2,42,157,0,0,7,0,0,0,0,5138,6,0,1,0,0,0,0,0,0,0,0,0,0,0,0,0,0,0,1,0,0,2,0,0,2,0,0
datasets/EvasionSet1/html/www.live.com_adv.html,0,0,0,0,0,0,5,0,0,0,0,35,0,0,0,0,0,0,0,0,0,0,0,0,0,0,0,0,0,0,0,0,0,0,0,0,0,0,0
datasets/EvasionSet1/html/www.magazineluiza.com.br_adv.html,1,1,9,200,0,0,87,1,0,0,0,5231,6,0,0,0,0,0,0,0,0,0,4,0,0,0,0,0,0,2,0,0,0,0,0,0,0,0,0
datasets/EvasionSet1/html/www.mail.ru_adv.html,0,0,0,0,0,0,3,0,0,0,0,0,0,0,0,0,0,0,0,0,0,0,0,0,0,0,0,0,0,0,0,0,0,0,0,0,0,0,0
datasets/EvasionSet1/html/www.medium.com_adv.html,0,0,3,21,0,0,19,0,0,0,0,299,0,0,0,0,0,0,0,0,0,0,0,0,0,0,0,0,0,0,0,0,0,0,0,0,0,0,0
datasets/EvasionSet1/html/www.mercadolivre.com.br_adv.html,1,1,30,268,0,0,14,0,0,0,0,11300,23,0,0,1,0,0,0,1,1,0,2,0,0,0,0,0,0,3,0,0,0,0,0,15,0,0,0
datasets/EvasionSet1/html/www.miit.gov.cn_adv.html,0,2,0,182,0,0,21,0,0,0,0,4890,0,0,0,0,0,0,0,0,0,0,0,0,0,0,0,0,0,0,0,0,0,0,0,0,0,0,0
datasets/EvasionSet1/html/www.miui.com_adv.html,0,0,0,26,0,0,13,0,0,0,0,16508,0,0,0,0,0,0,0,0,0,0,0,0,0,0,0,0,0,0,0,0,0,0,0,0,0,0,0
datasets/EvasionSet1/html/www.mozilla.org_adv.html,0,0,5,130,0,0,10,0,0,0,0,2432,2,0,0,0,0,0,0,0,0,0,0,0,0,0,0,0,0,0,1,0,0,0,0,1,0,0,0
datasets/EvasionSet1/html/www.msn.com_adv.html,0,0,0,0,0,0,12,0,0,0,0,3,0,0,0,0,0,0,0,0,0,0,0,0,0,0,0,0,0,0,0,0,0,0,0,0,0,0,0
datasets/EvasionSet1/html/www.netflix.com_adv.html,0,2,20,21,0,0,10,0,0,2,0,3705,7,0,0,0,0,0,0,0,0,0,0,0,0,0,0,0,0,0,1,0,0,1,0,1,4,0,0
datasets/EvasionSet1/html/www.nginx.com_adv.html,0,1,9,252,0,0,22,0,0,0,0,8763,35,1,0,0,0,0,0,0,0,0,0,0,1,0,0,0,0,0,18,0,0,0,0,14,0,1,0
datasets/EvasionSet1/html/www.nginx.org_adv.html,0,1,0,55,0,0,1,0,0,0,0,1713,1,0,0,0,0,0,0,0,0,0,0,0,0,0,0,0,0,0,1,0,0,0,0,0,0,0,0
datasets/EvasionSet1/html/www.nic.ru_adv.html,0,0,0,0,0,0,2,0,0,0,0,0,0,0,0,0,0,0,0,0,0,0,0,0,0,0,0,0,0,0,0,0,0,0,0,0,0,0,0
datasets/EvasionSet1/html/www.nih.gov_adv.html,1,3,10,103,0,0,11,1,0,0,0,4079,4,0,0,0,0,0,0,0,0,0,0,0,1,0,0,0,0,0,0,0,0,0,0,3,0,0,0
datasets/EvasionSet1/html/www.nist.gov_adv.html,1,1,9,157,0,0,12,2,0,0,0,5653,11,0,0,0,0,0,0,0,0,0,0,0,2,0,0,0,0,0,5,0,0,0,0,4,0,0,0
datasets/EvasionSet1/html/www.ntp.org_adv.html,0,0,7,17,0,0,6,0,0,0,0,1343,0,0,0,0,0,0,0,0,0,0,0,0,0,0,0,0,0,0,0,0,0,0,0,0,0,0,0
datasets/EvasionSet1/html/www.nubank.com.br_adv.html,2,2,14,58,0,0,82,0,0,0,2,2489,38,1,0,0,0,0,0,0,1,2,16,0,0,0,0,0,0,3,0,0,0,0,0,2,0,13,0
datasets/EvasionSet1/html/www.nytimes.com_adv.html,0,0,34,654,0,0,28,1,0,0,0,19759,4,0,0,0,0,0,0,0,0,0,0,0,2,0,0,0,0,0,0,0,0,0,0,1,0,1,0
datasets/EvasionSet1/html/www.office.com_adv.html,0,0,32,191,0,0,20,0,0,0,0,14736,26,3,0,0,0,0,0,0,0,0,0,0,1,0,0,0,0,0,4,0,0,2,0,4,12,0,0
datasets/EvasionSet1/html/www.opera.com_adv.html,1,7,0,80,0,0,8,1,0,0,0,3594,8,0,0,0,0,0,0,0,0,0,0,0,1,0,0,0,0,0,5,0,0,0,0,1,1,0,0
datasets/EvasionSet1/html/www.outlook.com_adv.html,0,0,0,0,0,0,5,0,0,0,0,35,0,0,0,0,0,0,0,0,0,0,0,0,0,0,0,0,0,0,0,0,0,0,0,0,0,0,0
datasets/EvasionSet1/html/www.pagseguro.com.br_adv.html,0,0,2,9,0,0,17,1,0,0,0,462,3,0,0,0,0,0,0,0,0,0,0,0,0,0,0,0,0,0,0,0,0,0,0,0,0,1,2
datasets/EvasionSet1/html/www.paypal.com_adv.html,0,0,11,82,0,0,24,0,0,0,0,3465,19,0,0,2,0,0,0,0,0,0,0,0,0,0,0,0,0,6,0,0,0,0,2,9,0,0,0
datasets/EvasionSet1/html/www.picpay.com_adv.html,1,1,2,76,0,0,22,1,0,0,1,3897,18,0,0,0,0,0,0,2,0,0,0,0,0,0,0,0,0,0,1,0,0,0,0,12,0,0,3
datasets/EvasionSet1/html/www.pinterest.com_adv.html,0,0,0,1,0,0,69,0,0,0,0,70,0,0,0,0,0,0,0,0,0,0,0,0,0,0,0,0,0,0,0,0,0,0,0,0,0,0,0
datasets/EvasionSet1/html/www.pki.goog_adv.html,0,0,1,24,0,0,8,1,0,0,0,2098,14,0,1,0,0,0,0,0,0,0,0,0,1,1,0,0,0,0,8,0,0,0,0,2,1,0,0
datasets/EvasionSet1/html/www.python.org_adv.html,1,1,1,208,0,0,14,0,0,0,0,6560,2,0,0,0,0,0,0,0,0,0,0,0,0,0,0,0,0,0,1,0,0,0,0,1,0,0,0
datasets/EvasionSet1/html/www.qq.com_adv.html,0,1,1,127,0,0,14,2,0,0,0,1262,0,0,0,0,0,0,0,0,0,0,0,0,0,0,0,0,0,0,0,0,0,0,0,0,0,0,0
datasets/EvasionSet1/html/www.reddit.com_adv.html,1,1,6,94,0,0,51,0,0,0,0,3278,2,0,2,0,0,0,0,0,0,0,0,0,0,0,0,0,0,0,0,0,0,0,0,0,0,0,0
datasets/EvasionSet1/html/www.reg.ru_adv.html,0,0,0,0,0,0,2,0,0,0,0,0,0,0,0,0,0,0,0,0,0,0,0,0,0,0,0,0,0,0,0,0,0,0,0,0,0,0,0
datasets/EvasionSet1/html/www.roblox.com_adv.html,0,0,0,0,0,0,118,0,0,0,0,6,0,0,0,0,0,0,0,0,0,0,0,0,0,0,0,0,0,0,0,0,0,0,0,0,0,0,0
datasets/EvasionSet1/html/www.rubiconproject.com_adv.html,2,5,27,118,0,0,14,1,0,1,0,5762,5,3,0,0,0,0,0,0,0,0,0,0,0,0,0,0,0,0,0,0,0,1,0,1,0,0,0
datasets/EvasionSet1/html/www.samsung.com_adv.html,7,105,61,271,0,0,26,1,0,0,0,7638,17,2,0,4,0,0,0,1,0,0,2,0,0,0,0,0,1,2,0,0,0,0,0,2,3,0,0
datasets/EvasionSet1/html/www.santander.com.br_adv.html,0,253,0,120,0,0,38,1,0,0,0,4114,19,0,0,0,0,0,0,0,1,0,4,0,0,0,0,0,0,4,0,0,0,0,0,8,0,1,1
datasets/EvasionSet1/html/www.sentry.io_adv.html,1,4,35,135,0,0,54,0,0,1,0,11562,18,2,0,0,0,0,0,0,0,0,0,0,3,0,0,0,0,0,3,0,0,4,0,4,2,0,0
datasets/EvasionSet1/html/www.shopify.com_adv.html,0,0,9,315,0,0,4,0,0,0,0,10084,3,0,1,0,0,0,0,0,0,0,0,0,2,0,0,0,0,0,0,0,0,0,0,0,0,0,0
datasets/EvasionSet1/html/www.skype.com_adv.html,1,2,12,8,0,0,9,0,0,0,0,1207,1,0,0,0,0,0,0,0,0,0,0,0,0,0,0,0,0,0,0,0,0,0,0,0,1,0,0
datasets/EvasionSet1/html/www.snapchat.com_adv.html,0,1,2,44,0,0,11,0,0,0,0,1242,4,0,0,0,0,0,0,3,0,0,0,0,0,0,0,0,0,0,0,0,0,0,0,0,1,0,0
datasets/EvasionSet1/html/www.soundcloud.com_adv.html,0,0,0,9,0,0,22,0,0,0,0,425,0,0,0,0,0,0,0,0,0,0,0,0,0,0,0,0,0,0,0,0,0,0,0,0,0,0,0
datasets/EvasionSet1/html/www.t.me_adv.html,0,0,0,61,0,0,4,0,0,0,0,1940,3,0,0,0,0,0,0,0,0,0,0,0,2,0,0,0,0,0,1,0,0,0,0,0,0,0,0
datasets/EvasionSet1/html/www.taboola.com_adv.html,0,3,4,138,0,0,12,1,0,0,0,5389,7,2,0,0,0,0,0,0,0,0,0,0,1,0,0,0,0,0,0,0,0,0,0,2,2,0,0
datasets/EvasionSet1/html/www.telekom.de_adv.html,0,0,81,402,0,0,19,0,0,0,0,11071,3,3,0,0,0,0,0,0,0,0,0,0,0,0,0,0,0,0,0,0,0,0,0,0,0,0,0
datasets/EvasionSet1/html/www.theguardian.com_adv.html,2,11,36,341,0,0,21,0,0,0,0,19353,3,0,0,0,0,0,0,0,0,0,0,0,0,0,0,0,0,0,1,0,0,1,0,1,0,0,0
datasets/EvasionSet1/html/www.tiktok.com_adv.html,0,0,0,5,0,0,24,0,0,0,0,937,5,0,2,0,0,0,0,0,0,0,0,0,0,1,0,0,0,0,0,0,0,0,0,0,2,0,0
datasets/EvasionSet1/html/www.tiktokv.com_adv.html,0,0,0,5,0,0,24,0,0,0,0,937,5,0,2,0,0,0,0,0,0,0,0,0,0,1,0,0,0,0,0,0,0,0,0,0,2,0,0
datasets/EvasionSet1/html/www.tumblr.com_adv.html,1,1,7,15,0,0,7,0,0,0,0,304,1,0,1,0,0,0,0,0,0,0,0,0,0,0,0,0,0,0,0,0,0,0,0,0,0,0,0
datasets/EvasionSet1/html/www.twitter.com_adv.html,1,1,1,6,0,0,12,0,0,0,0,493,0,0,0,0,0,0,0,0,0,0,0,0,0,0,0,0,0,0,0,0,0,0,0,0,0,0,0
datasets/EvasionSet1/html/www.ui.com_adv.html,0,0,0,0,0,0,11,0,0,0,0,79,0,0,0,0,0,0,0,0,0,0,0,0,0,0,0,0,0,0,0,0,0,0,0,0,0,0,0
datasets/EvasionSet1/html/www.unity3d.com_adv.html,0,1,1,74,0,0,77,0,0,0,0,3945,2,0,0,0,0,0,0,0,0,0,0,0,0,0,0,0,0,0,1,0,0,0,0,1,0,0,0
datasets/EvasionSet1/html/www.uol.com.br_adv.html,1,2,6,576,0,0,43,0,0,0,0,17756,15,0,0,1,0,0,0,2,0,0,1,0,0,1,0,0,0,4,0,0,0,0,0,2,0,3,1
datasets/EvasionSet1/html/www.vimeo.com_adv.html,0,0,86,326,0,0,112,0,0,0,0,11971,22,2,2,0,0,0,1,0,0,0,0,0,0,0,0,0,0,0,8,0,0,1,0,7,1,0,0
datasets/EvasionSet1/html/www.vk.com_adv.html,0,0,2,1,0,0,21,0,0,0,0,177,0,0,0,0,0,0,0,0,0,0,0,0,0,0,0,0,0,0,0,0,0,0,0,0,0,0,0
datasets/EvasionSet1/html/www.vungle.com_adv.html,1,6,27,202,0,0,53,0,0,0,0,7688,6,1,3,0,0,0,0,0,0,0,0,0,0,0,0,0,0,0,0,0,0,0,0,2,0,0,0
datasets/EvasionSet1/html/www.w3.org_adv.html,0,0,2,101,0,0,5,0,0,0,0,5535,4,0,0,0,0,0,0,0,0,0,0,0,0,0,0,0,0,0,1,0,0,0,0,2,1,0,0
datasets/EvasionSet1/html/www.w3schools.com_adv.html,1,11,3,756,0,0,21,2,0,0,0,13757,17,0,2,0,0,0,0,0,0,0,0,0,0,0,0,0,0,0,6,0,0,2,0,5,2,0,0
datasets/EvasionSet1/html/www.whatsapp.com_adv.html,0,0,4,79,0,0,19,0,0,0,0,4360,9,0,2,0,0,0,0,0,0,0,0,0,1,0,0,0,0,0,4,0,0,0,0,2,0,0,0
datasets/EvasionSet1/html/www.wikipedia.org_adv.html,1,3,2,372,0,0,6,0,0,0,0,7135,0,0,0,0,0,0,0,0,0,0,0,0,0,0,0,0,0,0,0,0,0,0,0,0,0,0,0
datasets/EvasionSet1/html/www.wordpress.com_adv.html,1,2,6,156,0,0,25,0,0,0,0,4965,5,0,2,0,0,0,0,0,0,0,0,0,0,0,0,0,0,0,2,0,0,0,0,1,0,0,0
datasets/EvasionSet1/html/www.wordpress.org_adv.html,1,1,9,77,0,0,17,1,0,0,0,3450,9,0,0,0,0,0,1,0,0,0,0,0,0,0,0,0,0,0,0,0,0,0,0,0,8,0,0
datasets/EvasionSet1/html/www.x.com_adv.html,1,1,1,6,0,0,12,0,0,0,0,493,0,0,0,0,0,0,0,0,0,0,0,0,0,0,0,0,0,0,0,0,0,0,0,0,0,0,0
datasets/EvasionSet1/html/www.xiaomi.com_adv.html,0,2,12,78,0,0,39,2,0,1,0,7246,1,1,0,0,0,0,0,0,0,0,0,0,0,0,0,0,0,0,0,0,0,0,0,0,0,0,0
datasets/EvasionSet1/html/www.yahoo.com_adv.html,1,4,1,25,0,0,11,0,0,0,0,330,0,0,0,0,0,0,0,0,0,0,0,0,0,0,0,0,0,0,0,0,0,0,0,0,0,0,0
datasets/EvasionSet1/html/www.yandex.net_adv.html,1,6,1,5,0,0,8,0,0,0,0,788,0,0,0,0,0,0,0,0,0,0,0,0,0,0,0,0,0,0,0,0,0,0,0,0,0,0,0
datasets/EvasionSet1/html/www.yandex.ru_adv.html,0,0,0,0,0,0,2,0,0,0,0,0,0,0,0,0,0,0,0,0,0,0,0,0,0,0,0,0,0,0,0,0,0,0,0,0,0,0,0
datasets/EvasionSet1/html/www.youtube.com_adv.html,0,1,0,14,0,0,43,1,0,0,0,214,2,0,0,0,0,0,0,0,0,0,0,0,0,0,0,0,0,1,0,0,0,0,0,1,0,0,0
datasets/EvasionSet1/html/www.zoom.us_adv.html,0,9,45,377,0,0,18,0,0,0,0,24931,35,0,0,0,0,0,0,0,0,0,0,0,4,0,0,0,0,0,7,0,0,1,0,20,3,0,0
datasets/EvasionSet1/html/wyzecam.com_adv.html,3,6,12,142,0,0,70,0,0,1,0,8044,29,0,3,0,0,0,0,0,0,0,0,0,0,0,0,0,0,0,21,0,0,0,0,2,2,1,0
datasets/EvasionSet1/html/x.com_adv.html,1,1,1,6,0,0,12,0,0,0,0,534,0,0,0,0,0,0,0,0,0,0,0,0,0,0,0,0,0,0,0,0,0,0,0,0,0,0,0
datasets/EvasionSet1/html/xbox.com_adv.html,1,1,29,163,0,0,28,1,0,0,0,3188,8,0,0,1,0,0,0,0,0,0,0,0,0,0,0,0,0,3,0,0,0,0,0,3,1,0,0
datasets/EvasionSet1/html/xboxlive.com_adv.html,1,1,29,146,0,0,27,1,0,0,0,4901,15,0,0,2,1,0,0,0,0,0,0,0,0,0,0,0,0,3,0,0,0,0,0,9,0,0,0
datasets/EvasionSet1/html/xerox.com_adv.html,1,2,6,213,0,0,37,2,0,0,0,7809,24,0,2,0,0,0,0,0,0,0,0,0,0,0,0,0,0,0,9,0,0,0,0,10,3,0,0
datasets/EvasionSet1/html/xhamster.com_adv.html,2,5,5,391,0,0,20,1,1,0,0,7465,2,0,0,0,0,0,0,0,0,0,0,0,0,0,0,0,0,0,0,0,0,0,1,1,0,0,0
datasets/EvasionSet1/html/xiaohongshu.com_adv.html,0,0,0,0,0,0,10,0,0,0,0,9,0,0,0,0,0,0,0,0,0,0,0,0,0,0,0,0,0,0,0,0,0,0,0,0,0,0,0
datasets/EvasionSet1/html/xiaomi.com_adv.html,0,2,12,78,0,0,39,2,0,1,0,7246,1,1,0,0,0,0,0,0,0,0,0,0,0,0,0,0,0,0,0,0,0,0,0,0,0,0,0
datasets/EvasionSet1/html/xiaomi.net_adv.html,0,2,12,78,0,0,39,2,0,1,0,7246,1,1,0,0,0,0,0,0,0,0,0,0,0,0,0,0,0,0,0,0,0,0,0,0,0,0,0
datasets/EvasionSet1/html/xnxx.com_adv.html,1,1,2,52,0,0,12,0,0,0,0,1655,4,0,0,0,0,0,0,0,0,0,0,1,0,0,0,0,0,0,0,0,0,0,1,2,0,0,0
datasets/EvasionSet1/html/xvideos.com_adv.html,2,2,9,265,0,0,58,0,0,0,0,8681,3,1,0,0,0,0,0,0,0,0,0,1,0,0,0,0,0,0,0,0,0,0,0,1,0,0,0
datasets/EvasionSet1/html/ya.ru_adv.html,1,5,6,9,0,0,49,0,0,0,0,326,0,0,0,0,0,0,0,0,0,0,0,0,0,0,0,0,0,0,0,0,0,0,0,0,0,0,0
datasets/EvasionSet1/html/yahoo.co.jp_adv.html,1,5,2,138,0,0,20,1,0,0,0,1740,0,0,0,0,0,0,0,0,0,0,0,0,0,0,0,0,0,0,0,0,0,0,0,0,0,0,0
datasets/EvasionSet1/html/yahoo.com_adv.html,1,5,3,25,0,0,11,0,0,0,0,439,0,0,0,0,0,0,0,0,0,0,0,0,0,0,0,0,0,0,0,0,0,0,0,0,0,0,0
datasets/EvasionSet1/html/yandex.com_adv.html,1,5,3,9,0,0,34,0,0,0,0,272,0,0,0,0,0,0,0,0,0,0,0,0,0,0,0,0,0,0,0,0,0,0,0,0,0,0,0
datasets/EvasionSet1/html/yandex.net_adv.html,1,5,6,9,0,0,51,0,0,0,0,304,0,0,0,0,0,0,0,0,0,0,0,0,0,0,0,0,0,0,0,0,0,0,0,0,0,0,0
datasets/EvasionSet1/html/yandex.ru_adv.html,0,0,0,0,0,0,2,0,0,0,0,0,0,0,0,0,0,0,0,0,0,0,0,0,0,0,0,0,0,0,0,0,0,0,0,0,0,0,0
datasets/EvasionSet1/html/yelp.com_adv.html,1,6,15,52,0,0,86,1,0,0,0,1083,1,0,0,0,1,0,0,0,0,0,0,0,0,0,0,0,0,0,0,0,0,0,0,0,0,0,0
datasets/EvasionSet1/html/yieldmo.com_adv.html,0,0,11,88,0,0,37,1,0,0,0,3264,4,0,0,0,0,0,0,0,0,0,0,0,0,0,0,0,0,0,0,0,0,0,0,4,0,0,0
datasets/EvasionSet1/html/yimg.com_adv.html,0,0,0,0,0,0,1,0,0,0,0,0,0,0,0,0,0,0,0,0,0,0,0,0,0,0,0,0,0,0,0,0,0,0,0,0,0,0,0
datasets/EvasionSet1/html/youku.com_adv.html,0,1,0,120,0,0,18,0,0,0,0,1969,0,0,0,0,0,0,0,0,0,0,0,0,0,0,0,0,0,0,0,0,0,0,0,0,0,0,0
datasets/EvasionSet1/html/youtu.be_adv.html,0,1,0,14,0,0,42,1,0,0,0,214,2,0,0,0,0,0,0,0,0,0,0,0,0,0,0,0,0,1,0,0,0,0,0,1,0,0,0
datasets/EvasionSet1/html/youtube.com_adv.html,0,1,0,14,0,0,42,1,0,0,0,214,2,0,0,0,0,0,0,0,0,0,0,0,0,0,0,0,0,1,0,0,0,0,0,1,0,0,0
datasets/EvasionSet1/html/ys7.com_adv.html,1,3,1,328,0,0,13,0,0,0,0,4838,0,0,0,0,0,0,0,0,0,0,0,0,0,0,0,0,0,0,0,0,0,0,0,0,0,0,0
datasets/EvasionSet1/html/zemanta.com_adv.html,0,0,1,7,0,0,38,2,0,0,0,326,0,0,0,0,0,0,0,0,0,0,0,0,0,0,0,0,0,0,0,0,0,0,0,0,0,0,0
datasets/EvasionSet1/html/zendesk.com_adv.html,1,2,22,187,0,0,109,1,0,1,0,8382,13,0,0,2,0,0,0,0,0,0,0,0,0,0,0,0,0,4,0,2,0,0,0,5,0,0,0
datasets/EvasionSet1/html/zoho.com_adv.html,0,0,0,20,0,0,10,0,0,0,0,4586,2,0,0,0,0,0,0,0,0,0,0,0,0,0,0,0,0,0,0,0,0,0,0,2,0,0,0
datasets/EvasionSet1/html/zoom.us_adv.html,0,9,45,377,0,0,18,0,0,0,0,24931,35,0,0,0,0,0,0,0,0,0,0,0,4,0,0,0,0,0,7,0,0,1,0,20,3,0,0
